Nombre,Puntuación,Precio,Estrellas,Llaves,Direccion,ciudad,web,Puntuacion
M. Hotel,8.9,67 €,4 estrellas,0 llaves,Sant Antoni de Portmany,Ibiza,Amimir,
Hostal Mari,8.6,53 €,2 estrellas,0 llaves,Sant Antoni de Portmany,Ibiza,Amimir,
Hotel Moon Dreams Paraiso,8.7,73 €,3 estrellas,0 llaves,Es Canar,Ibiza,Amimir,
Duquesa Playa,8.6,77 €,4 estrellas,0 llaves,Santa Eulària des Riu,Ibiza,Amimir,
San Francisco Apartments,8.1,89 €,0 estrellas,3 llaves,Sant Antoni de Portmany,Ibiza,Amimir,
Royal Plaza,8.3,71 €,4 estrellas,0 llaves,Ibiza Ciudad,Ibiza,Amimir,
Marsol,9.1,143 €,0 estrellas,4 llaves,Santa Eulària des Riu,Ibiza,Amimir,
THB Los Molinos,9.0,88 €,4 estrellas,0 llaves,Ibiza Ciudad,Ibiza,Amimir,
Hotel Florencio,8.6,45 €,2 estrellas,0 llaves,Sant Antoni de Portmany,Ibiza,Amimir,
Hotel Marino,8.7,61 €,2 estrellas,0 llaves,Sant Antoni de Portmany,Ibiza,Amimir,
Hostal Santa Eulalia,7.8,60 €,2 estrellas,0 llaves,Santa Eulària des Riu,Ibiza,Amimir,
Hotel Moon Dreams Paraiso - Adults Recommended,8.4,85 €,3 estrellas,0 llaves,Es Canar,Ibiza,Amimir,
The Standard Ibiza,8.8,159 €,5 estrellas,0 llaves,Ibiza Ciudad,Ibiza,Amimir,
Hostal Sunset,7.5,47 €,0 estrellas,0 llaves,Sant Antoni de Portmany,Ibiza,Amimir,
All Suite Ibiza Aparthotel,8.3,131 €,0 estrellas,0 llaves,Sant Antoni de Portmany,Ibiza,Amimir,
Hotel Puchet Ibiza,7.8,76 €,3 estrellas,0 llaves,Sant Antoni de Portmany,Ibiza,Amimir,
El Hotel Pacha,8.9,113 €,4 estrellas,0 llaves,Ibiza Ciudad,Ibiza,Amimir,
Apartamentos Albertos,7.1,200 €,0 estrellas,0 llaves,Santa Eulària des Riu,Ibiza,Amimir,
Ocean Drive Ibiza,8.0,79 €,4 estrellas,0 llaves,Ibiza Ciudad,Ibiza,Amimir,
Cisne by Nests Hostels,6.2,29 €,0 estrellas,0 llaves,Sant Antoni de Portmany,Ibiza,Amimir,
Hostal Costa Ibiza,7.9,60 €,1 estrellas,0 llaves,Ibiza Ciudad,Ibiza,Amimir,
Ses Figueres,8.6,75 €,3 estrellas,0 llaves,Ibiza Ciudad,Ibiza,Amimir,
Vistabella,9.3,189 €,4 estrellas,0 llaves,Sant Antoni de Portmany,Ibiza,Amimir,
La Bartola Guesthouse,8.4,40 €,0 estrellas,0 llaves,Ibiza Ciudad,Ibiza,Amimir,
PAIISE Hotels,8.2,97 €,3 estrellas,0 llaves,Sant Francesc de s'Estany,Ibiza,Amimir,
Coordenadas Ibiza,7.9,35 €,0 estrellas,0 llaves,Ibiza Ciudad,Ibiza,Amimir,
Dalt Vila House,8.2,343 €,0 estrellas,0 llaves,Ibiza Ciudad,Ibiza,Amimir,
La Torre Ibiza,9.2,53 €,0 estrellas,0 llaves,Sant Antoni de Portmany,Ibiza,Amimir,
Agroturismo Can Pere Sord,8.8,188 €,0 estrellas,0 llaves,Sant Joan de Labritja,Ibiza,Amimir,
Vertice Sevilla,8.2,62 €,4 estrellas,0 llaves,Sevilla,Sevilla,Amimir,
Virgen de los Reyes Affiliated by Senator,8.4,85 €,4 estrellas,0 llaves,Sevilla,Sevilla,Amimir,
Hotel Sevilla Center,9.0,114 €,4 estrellas,0 llaves,Sevilla,Sevilla,Amimir,
abba Sevilla Hotel,8.8,168 €,4 estrellas,0 llaves,Sevilla,Sevilla,Amimir,
Macià Sevilla Kubb,8.6,84 €,4 estrellas,0 llaves,Sevilla,Sevilla,Amimir,
Vértice Sevilla Aljarafe,8.8,51 €,4 estrellas,0 llaves,Bormujos,Sevilla,Amimir,
Hotel YIT Via Sevilla Mairena,7.9,61 €,4 estrellas,0 llaves,Mairena del Aljarafe,Sevilla,Amimir,
Manolo Mayo,8.4,59 €,4 estrellas,0 llaves,Los Palacios y Villafranca,Sevilla,Amimir,
Hotel Abades Benacazon,8.0,52 €,4 estrellas,0 llaves,Benacazón,Sevilla,Amimir,
Hostel One Catedral,7.8,18 €,2 estrellas,0 llaves,Sevilla,Sevilla,Amimir,
Domocenter Apartamentos Turísticos,7.6,37 €,0 estrellas,3 llaves,Bormujos,Sevilla,Amimir,
Apartamentos Vértice Sevilla Aljarafe,8.3,51 €,0 estrellas,3 llaves,Bormujos,Sevilla,Amimir,
Don Paco,8.0,67 €,3 estrellas,0 llaves,Sevilla,Sevilla,Amimir,
Exe Gran Hotel Solúcar,8.1,43 €,4 estrellas,0 llaves,Sanlúcar la Mayor,Sevilla,Amimir,
Exe Sevilla Macarena,8.0,79 €,4 estrellas,0 llaves,Sevilla,Sevilla,Amimir,
Alcazar De La Reina,8.8,61 €,4 estrellas,0 llaves,Carmona,Sevilla,Amimir,
Catalonia Giralda,9.2,108 €,4 estrellas,0 llaves,Sevilla,Sevilla,Amimir,
El Ancla,7.7,30 €,2 estrellas,0 llaves,Alcalá del Río,Sevilla,Amimir,
The Nomad Hostel,8.7,18 €,2 estrellas,0 llaves,Sevilla,Sevilla,Amimir,
Hotel Infanta Leonor,9.0,97 €,4 estrellas,0 llaves,Écija,Sevilla,Amimir,
Ilunion Alcora Sevilla,8.1,67 €,4 estrellas,0 llaves,San Juan de Aznalfarache,Sevilla,Amimir,
Hotel Sol Sanlucar,7.5,49 €,3 estrellas,0 llaves,Sanlúcar la Mayor,Sevilla,Amimir,
Sevilla Kitsch Hostel Art,7.1,20 €,2 estrellas,0 llaves,Sevilla,Sevilla,Amimir,
La Casona de Calderon,7.5,60 €,4 estrellas,0 llaves,Osuna,Sevilla,Amimir,
Las Casas De La Judería Sevilla,8.3,117 €,4 estrellas,0 llaves,Sevilla,Sevilla,Amimir,
Hotel Veracruz,8.9,62 €,3 estrellas,0 llaves,Utrera,Sevilla,Amimir,
Platería,8.2,53 €,2 estrellas,0 llaves,Écija,Sevilla,Amimir,
Apartamentos Turisticos La Terraza,8.3,66 €,0 estrellas,3 llaves,Las Cabezas de San Juan,Sevilla,Amimir,
La Flamenka Hostel,8.2,16 €,2 estrellas,0 llaves,Sevilla,Sevilla,Amimir,
Catalonia Santa Justa,9.0,77 €,4 estrellas,0 llaves,Sevilla,Sevilla,Amimir,
Hotel Palacio del Marqués de la Gomera,8.8,80 €,4 estrellas,0 llaves,Osuna,Sevilla,Amimir,
CoolRooms Palacio Villapanés 5 GL,9.2,349 €,5 estrellas,0 llaves,Sevilla,Sevilla,Amimir,
Posada Pilatos,9.4,149 €,0 estrellas,4 llaves,Sevilla,Sevilla,Amimir,
Énfasis Hotel,10.0,53 €,2 estrellas,0 llaves,El Cuervo de Sevilla,Sevilla,Amimir,
Apartamentos Singular Pilatos,7.8,89 €,0 estrellas,3 llaves,Sevilla,Sevilla,Amimir,
Fernando III,9.3,127 €,4 estrellas,0 llaves,Sevilla,Sevilla,Amimir,
Hotel Colón Gran Meliá,9.1,333 €,5 estrellas,0 llaves,Sevilla,Sevilla,Amimir,
El Rincon de las Descalzas,8.1,49 €,3 estrellas,0 llaves,Carmona,Sevilla,Amimir,
La Casa del Duque,8.3,75 €,3 estrellas,0 llaves,Osuna,Sevilla,Amimir,
Casa Palacio La Casa Blanca,9.6,148 €,0 estrellas,4 llaves,Sevilla,Sevilla,Amimir,
Hotel ELE Santa Bárbara Sevilla,8.9,56 €,2 estrellas,0 llaves,Castilleja de la Cuesta,Sevilla,Amimir,
Itaca Boutique Artemisa,8.9,78 €,3 estrellas,0 llaves,Sevilla,Sevilla,Amimir,
Hotel M.A. Sevilla Congresos,8.9,65 €,4 estrellas,0 llaves,Sevilla,Sevilla,Amimir,
Pensión Pérez Montilla,7.8,42 €,2 estrellas,0 llaves,Sevilla,Sevilla,Amimir,
Pension Azahar,7.1,45 €,2 estrellas,0 llaves,Sevilla,Sevilla,Amimir,
Slow Suites Setas,8.6,102 €,0 estrellas,4 llaves,Sevilla,Sevilla,Amimir,
Acetres 5,8.6,83 €,0 estrellas,4 llaves,Sevilla,Sevilla,Amimir,
Black Swan Hostel Sevilla,8.6,22 €,2 estrellas,0 llaves,Sevilla,Sevilla,Amimir,
Rey Alfonso X,9.2,119 €,4 estrellas,0 llaves,Sevilla,Sevilla,Amimir,
Hotel Barrio Nuevo,8.8,55 €,2 estrellas,0 llaves,Lebrija,Sevilla,Amimir,
Hostel A2C,7.6,18 €,2 estrellas,0 llaves,Sevilla,Sevilla,Amimir,
Hacienda De Oran,8.5,135 €,4 estrellas,0 llaves,Utrera,Sevilla,Amimir,
Novotel Sevilla,8.7,101 €,4 estrellas,0 llaves,Sevilla,Sevilla,Amimir,
Barceló Sevilla Renacimiento,8.7,128 €,5 estrellas,0 llaves,Sevilla,Sevilla,Amimir,
Pasarela,8.0,70 €,4 estrellas,0 llaves,Sevilla,Sevilla,Amimir,
San Pablo,8.1,53 €,3 estrellas,0 llaves,Sevilla,Sevilla,Amimir,
Goya,8.6,54 €,2 estrellas,0 llaves,Sevilla,Sevilla,Amimir,
Petit Palace Santa Cruz,8.6,154 €,4 estrellas,0 llaves,Sevilla,Sevilla,Amimir,
Meliá Sevilla,9.2,135 €,4 estrellas,0 llaves,Sevilla,Sevilla,Amimir,
Hostal Don Julio,9.2,63 €,2 estrellas,0 llaves,Sanlúcar la Mayor,Sevilla,Amimir,
Singular Virgenes,7.8,125 €,0 estrellas,3 llaves,Sevilla,Sevilla,Amimir,
Cortijo Torre de la Reina,8.9,103 €,3 estrellas,0 llaves,Torre de la Reina,Sevilla,Amimir,
Hotel Vía Sevilla Cádiz Alojamiento Y Restaurante,8.1,40 €,1 estrellas,0 llaves,El Cuervo de Sevilla,Sevilla,Amimir,
Meliá Lebreros,9.3,133 €,4 estrellas,0 llaves,Sevilla,Sevilla,Amimir,
Don Juan,8.5,60 €,2 estrellas,0 llaves,El Coronil,Sevilla,Amimir,
Overland Suites Catedral,8.9,128 €,0 estrellas,4 llaves,Sevilla,Sevilla,Amimir,
Abanico,8.4,113 €,3 estrellas,0 llaves,Sevilla,Sevilla,Amimir,
ibis Styles Sevilla Santa Justa,8.7,80 €,3 estrellas,0 llaves,Sevilla,Sevilla,Amimir,
YIT Vereda Real,8.1,55 €,4 estrellas,0 llaves,Valencina de la Concepción,Sevilla,Amimir,
Apartamentos Metropolis,8.8,91 €,0 estrellas,4 llaves,Sevilla,Sevilla,Amimir,
Aguilas5 SevillaSuites,9.4,183 €,0 estrellas,4 llaves,Sevilla,Sevilla,Amimir,
Hotel Servilia,8.2,70 €,2 estrellas,0 llaves,Carmona,Sevilla,Amimir,
Hotel Doña Blanca,8.3,73 €,2 estrellas,0 llaves,Sevilla,Sevilla,Amimir,
Doña Manuela,8.9,95 €,2 estrellas,0 llaves,Sevilla,Sevilla,Amimir,
Alcántara,8.6,77 €,2 estrellas,0 llaves,Sevilla,Sevilla,Amimir,
Hostal Albero By Eme Hoteles,7.8,69 €,2 estrellas,0 llaves,Sanlúcar la Mayor,Sevilla,Amimir,
Baco,7.3,68 €,2 estrellas,0 llaves,Sevilla,Sevilla,Amimir,
Rey Don Pedro Luxury Home,8.9,125 €,3 estrellas,0 llaves,Sevilla,Sevilla,Amimir,
Amadeus,9.3,299 €,4 estrellas,0 llaves,Sevilla,Sevilla,Amimir,
Pensión Javier,5.8,27 €,1 estrellas,0 llaves,Sevilla,Sevilla,Amimir,
Eurostars Sevilla Boutique,9.2,156 €,4 estrellas,0 llaves,Sevilla,Sevilla,Amimir,
Alcazar,6.6,70 €,3 estrellas,0 llaves,Sevilla,Sevilla,Amimir,
Casa Sevilla 1855 Suites by Época,8.9,145 €,0 estrellas,4 llaves,Sevilla,Sevilla,Amimir,
Simón Verde Hotel Apartamentos,7.5,55 €,0 estrellas,3 llaves,Mairena del Aljarafe,Sevilla,Amimir,
Apartamentos Boutique Vida,8.0,101 €,0 estrellas,3 llaves,Sevilla,Sevilla,Amimir,
Un Patio en Santa Cruz,8.0,97 €,2 estrellas,0 llaves,Sevilla,Sevilla,Amimir,
MDD4 Health Experience Hotel,9.0,100 €,2 estrellas,0 llaves,Sevilla,Sevilla,Amimir,
Hospes Las Casas del Rey de Baeza,8.9,412 €,4 estrellas,0 llaves,Sevilla,Sevilla,Amimir,
Plaza Santa Lucia,9.1,73 €,3 estrellas,0 llaves,Sevilla,Sevilla,Amimir,
Catalonia Hispalis,8.2,57 €,3 estrellas,0 llaves,Sevilla,Sevilla,Amimir,
Zenit Sevilla,9.4,107 €,4 estrellas,0 llaves,Sevilla,Sevilla,Amimir,
Casual Sevilla de las Letras,8.7,68 €,2 estrellas,0 llaves,Sevilla,Sevilla,Amimir,
NH Collection Sevilla,9.0,126 €,4 estrellas,0 llaves,Sevilla,Sevilla,Amimir,
Hotel Cetina Sevilla,9.2,111 €,4 estrellas,0 llaves,Sevilla,Sevilla,Amimir,
Parador de Carmona,9.0,98 €,4 estrellas,0 llaves,Carmona,Sevilla,Amimir,
Holiday Rentals Tempa Museo,8.3,84 €,0 estrellas,4 llaves,Sevilla,Sevilla,Amimir,
Hotel Giralda Center,9.1,160 €,4 estrellas,0 llaves,Sevilla,Sevilla,Amimir,
Only YOU Hotel Sevilla,9.5,188 €,5 estrellas,0 llaves,Sevilla,Sevilla,Amimir,
Vincci Selección Unuk 5* GL,9.0,264 €,5 estrellas,0 llaves,Sevilla,Sevilla,Amimir,
Los Salados Holiday Rentals,8.9,81 €,0 estrellas,4 llaves,Sevilla,Sevilla,Amimir,
Hostal Sevilla Santa Justa,8.6,58 €,1 estrellas,0 llaves,Sevilla,Sevilla,Amimir,
Lince,8.6,46 €,1 estrellas,0 llaves,Aznalcázar,Sevilla,Amimir,
Hotel Casa del Poeta,9.3,393 €,4 estrellas,0 llaves,Sevilla,Sevilla,Amimir,
Ítaca Sevilla,8.2,108 €,3 estrellas,0 llaves,Sevilla,Sevilla,Amimir,
H10 Casa de la Plata,9.3,232 €,4 estrellas,0 llaves,Sevilla,Sevilla,Amimir,
Hacienda Olontigi,8.2,48 €,0 estrellas,0 llaves,Aznalcázar,Sevilla,Amimir,
Posada Del Lucero,9.3,137 €,4 estrellas,0 llaves,Sevilla,Sevilla,Amimir,
Hostal Bar Mellizo,8.4,37 €,1 estrellas,0 llaves,Lebrija,Sevilla,Amimir,
Hotel Ciudad Del Sol,8.2,67 €,3 estrellas,0 llaves,Écija,Sevilla,Amimir,
Singular Metropol,8.5,104 €,0 estrellas,3 llaves,Sevilla,Sevilla,Amimir,
On Suites Sevilla,8.4,94 €,0 estrellas,4 llaves,Sevilla,Sevilla,Amimir,
Reservaloen Plaza del Salvador,8.0,115 €,0 estrellas,3 llaves,Sevilla,Sevilla,Amimir,
NH Sevilla Plaza de Armas,9.0,148 €,4 estrellas,0 llaves,Sevilla,Sevilla,Amimir,
Hotel Boutique Palacio Pinello,8.8,194 €,4 estrellas,0 llaves,Sevilla,Sevilla,Amimir,
Palacio Alcazar,8.5,143 €,4 estrellas,0 llaves,Sevilla,Sevilla,Amimir,
Basic Hotel Puerta de Sevilla,8.3,98 €,1 estrellas,0 llaves,Sevilla,Sevilla,Amimir,
Cool Sevilla Hotel,8.0,55 €,2 estrellas,0 llaves,Sevilla,Sevilla,Amimir,
Eurostars Torre Sevilla,8.2,121 €,5 estrellas,0 llaves,Sevilla,Sevilla,Amimir,
Casa Quintero Apartments,8.5,157 €,0 estrellas,4 llaves,Sevilla,Sevilla,Amimir,
Slow Suites Maestranza,8.4,110 €,0 estrellas,4 llaves,Sevilla,Sevilla,Amimir,
Apartamentos Sevilla Palace,8.5,85 €,0 estrellas,3 llaves,Sevilla,Sevilla,Amimir,
Silken Al-Andalus Palace,8.6,223 €,4 estrellas,0 llaves,Sevilla,Sevilla,Amimir,
Hotel Palacio de San Fernando,8.9,67 €,3 estrellas,0 llaves,Utrera,Sevilla,Amimir,
Hesperia Sevilla,8.5,126 €,4 estrellas,0 llaves,Sevilla,Sevilla,Amimir,
Ardea Purpurea,8.9,80 €,4 estrellas,0 llaves,Villamanrique de la Condesa,Sevilla,Amimir,
Leflet Valme,8.7,79 €,3 estrellas,0 llaves,Dos Hermanas,Sevilla,Amimir,
Hotel Bécquer,9.0,121 €,4 estrellas,0 llaves,Sevilla,Sevilla,Amimir,
Duquesa Hotel,7.8,50 €,3 estrellas,0 llaves,Sevilla,Sevilla,Amimir,
Pension Santa Maria La Blanca,3.5,69 €,2 estrellas,0 llaves,Sevilla,Sevilla,Amimir,
Eurostars Guadalquivir,9.3,102 €,4 estrellas,0 llaves,Sevilla,Sevilla,Amimir,
Ribera de Triana,8.8,105 €,4 estrellas,0 llaves,Sevilla,Sevilla,Amimir,
Dona Maria,8.6,150 €,4 estrellas,0 llaves,Sevilla,Sevilla,Amimir,
Pensión Vergara,5.8,32 €,1 estrellas,0 llaves,Sevilla,Sevilla,Amimir,
Occidental Sevilla Viapol,9.0,115 €,4 estrellas,0 llaves,Sevilla,Sevilla,Amimir,
Hoteles Del Sur,8.3,62 €,0 estrellas,3 llaves,Sevilla,Sevilla,Amimir,
Hotel Leflet Sanlúcar,8.1,48 €,3 estrellas,0 llaves,Sanlúcar la Mayor,Sevilla,Amimir,
Apartamentos Luxsevilla Palacio,6.8,60 €,0 estrellas,3 llaves,Sevilla,Sevilla,Amimir,
Apartamentos Magna Sevilla,7.5,75 €,0 estrellas,3 llaves,Sevilla,Sevilla,Amimir,
La Casa del Maestro,9.1,84 €,1 estrellas,0 llaves,Sevilla,Sevilla,Amimir,
Exe Sevilla Palmera,8.5,64 €,4 estrellas,0 llaves,Sevilla,Sevilla,Amimir,
Convento La Gloria,8.1,118 €,3 estrellas,0 llaves,Sevilla,Sevilla,Amimir,
Casa Bailén Apartamentos,9.4,141 €,0 estrellas,4 llaves,Sevilla,Sevilla,Amimir,
Apartamentos Santiago by OYO Rooms,8.6,58 €,2 estrellas,0 llaves,Écija,Sevilla,Amimir,
Casa Romana Hotel Boutique,9.0,100 €,4 estrellas,0 llaves,Sevilla,Sevilla,Amimir,
Sercotel Las Casas de los Mercaderes,8.7,134 €,3 estrellas,0 llaves,Sevilla,Sevilla,Amimir,
Hostal Santa Catalina,8.1,55 €,1 estrellas,0 llaves,Sevilla,Sevilla,Amimir,
EME Catedral Mercer,8.2,183 €,5 estrellas,0 llaves,Sevilla,Sevilla,Amimir,
Ritual Sevilla Suites - Centro Historico,8.6,149 €,0 estrellas,4 llaves,Sevilla,Sevilla,Amimir,
Halo Boutique Hotel,8.5,152 €,4 estrellas,0 llaves,Sevilla,Sevilla,Amimir,
Iberflat Vega de Triana,8.4,80 €,0 estrellas,3 llaves,Camas,Sevilla,Amimir,
Hotel Plaza Sevilla,8.1,56 €,3 estrellas,0 llaves,Sevilla,Sevilla,Amimir,
U-Sense Sevilla Centro,9.4,96 €,3 estrellas,0 llaves,Sevilla,Sevilla,Amimir,
Monte Carmelo,9.5,96 €,4 estrellas,0 llaves,Sevilla,Sevilla,Amimir,
Sevilla Central Suites Apartamentos,9.3,163 €,0 estrellas,4 llaves,Sevilla,Sevilla,Amimir,
El Rey Moro Hotel,8.9,375 €,4 estrellas,0 llaves,Sevilla,Sevilla,Amimir,
Fontecruz Sevilla Seises,8.4,206 €,4 estrellas,0 llaves,Sevilla,Sevilla,Amimir,
Casa Senorial Del Siglo XVIII,9.0,122 €,0 estrellas,4 llaves,Sevilla,Sevilla,Amimir,
Pierre & Vacances Sevilla,8.7,95 €,0 estrellas,4 llaves,Sevilla,Sevilla,Amimir,
Casa Alhaja By Shiadu,9.2,202 €,3 estrellas,0 llaves,Sevilla,Sevilla,Amimir,
Hotel Boutique Casas de Santa Cruz,8.0,118 €,3 estrellas,0 llaves,Sevilla,Sevilla,Amimir,
Hostal San Francisco,8.5,222 €,1 estrellas,0 llaves,Sevilla,Sevilla,Amimir,
Abril,9.0,82 €,2 estrellas,0 llaves,Sevilla,Sevilla,Amimir,
Legado Oromana Hotel,6.3,43 €,3 estrellas,0 llaves,Alcalá de Guadaira,Sevilla,Amimir,
San Gil,7.4,87 €,4 estrellas,0 llaves,Sevilla,Sevilla,Amimir,
Casa Gloria Apartments,9.2,128 €,0 estrellas,4 llaves,Sevilla,Sevilla,Amimir,
Palace Sevilla,8.2,78 €,3 estrellas,0 llaves,Sevilla,Sevilla,Amimir,
Murillo Hotel,8.4,98 €,2 estrellas,0 llaves,Sevilla,Sevilla,Amimir,
Sevilla 1920 Suites,9.0,94 €,0 estrellas,4 llaves,Sevilla,Sevilla,Amimir,
La Hostería de Doña Lina,8.7,71 €,2 estrellas,0 llaves,Sevilla,Sevilla,Amimir,
America,8.7,145 €,4 estrellas,0 llaves,Sevilla,Sevilla,Amimir,
Soho Boutique Catedral,9.1,143 €,4 estrellas,0 llaves,Sevilla,Sevilla,Amimir,
Elvira Plaza,8.2,115 €,3 estrellas,0 llaves,Sevilla,Sevilla,Amimir,
Ocean Drive Sevilla,8.8,119 €,4 estrellas,0 llaves,Sevilla,Sevilla,Amimir,
Joya del Casco Boutique Hotel,9.2,183 €,3 estrellas,0 llaves,Sevilla,Sevilla,Amimir,
B&b Hotel Sevilla Bormujos,8.8,62 €,2 estrellas,0 llaves,Bormujos,Sevilla,Amimir,
Murillo Hotel & Apartamentos,8.8,88 €,0 estrellas,0 llaves,Sevilla,Sevilla,Amimir,
Casa Palacio Don Pedro,8.7,62 €,1 estrellas,0 llaves,Sevilla,Sevilla,Amimir,
Oak & Sandstone,9.0,188 €,0 estrellas,4 llaves,Sevilla,Sevilla,Amimir,
Hostal Lis,7.5,45 €,1 estrellas,0 llaves,Sevilla,Sevilla,Amimir,
Hotel H28 Camas,7.0,53 €,3 estrellas,0 llaves,Camas,Sevilla,Amimir,
Welldone Cathedral,8.3,162 €,0 estrellas,3 llaves,Sevilla,Sevilla,Amimir,
Welldone Metropol,8.1,94 €,1 estrellas,0 llaves,Sevilla,Sevilla,Amimir,
B&b Hotel Écija,9.2,62 €,3 estrellas,0 llaves,Écija,Sevilla,Amimir,
Petit Palace Marqués Santa Ana,8.8,158 €,4 estrellas,0 llaves,Sevilla,Sevilla,Amimir,
Nqn Aparts & Suites Sevilla,9.5,247 €,0 estrellas,4 llaves,Sevilla,Sevilla,Amimir,
The Zentral Plaza De Armas,9.0,129 €,0 estrellas,4 llaves,Sevilla,Sevilla,Amimir,
Mercer Plaza Sevilla 5 GL,9.1,295 €,5 estrellas,0 llaves,Sevilla,Sevilla,Amimir,
Leflet Gran Avenida,8.0,70 €,1 estrellas,0 llaves,Coria del Río,Sevilla,Amimir,
Apartamento El Museo Écija,9.8,63 €,0 estrellas,0 llaves,Écija,Sevilla,Amimir,
Urban Cube Hostel Sevilla,8.8,35 €,0 estrellas,0 llaves,Sevilla,Sevilla,Amimir,
Intelier Casa de Indias Hotel,9.2,140 €,4 estrellas,0 llaves,Sevilla,Sevilla,Amimir,
Hilton Garden Inn Sevilla,8.9,96 €,4 estrellas,0 llaves,Sevilla,Sevilla,Amimir,
Hotel Cervantes,8.7,110 €,4 estrellas,0 llaves,Sevilla,Sevilla,Amimir,
Casa del Pozo Santo,8.1,116 €,0 estrellas,3 llaves,Sevilla,Sevilla,Amimir,
Posada Pilatos,9.5,155 €,0 estrellas,0 llaves,Sevilla,Sevilla,Amimir,
TRH La Motilla Business & Cultural Hotel,8.4,96 €,4 estrellas,0 llaves,Dos Hermanas,Sevilla,Amimir,
Suites Machado,9.4,205 €,0 estrellas,0 llaves,Sevilla,Sevilla,Amimir,
Apartamento Puerta Carmona,9.5,708 €,0 estrellas,0 llaves,Sevilla,Sevilla,Amimir,
Hotel Rural Hoyo Bautista,8.9,50 €,0 estrellas,0 llaves,Martín de la Jara,Sevilla,Amimir,
Derby,8.8,103 €,3 estrellas,0 llaves,Sevilla,Sevilla,Amimir,
Ritual Sevilla Suites,8.4,113 €,0 estrellas,3 llaves,Sevilla,Sevilla,Amimir,
Mairena,7.9,49 €,2 estrellas,0 llaves,Mairena del Alcor,Sevilla,Amimir,
Catedral Boutique,8.0,65 €,2 estrellas,0 llaves,Sevilla,Sevilla,Amimir,
Lirium Casa Patio,9.2,76 €,0 estrellas,0 llaves,Sevilla,Sevilla,Amimir,
Casa Rural Sierra Morena,9.3,90 €,0 estrellas,0 llaves,Cazalla de la Sierra,Sevilla,Amimir,
Vincci La Rábida,8.9,176 €,4 estrellas,0 llaves,Sevilla,Sevilla,Amimir,
Apartahotel Sevilla Salado,7.7,60 €,3 estrellas,0 llaves,Sevilla,Sevilla,Amimir,
Isg Apartments La Florida,9.2,156 €,0 estrellas,0 llaves,Sevilla,Sevilla,Amimir,
Sevilla Home Center Suites,9.4,173 €,0 estrellas,4 llaves,Sevilla,Sevilla,Amimir,
Welldone Sierpes Boutique,8.7,75 €,1 estrellas,0 llaves,Sevilla,Sevilla,Amimir,
Vista Corral Del Conde,9.2,112 €,0 estrellas,0 llaves,Sevilla,Sevilla,Amimir,
Hotel Kivir,9.7,162 €,4 estrellas,0 llaves,Sevilla,Sevilla,Amimir,
Samay Hostel,8.6,24 €,0 estrellas,0 llaves,Sevilla,Sevilla,Amimir,
Hotel Torre de los Guzmanes,7.6,56 €,3 estrellas,0 llaves,La Algaba,Sevilla,Amimir,
Hotel Bellavista Sevilla,7.2,71 €,4 estrellas,0 llaves,Sevilla,Sevilla,Amimir,
La Casa Del Conde - Un Alojamiento único En Écija,9.1,99 €,0 estrellas,0 llaves,Écija,Sevilla,Amimir,
Pórtico Del Azahín,9.0,17 €,0 estrellas,0 llaves,Cazalla de la Sierra,Sevilla,Amimir,
Petit Palace Puerta de Triana,8.8,111 €,3 estrellas,0 llaves,Sevilla,Sevilla,Amimir,
Inglaterra,9.5,143 €,4 estrellas,0 llaves,Sevilla,Sevilla,Amimir,
Hotel Tayko Sevilla,9.3,153 €,4 estrellas,0 llaves,Sevilla,Sevilla,Amimir,
Tu Rincón Sevillano,9.0,104 €,0 estrellas,0 llaves,Sevilla,Sevilla,Amimir,
Patio Rialto Apartment,9.0,150 €,0 estrellas,0 llaves,Sevilla,Sevilla,Amimir,
Apartamento Entero A 10 Minutos En Coche De Sevilla Centro,9.0,124 €,0 estrellas,0 llaves,Camas,Sevilla,Amimir,
Hotel Sevilla,8.1,62 €,2 estrellas,0 llaves,Sevilla,Sevilla,Amimir,
Apartamentos Vértice Bib-Rambla,9.2,63 €,0 estrellas,2 llaves,Sevilla,Sevilla,Amimir,
Hotel Casa De Colon,8.2,140 €,3 estrellas,0 llaves,Sevilla,Sevilla,Amimir,
Radisson Collection Hotel Magdalena Plaza Sevilla,9.0,261 €,5 estrellas,0 llaves,Sevilla,Sevilla,Amimir,
Hostal Alcobia,5.2,33 €,0 estrellas,0 llaves,Sevilla,Sevilla,Amimir,
Soho Boutique Sevilla,8.4,103 €,3 estrellas,0 llaves,Sevilla,Sevilla,Amimir,
Doña Lola,8.5,60 €,2 estrellas,0 llaves,Sevilla,Sevilla,Amimir,
Monte Triana,9.5,114 €,4 estrellas,0 llaves,Sevilla,Sevilla,Amimir,
Mare Hotel,7.2,97 €,4 estrellas,0 llaves,Dos Hermanas,Sevilla,Amimir,
Apartamento El Teatro,8.6,85 €,0 estrellas,0 llaves,Écija,Sevilla,Amimir,
Apartamento Chic Centro,8.6,99 €,0 estrellas,0 llaves,Dos Hermanas,Sevilla,Amimir,
Atico Caleria Con Vistas A La Giralda,8.6,110 €,0 estrellas,0 llaves,Sevilla,Sevilla,Amimir,
Sevilla Centro Histórico Cerca Estación Ave,8.6,204 €,0 estrellas,0 llaves,Sevilla,Sevilla,Amimir,
Paraná Center Apartment,8.6,120 €,0 estrellas,0 llaves,Sevilla,Sevilla,Amimir,
Alojamiento Seda,8.6,63 €,0 estrellas,0 llaves,Alcalá de Guadaira,Sevilla,Amimir,
H10 Corregidor Boutique Hotel,9.0,127 €,3 estrellas,0 llaves,Sevilla,Sevilla,Amimir,
Nine O Clock San Agustin,8.5,132 €,0 estrellas,0 llaves,Sevilla,Sevilla,Amimir,
Triana Apartahotel,8.4,64 €,3 estrellas,0 llaves,Sevilla,Sevilla,Amimir,
Apartamento El Salón,8.5,85 €,0 estrellas,0 llaves,Écija,Sevilla,Amimir,
Abreu Suites,9.2,124 €,0 estrellas,4 llaves,Sevilla,Sevilla,Amimir,
Porcel Torneo,8.3,97 €,4 estrellas,0 llaves,Sevilla,Sevilla,Amimir,
Legado Alcázar,9.1,194 €,4 estrellas,0 llaves,Sevilla,Sevilla,Amimir,
Alojamiento Lanza En El CorazÓn De Sevilla,8.4,150 €,0 estrellas,0 llaves,Sevilla,Sevilla,Amimir,
Terrazas De La Catedral,8.4,129 €,0 estrellas,3 llaves,Sevilla,Sevilla,Amimir,
Hostal La Muralla,7.4,52 €,1 estrellas,0 llaves,Sevilla,Sevilla,Amimir,
Basic Hotel Sevilla Catedral,8.7,88 €,1 estrellas,0 llaves,Sevilla,Sevilla,Amimir,
"Querencia de Sevilla, Autograph Collection",9.5,232 €,4 estrellas,0 llaves,Sevilla,Sevilla,Amimir,
"Hotel Alfonso XIII, a Luxury Collection Hotel, Sevilla",9.1,532 €,5 estrellas,0 llaves,Sevilla,Sevilla,Amimir,
El Corral de San Jose by Singular Apartments,5.7,121 €,0 estrellas,3 llaves,Sevilla,Sevilla,Amimir,
Casa Rural La Plazuela,8.0,45 €,0 estrellas,0 llaves,Cazalla de la Sierra,Sevilla,Amimir,
Apartamentos Doña Lola,7.2,69 €,0 estrellas,2 llaves,Sevilla,Sevilla,Amimir,
Pensión Montoreña,7.5,30 €,0 estrellas,0 llaves,Sevilla,Sevilla,Amimir,
Tourist House Casa Pilatos,8.0,560 €,0 estrellas,0 llaves,Sevilla,Sevilla,Amimir,
Zaida,8.5,90 €,3 estrellas,0 llaves,Sevilla,Sevilla,Amimir,
Casona de San Andrés,8.3,124 €,3 estrellas,0 llaves,Sevilla,Sevilla,Amimir,
Las Casas de El Arenal,8.6,152 €,4 estrellas,0 llaves,Sevilla,Sevilla,Amimir,
Very Nice Apartament. City Center. Private Parking,8.7,108 €,0 estrellas,0 llaves,Sevilla,Sevilla,Amimir,
Leon Centro Apartment,8.1,90 €,0 estrellas,0 llaves,Sevilla,Sevilla,Amimir,
Alojamientos El Carmen,7.7,80 €,0 estrellas,0 llaves,Écija,Sevilla,Amimir,
Eurostars Regina,8.6,125 €,3 estrellas,0 llaves,Sevilla,Sevilla,Amimir,
Hotel Ateneo Sevilla,9.0,198 €,4 estrellas,0 llaves,Sevilla,Sevilla,Amimir,
Welldone Quality-Crystal Pool,8.5,78 €,2 estrellas,0 llaves,Sevilla,Sevilla,Amimir,
Santa Catalina Center Apartment,7.9,100 €,0 estrellas,0 llaves,Sevilla,Sevilla,Amimir,
Exe Isla Cartuja,8.2,71 €,4 estrellas,0 llaves,Sevilla,Sevilla,Amimir,
Isg Apartments Mezquita 5,7.9,197 €,0 estrellas,0 llaves,Sevilla,Sevilla,Amimir,
Sercotel Sevilla Guadalquivir Suites,8.6,119 €,4 estrellas,0 llaves,Sevilla,Sevilla,Amimir,
Apartamento Civitas,8.6,85 €,0 estrellas,0 llaves,Écija,Sevilla,Amimir,
Numa Seville Jondo,8.9,171 €,0 estrellas,0 llaves,Sevilla,Sevilla,Amimir,
Pensión Catedral,7.1,40 €,0 estrellas,0 llaves,Sevilla,Sevilla,Amimir,
Apartamentos Los Angeles,8.5,144 €,0 estrellas,3 llaves,Sevilla,Sevilla,Amimir,
San Esteban Adg,7.3,85 €,0 estrellas,0 llaves,Sevilla,Sevilla,Amimir,
Bypillow Residence April,8.7,128 €,0 estrellas,0 llaves,Sevilla,Sevilla,Amimir,
Reyes Católicos,6.6,67 €,3 estrellas,0 llaves,Sevilla,Sevilla,Amimir,
Apartamento Nuevo En Pleno Centro De Localización Perfecta,9.8,125 €,0 estrellas,0 llaves,Sevilla,Sevilla,Amimir,
AC Hotel Sevilla Fórum,8.3,98 €,4 estrellas,0 llaves,Sevilla,Sevilla,Amimir,
The Level at Meliá Sevilla,9.0,211 €,4 estrellas,0 llaves,Sevilla,Sevilla,Amimir,
Legado Magdalena Hotel,9.4,132 €,4 estrellas,0 llaves,Sevilla,Sevilla,Amimir,
Hotel Patio de la Alameda,9.2,97 €,3 estrellas,0 llaves,Sevilla,Sevilla,Amimir,
Sol y Luna de Triana,8.4,110 €,0 estrellas,3 llaves,Sevilla,Sevilla,Amimir,
Albergue Inturjoven Sevilla,7.8,59 €,2 estrellas,0 llaves,Sevilla,Sevilla,Amimir,
Casa Palacio Don Ramon,9.4,378 €,5 estrellas,0 llaves,Sevilla,Sevilla,Amimir,
Aacr Museo,8.2,76 €,3 estrellas,0 llaves,Sevilla,Sevilla,Amimir,
Casa Triana 1888 Suites by Época,9.0,112 €,0 estrellas,4 llaves,Sevilla,Sevilla,Amimir,
Petit Palace Canalejas,8.5,90 €,2 estrellas,0 llaves,Sevilla,Sevilla,Amimir,
El Molino,8.3,63 €,2 estrellas,0 llaves,Osuna,Sevilla,Amimir,
Mar - Beautiful Apartment With Two Bedrooms And Two Bathrooms,7.4,177 €,0 estrellas,0 llaves,Sevilla,Sevilla,Amimir,
Apartments Poemas & Rimas de Becquer,8.8,130 €,0 estrellas,4 llaves,Sevilla,Sevilla,Amimir,
The Boutike Guesthouse,8.4,131 €,0 estrellas,0 llaves,Sevilla,Sevilla,Amimir,
Hotel Lobby,9.6,433 €,5 estrellas,0 llaves,Sevilla,Sevilla,Amimir,
Hotel Mercer Sevilla,9.1,305 €,5 estrellas,0 llaves,Sevilla,Sevilla,Amimir,
LB Lebrija,7.8,59 €,2 estrellas,0 llaves,Lebrija,Sevilla,Amimir,
Vincci Molviedro,9.6,195 €,4 estrellas,0 llaves,Sevilla,Sevilla,Amimir,
Plácido Y Grata,9.2,240 €,4 estrellas,0 llaves,Sevilla,Sevilla,Amimir,
B&b Hotel Sevilla Bormujos,9.2,59 €,3 estrellas,0 llaves,Bormujos,Sevilla,Amimir,
Apartamento A Estrenar En San Bernardo,8.3,127 €,0 estrellas,0 llaves,Sevilla,Sevilla,Amimir,
Murillo Apartamentos,8.8,139 €,0 estrellas,0 llaves,Sevilla,Sevilla,Amimir,
Gollum-goretti House,7.2,102 €,0 estrellas,0 llaves,Mairena del Aljarafe,Sevilla,Amimir,
Hotel Un Patio al Sur,8.6,73 €,2 estrellas,0 llaves,Sevilla,Sevilla,Amimir,
The Honest Hotel San Pedro,8.5,116 €,3 estrellas,0 llaves,Sevilla,Sevilla,Amimir,
Casa de Zalamea,9.1,154 €,4 estrellas,0 llaves,Sevilla,Sevilla,Amimir,
Tourist House Alfalfa,8.0,595 €,0 estrellas,0 llaves,Sevilla,Sevilla,Amimir,
"Sercotel Dona Carmela, Ascend Hotel Collection",8.7,61 €,3 estrellas,0 llaves,Sevilla,Sevilla,Amimir,
Cavalta Boutique Hotel,9.6,215 €,5 estrellas,0 llaves,Sevilla,Sevilla,Amimir,
Imagen Suite,9.0,116 €,0 estrellas,0 llaves,Sevilla,Sevilla,Amimir,
The Old Print House - Space Maison Apartments,9.2,212 €,0 estrellas,0 llaves,Sevilla,Sevilla,Amimir,
Apartamento En El Centro Para 4 Personas,8.6,85 €,0 estrellas,0 llaves,Sevilla,Sevilla,Amimir,
Hotel Gravina 51,9.7,235 €,4 estrellas,0 llaves,Sevilla,Sevilla,Amimir,
Suites Sevilla Plaza,8.6,151 €,0 estrellas,2 llaves,Sevilla,Sevilla,Amimir,
Sevilla Green Suites,9.1,87 €,4 estrellas,0 llaves,Alcalá de Guadaira,Sevilla,Amimir,
Hospederia Santa Clara,9.0,78 €,0 estrellas,0 llaves,Utrera,Sevilla,Amimir,
Casa de Triana Suite & Homes Seville,9.2,273 €,0 estrellas,4 llaves,Sevilla,Sevilla,Amimir,
AC Hotel Ciudad de Sevilla,8.5,129 €,4 estrellas,0 llaves,Sevilla,Sevilla,Amimir,
Isg Apartments Cedaceros 12,9.3,322 €,0 estrellas,0 llaves,Sevilla,Sevilla,Amimir,
Luxurious & Spacious 4br Apt Next To Cathedral,8.3,431 €,0 estrellas,0 llaves,Sevilla,Sevilla,Amimir,
U-Sense Sevilla Catedral,8.6,261 €,0 estrellas,0 llaves,Sevilla,Sevilla,Amimir,
Vincci Molviedro Suites Apartments,9.0,315 €,4 estrellas,0 llaves,Sevilla,Sevilla,Amimir,
Adriano,8.9,95 €,2 estrellas,0 llaves,Sevilla,Sevilla,Amimir,
Buen Viaje/san Esteban,9.0,111 €,0 estrellas,0 llaves,Sevilla,Sevilla,Amimir,
Petit Palace Vargas,9.1,107 €,2 estrellas,0 llaves,Sevilla,Sevilla,Amimir,
Pensión Gala,6.8,29 €,1 estrellas,0 llaves,Sevilla,Sevilla,Amimir,
Sf - Shiny Apartment In City Centre,7.7,214 €,0 estrellas,0 llaves,Sevilla,Sevilla,Amimir,
El Palomar,8.4,202 €,0 estrellas,0 llaves,Sevilla,Sevilla,Amimir,
Turistic Apartment Sevillamos SL,8.5,65 €,0 estrellas,0 llaves,Sevilla,Sevilla,Amimir,
Isg Apartments Cedaceros,8.5,271 €,0 estrellas,0 llaves,Sevilla,Sevilla,Amimir,
Apartamento Entero En Los Jardines De Murillo,8.4,240 €,0 estrellas,0 llaves,Sevilla,Sevilla,Amimir,
Precioso Piso En Sevilla,8.8,185 €,0 estrellas,0 llaves,Sevilla,Sevilla,Amimir,
Piso Luminoso Y Acogedor,8.7,105 €,0 estrellas,0 llaves,Alcalá de Guadaira,Sevilla,Amimir,
Simon,8.6,70 €,1 estrellas,0 llaves,Sevilla,Sevilla,Amimir,
Apartamentos Sevilla Centro,8.6,170 €,0 estrellas,2 llaves,Sevilla,Sevilla,Amimir,
Apartamento Casa Callejón Del Agua,9.1,548 €,0 estrellas,0 llaves,Sevilla,Sevilla,Amimir,
Casa Señorial Piedrachica,8.4,109 €,0 estrellas,0 llaves,Sevilla,Sevilla,Amimir,
Numa Seville Molina,9.1,192 €,0 estrellas,0 llaves,Sevilla,Sevilla,Amimir,
Apartamento Duplex En Centro De Sevilla,8.3,195 €,0 estrellas,0 llaves,Sevilla,Sevilla,Amimir,
Ático Lujo Junto A La Catedral. Giralda,8.8,125 €,0 estrellas,0 llaves,Sevilla,Sevilla,Amimir,
La Parada Del Marqués,9.2,145 €,3 estrellas,0 llaves,Sevilla,Sevilla,Amimir,
Noches de Triana,8.1,65 €,2 estrellas,0 llaves,Sevilla,Sevilla,Amimir,
Liam Studio In Sevilla Centric,7.7,90 €,0 estrellas,0 llaves,Sevilla,Sevilla,Amimir,
Jdc1c - Beautiful Apartment In Sevilla,8.4,200 €,0 estrellas,0 llaves,Sevilla,Sevilla,Amimir,
Dúplex Donkey Parking,8.2,130 €,0 estrellas,0 llaves,Sevilla,Sevilla,Amimir,
Cristine Bedfor Sevilla Boutique Hotel,9.3,207 €,4 estrellas,0 llaves,Sevilla,Sevilla,Amimir,
Apartamentos Juan RamÓn JimÉnez 3,9.0,89 €,0 estrellas,0 llaves,Utrera,Sevilla,Amimir,
Nochela Sevilla,8.2,90 €,2 estrellas,0 llaves,Sevilla,Sevilla,Amimir,
Europa Sevilla,8.4,95 €,1 estrellas,0 llaves,Sevilla,Sevilla,Amimir,
Castella Art,8.5,146 €,0 estrellas,0 llaves,Sevilla,Sevilla,Amimir,
Sol Centro Apartment A,8.6,115 €,0 estrellas,0 llaves,Sevilla,Sevilla,Amimir,
Lantana Garden,7.4,50 €,0 estrellas,0 llaves,Pilas,Sevilla,Amimir,
Sol Centro Apartment B,8.3,115 €,0 estrellas,0 llaves,Sevilla,Sevilla,Amimir,
Tourist House Francos,8.7,368 €,0 estrellas,0 llaves,Sevilla,Sevilla,Amimir,
Acogedor Apartamento En La Buhaira,8.8,109 €,0 estrellas,0 llaves,Sevilla,Sevilla,Amimir,
Lovely Apartment In The Old Town Of Seville,7.2,139 €,0 estrellas,0 llaves,Sevilla,Sevilla,Amimir,
Room007 Select Tetuán,9.2,76 €,0 estrellas,0 llaves,Sevilla,Sevilla,Amimir,
Oasis Backpackers Hostel Sevilla,8.6,18 €,0 estrellas,0 llaves,Sevilla,Sevilla,Amimir,
Lukanda Luxury,9.3,175 €,0 estrellas,0 llaves,Sevilla,Sevilla,Amimir,
B&B HOTEL Écija,9.0,57 €,3 estrellas,0 llaves,Écija,Sevilla,Amimir,
"Apartamento En San Bernardo, El Barrio Torero",7.9,112 €,0 estrellas,0 llaves,Sevilla,Sevilla,Amimir,
Amazing Sevilla Apartamento,7.6,535 €,0 estrellas,0 llaves,Sevilla,Sevilla,Amimir,
Room00 Sevilla,8.6,24 €,0 estrellas,0 llaves,Sevilla,Sevilla,Amimir,
Isg Apartments Cuna,8.3,211 €,0 estrellas,0 llaves,Sevilla,Sevilla,Amimir,
Casa Del Contratador By Época Suites,9.9,414 €,0 estrellas,0 llaves,Sevilla,Sevilla,Amimir,
Apartamento Living By Cathedral,9.3,190 €,0 estrellas,0 llaves,Sevilla,Sevilla,Amimir,
ibis budget Sevilla Aeropuerto,7.9,59 €,1 estrellas,0 llaves,Sevilla,Sevilla,Amimir,
Conteros Centro Apartment,7.6,105 €,0 estrellas,0 llaves,Sevilla,Sevilla,Amimir,
Mercer Residences Sevilla,9.8,194 €,0 estrellas,0 llaves,Sevilla,Sevilla,Amimir,
Micampus Armendariz Students Residence SOLO ESTUDIANTES,8.0,63 €,2 estrellas,0 llaves,Sevilla,Sevilla,Amimir,
Apartamentos Setas Center,8.7,162 €,0 estrellas,0 llaves,Sevilla,Sevilla,Amimir,
"Homeyseville-precioso Apartamento San Juan De La Palma, Parking Optional",8.8,145 €,0 estrellas,0 llaves,Sevilla,Sevilla,Amimir,
Limehome Sevilla Calle Granada,9.0,129 €,0 estrellas,0 llaves,Sevilla,Sevilla,Amimir,
Portico Sevilla,9.1,100 €,0 estrellas,0 llaves,Sevilla,Sevilla,Amimir,
Letoh Letoh Sevilla,8.7,123 €,0 estrellas,0 llaves,Sevilla,Sevilla,Amimir,
Hostal Museo,8.7,57 €,1 estrellas,0 llaves,Sevilla,Sevilla,Amimir,
Apartamentos Torre de la Plata,8.6,139 €,0 estrellas,0 llaves,Sevilla,Sevilla,Amimir,
Numa Seville Prestigio,9.5,420 €,0 estrellas,0 llaves,Sevilla,Sevilla,Amimir,
Sevilla San Bernardo Apartamento,9.6,229 €,0 estrellas,0 llaves,Sevilla,Sevilla,Amimir,
Castellar Centro Apartment,8.8,140 €,0 estrellas,0 llaves,Sevilla,Sevilla,Amimir,
Mini Estudio Lovely Sevilla Con Baño Compartido,,273 €,0 estrellas,0 llaves,Camas,Sevilla,Amimir,
Apartment Mosaic Giralda,8.3,203 €,0 estrellas,0 llaves,Sevilla,Sevilla,Amimir,
Aquitania Home Suites,9.2,202 €,0 estrellas,0 llaves,Sevilla,Sevilla,Amimir,
Sevilla Deluxe Suites,9.2,350 €,0 estrellas,0 llaves,Sevilla,Sevilla,Amimir,
Hotel Los Girasoles,6.5,70 €,2 estrellas,0 llaves,Valencina de la Concepción,Sevilla,Amimir,
Apartamento El Pasaje,8.6,134 €,0 estrellas,0 llaves,Sevilla,Sevilla,Amimir,
Alcázar de Eva María,8.5,132 €,0 estrellas,0 llaves,Sevilla,Sevilla,Amimir,
La Puerta de Palacio,8.4,58 €,0 estrellas,0 llaves,Sevilla,Sevilla,Amimir,
Toc Sevilla,8.5,30 €,0 estrellas,0 llaves,Sevilla,Sevilla,Amimir,
H Boutique Voluve,8.0,87 €,0 estrellas,0 llaves,Sevilla,Sevilla,Amimir,
Mercer Residences Sevilla,9.2,198 €,0 estrellas,0 llaves,Sevilla,Sevilla,Amimir,
Vac Luxury Home Sevilla,8.8,168 €,0 estrellas,0 llaves,Sevilla,Sevilla,Amimir,
Real Casa De La Moneda Deluxe Apartments,9.7,400 €,0 estrellas,0 llaves,Sevilla,Sevilla,Amimir,
Banana Gay House - Only Men,9.1,80 €,0 estrellas,0 llaves,Sevilla,Sevilla,Amimir,
Arc House Plaza,6.1,46 €,1 estrellas,0 llaves,Sevilla,Sevilla,Amimir,
Feria,9.0,204 €,0 estrellas,0 llaves,Sevilla,Sevilla,Amimir,
Bajo Gerona,9.7,150 €,0 estrellas,0 llaves,Sevilla,Sevilla,Amimir,
Enladrillada Apartment,8.6,150 €,0 estrellas,0 llaves,Sevilla,Sevilla,Amimir,
Hostel One Sevilla Centro,8.2,19 €,0 estrellas,0 llaves,Sevilla,Sevilla,Amimir,
Isg Apartments Catedral,8.7,316 €,0 estrellas,0 llaves,Sevilla,Sevilla,Amimir,
Lovely Apt In The City Center - 15m Walk Giralda,7.2,129 €,0 estrellas,0 llaves,Sevilla,Sevilla,Amimir,
Pension Riosol,6.9,55 €,1 estrellas,0 llaves,Sevilla,Sevilla,Amimir,
19th Century Sevillian Apartment,8.6,120 €,0 estrellas,0 llaves,Sevilla,Sevilla,Amimir,
Komodo Goyeneta - Central Duplex With Pool & Patio.,8.8,201 €,0 estrellas,0 llaves,Sevilla,Sevilla,Amimir,
Apartamento Acogedor Y Moderno En Pleno Centro De Sevilla Con Parking Gratis,9.1,180 €,0 estrellas,0 llaves,Sevilla,Sevilla,Amimir,
Casa Nueva Con Piscina Privada Y Solárium,9.8,189 €,0 estrellas,0 llaves,Alcalá de Guadaira,Sevilla,Amimir,
Limehome Sevilla Ronda De Capuchinos,9.0,118 €,0 estrellas,0 llaves,Sevilla,Sevilla,Amimir,
Mara Arenal Sevilla,9.4,365 €,0 estrellas,0 llaves,Sevilla,Sevilla,Amimir,
Tourist House Odonell,9.0,293 €,0 estrellas,0 llaves,Sevilla,Sevilla,Amimir,
City Rooftop Paradise - Space Maison Apartments,8.7,278 €,0 estrellas,0 llaves,Sevilla,Sevilla,Amimir,
Isg Apartments Apartamento Cerca De La Catedral,8.7,187 €,0 estrellas,0 llaves,Sevilla,Sevilla,Amimir,
Pension Santiago,7.2,44 €,0 estrellas,0 llaves,Écija,Sevilla,Amimir,
Luxury Rooftop - Space Maison Apartments,8.9,209 €,0 estrellas,0 llaves,Sevilla,Sevilla,Amimir,
San Luis Downtown & Pool Apartment,9.4,117 €,0 estrellas,0 llaves,Sevilla,Sevilla,Amimir,
Pensión Nuevo Suizo,7.8,16 €,0 estrellas,0 llaves,Sevilla,Sevilla,Amimir,
Centro Luxe 3 Rooms,8.3,179 €,0 estrellas,0 llaves,Sevilla,Sevilla,Amimir,
La Banda Rooftop Hostel,8.8,33 €,0 estrellas,0 llaves,Sevilla,Sevilla,Amimir,
Tourist House Trajano Terraza-piscina,8.7,301 €,0 estrellas,0 llaves,Sevilla,Sevilla,Amimir,
The Spot Central Hostel,8.3,39 €,0 estrellas,0 llaves,Sevilla,Sevilla,Amimir,
Eme Sevilla Turistica,8.7,80 €,0 estrellas,0 llaves,Sevilla,Sevilla,Amimir,
Feria Palace Apartment,9.2,178 €,0 estrellas,0 llaves,Sevilla,Sevilla,Amimir,
U-Sense For You Hostel Sevilla,8.9,33 €,0 estrellas,0 llaves,Sevilla,Sevilla,Amimir,
More Center Apartment,9.0,125 €,0 estrellas,0 llaves,Sevilla,Sevilla,Amimir,
"Eleven Real De La Carretería, By Homing U",8.8,246 €,0 estrellas,0 llaves,Sevilla,Sevilla,Amimir,
Lolita's House Torre Del Oro,9.1,145 €,0 estrellas,0 llaves,Sevilla,Sevilla,Amimir,
Hotel Roomsole,7.8,63 €,0 estrellas,0 llaves,Sevilla,Sevilla,Amimir,
Ático Campana Donkey Terraza Privada,7.7,127 €,0 estrellas,0 llaves,Sevilla,Sevilla,Amimir,
Casa Pepita Gutiérrez,9.1,221 €,0 estrellas,0 llaves,Sevilla,Sevilla,Amimir,
Luz De Sevilla Free Parking,9.7,285 €,0 estrellas,0 llaves,Sevilla,Sevilla,Amimir,
El Viajero En Sevilla,8.4,54 €,0 estrellas,0 llaves,Sevilla,Sevilla,Amimir,
Apartamento Casa Curro Sevilla,9.6,145 €,0 estrellas,0 llaves,Sevilla,Sevilla,Amimir,
Luxury Maestranza Donkey,7.8,191 €,0 estrellas,0 llaves,Sevilla,Sevilla,Amimir,
San Pagés 3br Apartment,7.9,135 €,0 estrellas,0 llaves,Sevilla,Sevilla,Amimir,
Calle Harinas 23,7.2,169 €,0 estrellas,0 llaves,Sevilla,Sevilla,Amimir,
Lolita's House Alhambra,8.7,111 €,0 estrellas,0 llaves,Sevilla,Sevilla,Amimir,
Apartamentos San Roque,8.7,97 €,0 estrellas,0 llaves,Sevilla,Sevilla,Amimir,
Isg Apartments Zaragoza-free Parking,8.0,167 €,0 estrellas,0 llaves,Sevilla,Sevilla,Amimir,
Isg Apartments The Most Exclusive Apartment In Sevillaparking,9.6,655 €,0 estrellas,0 llaves,Sevilla,Sevilla,Amimir,
"Soleado, Familiar, Alegre Y Tranquilo A Un Paseo De Catedral",9.6,231 €,0 estrellas,0 llaves,Sevilla,Sevilla,Amimir,
Apartamento San Roque 5,8.6,108 €,0 estrellas,0 llaves,Sevilla,Sevilla,Amimir,
"Center Sevilla Magdalena Premium, Free Parking",8.0,182 €,0 estrellas,0 llaves,Sevilla,Sevilla,Amimir,
Isg Apartments Puerta Jerez Sevilla 02,7.4,200 €,0 estrellas,0 llaves,Sevilla,Sevilla,Amimir,
Apartamentos Plaza Nueva,8.2,222 €,0 estrellas,0 llaves,Sevilla,Sevilla,Amimir,
JOY Plaza de Armas ,7.1,18 €,0 estrellas,0 llaves,Sevilla,Sevilla,Amimir,
Isg Apartments Downtown Family Haven Free Parking Spot,8.5,729 €,0 estrellas,0 llaves,Sevilla,Sevilla,Amimir,
Elegant Suite,8.7,335 €,0 estrellas,0 llaves,Sevilla,Sevilla,Amimir,
Nice Apartment In The Center Of Seville,8.4,70 €,0 estrellas,0 llaves,Sevilla,Sevilla,Amimir,
Genteel Home Betis 67,9.4,621 €,0 estrellas,0 llaves,Sevilla,Sevilla,Amimir,
By Plaza De España Overlooking Parque María Luisa,9.1,120 €,0 estrellas,0 llaves,Sevilla,Sevilla,Amimir,
Isg Apartments Precioso ático Con Terraza Privada En El Centro,7.7,180 €,0 estrellas,0 llaves,Sevilla,Sevilla,Amimir,
Apartamentos Gravina 56,9.5,255 €,0 estrellas,0 llaves,Sevilla,Sevilla,Amimir,
Solea,8.7,189 €,0 estrellas,0 llaves,Sevilla,Sevilla,Amimir,
Las Columnas De Hércules - Great Location!,9.3,155 €,0 estrellas,0 llaves,Sevilla,Sevilla,Amimir,
Loft Duplex Sevilla Wall,8.8,142 €,0 estrellas,0 llaves,Sevilla,Sevilla,Amimir,
Smartr Sevilla Puente De Triana,9.6,132 €,0 estrellas,0 llaves,Sevilla,Sevilla,Amimir,
ibis Sevilla,7.9,64 €,1 estrellas,0 llaves,Sevilla,Sevilla,Amimir,
The Corner House,9.2,110 €,0 estrellas,0 llaves,Sevilla,Sevilla,Amimir,
Apartamento En Casa Palacio Centro HistÓrico,9.1,139 €,0 estrellas,0 llaves,Sevilla,Sevilla,Amimir,
Hotel Restaurante Los Molinos,8.7,46 €,1 estrellas,0 llaves,Écija,Sevilla,Amimir,
Siesta Andaluza,9.1,150 €,0 estrellas,0 llaves,Sevilla,Sevilla,Amimir,
Magno Apartments Casa Del Correo Mayor I,9.1,208 €,0 estrellas,0 llaves,Sevilla,Sevilla,Amimir,
Suite Center San Lorenzo 35,8.6,135 €,0 estrellas,0 llaves,Sevilla,Sevilla,Amimir,
Suites San Pablo,8.3,138 €,0 estrellas,0 llaves,Sevilla,Sevilla,Amimir,
San Lorenzo Collection Homes - Space Maison Apartments,8.5,151 €,0 estrellas,0 llaves,Sevilla,Sevilla,Amimir,
Casas Del Madroño,8.6,60 €,0 estrellas,0 llaves,Cazalla de la Sierra,Sevilla,Amimir,
Zona Alameda De Hércules Silencioso,8.2,111 €,0 estrellas,0 llaves,Sevilla,Sevilla,Amimir,
Sirena Center Apartment,9.0,150 €,0 estrellas,0 llaves,Sevilla,Sevilla,Amimir,
Enjoy Sevilla,8.1,177 €,0 estrellas,0 llaves,Sevilla,Sevilla,Amimir,
Apartamento Faustino Alvarez,9.1,129 €,0 estrellas,0 llaves,Sevilla,Sevilla,Amimir,
Apartamentos Puerta del Sur,6.1,49 €,0 estrellas,0 llaves,Sevilla,Sevilla,Amimir,
Nuevo Apartamento Alameda,8.6,100 €,0 estrellas,0 llaves,Sevilla,Sevilla,Amimir,
Bambu Hostel Capsules,6.4,28 €,0 estrellas,0 llaves,Sevilla,Sevilla,Amimir,
Letoh Letoh Sevilla,8.0,104 €,0 estrellas,0 llaves,Sevilla,Sevilla,Amimir,
Precioso Apartamento En El Corazon De Sevilla,9.0,235 €,0 estrellas,0 llaves,Sevilla,Sevilla,Amimir,
Casa Pureza,8.9,108 €,0 estrellas,0 llaves,Sevilla,Sevilla,Amimir,
Palacio Bucarelli,9.0,174 €,0 estrellas,0 llaves,Sevilla,Sevilla,Amimir,
Pnp17 Bi,8.9,129 €,0 estrellas,0 llaves,Sevilla,Sevilla,Amimir,
Magno Apartments Pureza Suites,9.0,133 €,0 estrellas,0 llaves,Sevilla,Sevilla,Amimir,
Torneo 48 Suite,9.7,179 €,0 estrellas,0 llaves,Sevilla,Sevilla,Amimir,
Luis Montoto,9.3,157 €,0 estrellas,0 llaves,Sevilla,Sevilla,Amimir,
Serendipity Hispalis Nervión,8.8,162 €,0 estrellas,0 llaves,Sevilla,Sevilla,Amimir,
Enjoy Sevilla Familia,7.5,202 €,0 estrellas,0 llaves,Sevilla,Sevilla,Amimir,
Pensión Romero,8.5,127 €,0 estrellas,0 llaves,Sevilla,Sevilla,Amimir,
Atlumbreras16,9.1,143 €,0 estrellas,0 llaves,Sevilla,Sevilla,Amimir,
La Casa Del Corral Triana Collection Apartment,9.2,201 €,0 estrellas,0 llaves,Sevilla,Sevilla,Amimir,
New! Luxurious & Chic Duplex Next To The Cathedral,7.8,170 €,0 estrellas,0 llaves,Sevilla,Sevilla,Amimir,
Apartamento Macarena Junto A La Basílica De La Macarena,8.9,166 €,0 estrellas,0 llaves,Sevilla,Sevilla,Amimir,
Bella Vista Modern & Luxury,7.1,149 €,0 estrellas,0 llaves,Sevilla,Sevilla,Amimir,
Nice Apartment Centro Histórico,8.7,140 €,0 estrellas,0 llaves,Sevilla,Sevilla,Amimir,
Triana,8.9,115 €,0 estrellas,0 llaves,Sevilla,Sevilla,Amimir,
Hostel Ikigai,9.0,32 €,0 estrellas,0 llaves,Sevilla,Sevilla,Amimir,
Carmen De Triana,9.7,191 €,0 estrellas,0 llaves,Sevilla,Sevilla,Amimir,
A3 Estudio Centro Alameda Feria,8.0,141 €,0 estrellas,0 llaves,Sevilla,Sevilla,Amimir,
Segura Donkey,8.5,114 €,0 estrellas,0 llaves,Sevilla,Sevilla,Amimir,
"Lumbreras 42 Apartamento, Desayuno De Cortesía, Cerca De Isla Mágica",9.3,111 €,0 estrellas,0 llaves,Sevilla,Sevilla,Amimir,
Enorme Y Luminoso Apartamento Para 13 Personas Con Balcones En El Corazón De Sevilla,7.5,762 €,0 estrellas,0 llaves,Sevilla,Sevilla,Amimir,
Penthouse Asuncion Feria,9.3,195 €,0 estrellas,0 llaves,Sevilla,Sevilla,Amimir,
Futurotel Sevilla,7.7,63 €,0 estrellas,0 llaves,Sevilla,Sevilla,Amimir,
Modern Spacious Apartment Central Of Seville,9.3,141 €,0 estrellas,0 llaves,Sevilla,Sevilla,Amimir,
Hostal San Vicente II,9.1,66 €,0 estrellas,0 llaves,Sevilla,Sevilla,Amimir,
Apartamento San Jacinto III,9.3,129 €,0 estrellas,0 llaves,Sevilla,Sevilla,Amimir,
Triana Riverside,8.7,58 €,0 estrellas,0 llaves,Sevilla,Sevilla,Amimir,
"Apartamento Torneo, Aires De Guadalquivir",9.0,116 €,0 estrellas,0 llaves,Sevilla,Sevilla,Amimir,
Apartamentos Terra Triana,9.3,185 €,0 estrellas,0 llaves,Sevilla,Sevilla,Amimir,
Le Petit Paris,7.8,45 €,0 estrellas,0 llaves,Sevilla,Sevilla,Amimir,
Hotel Isla Menor,7.9,70 €,1 estrellas,0 llaves,Dos Hermanas,Sevilla,Amimir,
"Apartamento Céntrico En La Calle Cruz Verde, 10",7.8,151 €,0 estrellas,0 llaves,Sevilla,Sevilla,Amimir,
Apartamentos Montevideo 6,8.6,174 €,0 estrellas,0 llaves,Sevilla,Sevilla,Amimir,
Apartamento San Jacinto,9.0,129 €,0 estrellas,0 llaves,Sevilla,Sevilla,Amimir,
Isg Apartments Faustino 45,8.4,277 €,0 estrellas,0 llaves,Sevilla,Sevilla,Amimir,
Ático Terraza Privada Tetuán,9.3,430 €,0 estrellas,0 llaves,Sevilla,Sevilla,Amimir,
Apartamento 4 En Estadio Sevilla 8 Plazas Y Metro,8.8,550 €,0 estrellas,0 llaves,Sevilla,Sevilla,Amimir,
Fray Isidoro Apartment,8.5,115 €,0 estrellas,0 llaves,Sevilla,Sevilla,Amimir,
Isg Apartments Estudio En La Alameda 2,8.6,155 €,0 estrellas,0 llaves,Sevilla,Sevilla,Amimir,
Isg Apartments Faustino 45-3,8.3,178 €,0 estrellas,0 llaves,Sevilla,Sevilla,Amimir,
Alfareria Ocho,9.1,99 €,0 estrellas,0 llaves,Sevilla,Sevilla,Amimir,
El Castillo,6.1,61 €,0 estrellas,0 llaves,Alcalá de Guadaira,Sevilla,Amimir,
Isg Apartments Lovely Duplex,8.3,162 €,0 estrellas,0 llaves,Sevilla,Sevilla,Amimir,
Triana Backpackers,8.2,20 €,0 estrellas,0 llaves,Sevilla,Sevilla,Amimir,
Pretty Duplex In Bohemian District-city Center,7.9,100 €,0 estrellas,0 llaves,Sevilla,Sevilla,Amimir,
Dolium Apartments,8.3,65 €,0 estrellas,0 llaves,Sevilla,Sevilla,Amimir,
3 Bedroom Apartment With Stunning Guadalquivir Views,8.1,256 €,0 estrellas,0 llaves,Sevilla,Sevilla,Amimir,
Alfareria-sol,8.9,188 €,0 estrellas,0 llaves,Sevilla,Sevilla,Amimir,
Treetriana,8.3,491 €,0 estrellas,0 llaves,Sevilla,Sevilla,Amimir,
La Casa De Luis De Vargas,8.1,188 €,0 estrellas,0 llaves,Sevilla,Sevilla,Amimir,
Apartamento San Juan De Dios,8.1,100 €,0 estrellas,0 llaves,Sevilla,Sevilla,Amimir,
Epicenter,9.9,455 €,0 estrellas,0 llaves,Sevilla,Sevilla,Amimir,
Moderno Estudio Junto Al Río,8.2,180 €,0 estrellas,0 llaves,Sevilla,Sevilla,Amimir,
Isg Apartments Encantador Estudio En Alameda De Hércules,8.0,151 €,0 estrellas,0 llaves,Sevilla,Sevilla,Amimir,
Apartamento 3 En Estadio Del Sevilla 8 Plazas Y M,8.2,450 €,0 estrellas,0 llaves,Sevilla,Sevilla,Amimir,
Isg Apartments Modern Atticpool At The Cathedralfree Parking,8.7,934 €,0 estrellas,0 llaves,Sevilla,Sevilla,Amimir,
"Apartamento Macarena, En El Centro De Sevilla",8.0,95 €,0 estrellas,0 llaves,Sevilla,Sevilla,Amimir,
"Apartamento Triana, 5 Mins Centro",8.0,60 €,0 estrellas,0 llaves,Sevilla,Sevilla,Amimir,
Apartamento 2 En Estadio Sevilla 6 Plazas Y Metro,8.1,400 €,0 estrellas,0 llaves,Sevilla,Sevilla,Amimir,
El Apartamento De Rosi,7.9,180 €,0 estrellas,0 llaves,Sevilla,Sevilla,Amimir,
Hostal Nervion,7.7,60 €,0 estrellas,0 llaves,Sevilla,Sevilla,Amimir,
Mi Rincon En Triana,8.7,90 €,0 estrellas,0 llaves,Sevilla,Sevilla,Amimir,
"Tkm Home Amplió Y Familiar, Terraza Privada",9.8,299 €,0 estrellas,0 llaves,Sevilla,Sevilla,Amimir,
Urban Triana Sevilla,7.7,60 €,0 estrellas,0 llaves,Sevilla,Sevilla,Amimir,
Serenity Retreat At Seville - Free Parking,7.9,130 €,0 estrellas,0 llaves,Sevilla,Sevilla,Amimir,
Isg Apartments Luxury Apartment By The Cathedral,8.6,764 €,0 estrellas,0 llaves,Sevilla,Sevilla,Amimir,
Charming Apt In The Center - 10m Walk Isla Mágica,7.0,124 €,0 estrellas,0 llaves,Sevilla,Sevilla,Amimir,
Cozy&quiet Apt In Sanvicente St Andalusian Patio,8.7,147 €,0 estrellas,0 llaves,Sevilla,Sevilla,Amimir,
#3# Apartamento Bañera Hidromasaje Sevilla Centro,7.7,182 €,0 estrellas,0 llaves,Sevilla,Sevilla,Amimir,
Apartamento El Cachorro De Triana,8.7,85 €,0 estrellas,0 llaves,Sevilla,Sevilla,Amimir,
Apartamento Celia,9.2,157 €,0 estrellas,0 llaves,Sevilla,Sevilla,Amimir,
Luxor 7,7.3,76 €,0 estrellas,0 llaves,Sevilla,Sevilla,Amimir,
Loft Familiar piscina Sevilla Centro,7.5,408 €,0 estrellas,0 llaves,Sevilla,Sevilla,Amimir,
Isg Apartments Triana 1,9.1,190 €,0 estrellas,0 llaves,Sevilla,Sevilla,Amimir,
Resolana Home Sevilla,8.1,201 €,0 estrellas,0 llaves,Sevilla,Sevilla,Amimir,
Rincón De Esperanza,8.3,71 €,0 estrellas,0 llaves,Sevilla,Sevilla,Amimir,
Apartamento Sevilla Enzo,8.7,100 €,0 estrellas,0 llaves,Sevilla,Sevilla,Amimir,
Estudio Sevilla Centro,7.3,182 €,0 estrellas,0 llaves,Sevilla,Sevilla,Amimir,
Apartamento Privado En Triana Full Equip,8.5,120 €,0 estrellas,0 llaves,Sevilla,Sevilla,Amimir,
Triana 3 Wifi,8.1,86 €,0 estrellas,0 llaves,Sevilla,Sevilla,Amimir,
Estudio Completo A Estrenar En Triana,8.4,89 €,0 estrellas,0 llaves,Sevilla,Sevilla,Amimir,
Ole Triana,8.6,175 €,0 estrellas,0 llaves,Sevilla,Sevilla,Amimir,
Urban House Siurot 33,9.0,110 €,0 estrellas,0 llaves,Sevilla,Sevilla,Amimir,
Matisse,8.7,135 €,0 estrellas,0 llaves,Sevilla,Sevilla,Amimir,
Diseño Triana 2 Rooms,8.2,133 €,0 estrellas,0 llaves,Sevilla,Sevilla,Amimir,
Isg Apartments Triana Estudio 2,8.4,167 €,0 estrellas,0 llaves,Sevilla,Sevilla,Amimir,
Resitur Luxury Suit 2,6.5,710 €,0 estrellas,0 llaves,Sevilla,Sevilla,Amimir,
Flamenco B&B,8.7,88 €,0 estrellas,0 llaves,Sevilla,Sevilla,Amimir,
Futurotel Sevilla,6.4,59 €,0 estrellas,0 llaves,Sevilla,Sevilla,Amimir,
Apartamento Arrayan,7.0,175 €,0 estrellas,0 llaves,Sevilla,Sevilla,Amimir,
Canvas Sevilla Lago,8.2,70 €,0 estrellas,0 llaves,Sevilla,Sevilla,Amimir,
Apartamento Asturias,7.5,71 €,0 estrellas,0 llaves,Sevilla,Sevilla,Amimir,
Limehome Sevilla Calle Torcuato Luca de Tena,8.1,69 €,0 estrellas,0 llaves,Sevilla,Sevilla,Amimir,
Isg Apartments O'donnell 2-1-free Parking,8.9,429 €,0 estrellas,0 llaves,Sevilla,Sevilla,Amimir,
Rabadan Brand New Amazing House With Terrace Parking,10.0,835 €,0 estrellas,0 llaves,Sevilla,Sevilla,Amimir,
Loft Suite Frutos,8.6,119 €,0 estrellas,0 llaves,Sevilla,Sevilla,Amimir,
New Gorgeous 2-bed Apt In Seville Center,8.6,178 €,0 estrellas,0 llaves,Sevilla,Sevilla,Amimir,
Isg Apartments Casa Virginia-alameda,9.4,156 €,0 estrellas,0 llaves,Sevilla,Sevilla,Amimir,
Isg Puerta Jerez Sevilla 21,9.9,314 €,0 estrellas,0 llaves,Sevilla,Sevilla,Amimir,
Tourist House San Eloy,8.7,371 €,0 estrellas,0 llaves,Sevilla,Sevilla,Amimir,
Piso Reformado 3 Habitaciones,7.5,125 €,0 estrellas,0 llaves,Sevilla,Sevilla,Amimir,
Casa Unifamiliar,8.8,134 €,0 estrellas,0 llaves,Sevilla,Sevilla,Amimir,
Vice Apartment Seville Centre Alameda Hercules Square,8.4,104 €,0 estrellas,0 llaves,Sevilla,Sevilla,Amimir,
Apartamento Manzana,9.5,149 €,0 estrellas,0 llaves,Sevilla,Sevilla,Amimir,
Fibes Lux Sevilla Este.,8.6,78 €,0 estrellas,0 llaves,Sevilla,Sevilla,Amimir,
Apto Lux Sevilla,8.5,80 €,0 estrellas,0 llaves,Sevilla,Sevilla,Amimir,
Micampus Rector Estanislao Del Campo,7.6,58 €,0 estrellas,0 llaves,Sevilla,Sevilla,Amimir,
Apartamento Doctor Eusebio Leon,7.0,134 €,0 estrellas,0 llaves,Sevilla,Sevilla,Amimir,
Hacienda La Indiana,8.9,117 €,0 estrellas,0 llaves,Los Palacios y Villafranca,Sevilla,Amimir,
Apartamento Fibes Edificio Lux Sevilla,8.3,75 €,0 estrellas,0 llaves,Sevilla,Sevilla,Amimir,
Urbion Home,8.7,115 €,0 estrellas,0 llaves,Sevilla,Sevilla,Amimir,
Whitey Aparment In Triana,7.1,308 €,0 estrellas,0 llaves,Sevilla,Sevilla,Amimir,
5 Apartamento En Estadio Sevilla 6 Plazas 2 Hab Y Metro,8.8,346 €,0 estrellas,0 llaves,Sevilla,Sevilla,Amimir,
Alojamiento Rural Finca Barral,9.1,145 €,0 estrellas,0 llaves,Sevilla,Sevilla,Amimir,
Se - Peaceful Shiny Apartment Near Fibes,7.5,101 €,0 estrellas,0 llaves,Sevilla,Sevilla,Amimir,
Apartamento Reformado Parking Gratis,7.4,115 €,0 estrellas,0 llaves,Sevilla,Sevilla,Amimir,
Arte Y Descanso En Sevilla,8.1,224 €,0 estrellas,0 llaves,Sevilla,Sevilla,Amimir,
Camping Cuevas Mar,8.1,47 €,0 estrellas,0 llaves,Palomares del Río,Sevilla,Amimir,
Hostal Nueva Andalucia,6.9,35 €,0 estrellas,0 llaves,Alcalá de Guadaira,Sevilla,Amimir,
La Casa De Los Viajantes,6.6,405 €,0 estrellas,0 llaves,Sevilla,Sevilla,Amimir,
Apartamento Brisas,7.9,108 €,0 estrellas,0 llaves,Sevilla,Sevilla,Amimir,
Apartamento Cerca Del Aereopuerto,6.7,64 €,0 estrellas,0 llaves,Sevilla,Sevilla,Amimir,
Abba,8.3,76 €,0 estrellas,0 llaves,Sevilla,Sevilla,Amimir,
"Casa Rural Familiar , Castilleja Del Campo , Sevilla",8.4,97 €,0 estrellas,0 llaves,Sevilla,Sevilla,Amimir,
El Rincón De Leandro By Shs,,207 €,0 estrellas,0 llaves,Sevilla,Sevilla,Amimir,
Refugio Vanguardista En Calle Feria,9.2,199 €,0 estrellas,0 llaves,Sevilla,Sevilla,Amimir,
Magdalena Luxury House,,309 €,0 estrellas,0 llaves,Sevilla,Sevilla,Amimir,
Apartamentos Turisticos Resitur,7.6,58 €,0 estrellas,0 llaves,Sevilla,Sevilla,Amimir,
El Mirador Del Castillo,7.2,57 €,0 estrellas,0 llaves,Constantina,Sevilla,Amimir,
Suite Triana Sevilla,8.8,67 €,0 estrellas,0 llaves,Sevilla,Sevilla,Amimir,
180home Glamuroso Apartamento En Triana,8.4,170 €,0 estrellas,0 llaves,Sevilla,Sevilla,Amimir,
Loft Acogedor,9.6,94 €,0 estrellas,0 llaves,Sevilla,Sevilla,Amimir,
Oasis Sevilla Congresos,8.6,64 €,0 estrellas,0 llaves,Sevilla,Sevilla,Amimir,
Estudio La Casa Del Museo,,178 €,0 estrellas,0 llaves,Sevilla,Sevilla,Amimir,
Apartamento Industrial 1 Dormitorio Y Garaje,9.0,134 €,0 estrellas,0 llaves,Sevilla,Sevilla,Amimir,
Tiny House El Sol,9.1,95 €,0 estrellas,0 llaves,Sevilla,Sevilla,Amimir,
Reflection,,110 €,0 estrellas,0 llaves,Sevilla,Sevilla,Amimir,
Piso En La Oliva Bien Comunicado,7.5,199 €,0 estrellas,0 llaves,Sevilla,Sevilla,Amimir,
Petit Apartment Los Remedios,,171 €,0 estrellas,0 llaves,Sevilla,Sevilla,Amimir,
J&n Apartament La Palmera 2,7.1,114 €,0 estrellas,0 llaves,Sevilla,Sevilla,Amimir,
Campanilla N`28,9.5,170 €,0 estrellas,0 llaves,Sevilla,Sevilla,Amimir,
La Clara Domus,9.1,81 €,0 estrellas,0 llaves,Sevilla,Sevilla,Amimir,
Hotel Zentral Ave,8.7,76 €,4 estrellas,0 llaves,Zaragoza,Zaragoza,Amimir,
Apartamentos El Pilar 3000,8.4,80 €,0 estrellas,0 llaves,Zaragoza,Zaragoza,Amimir,
Gran Via,8.4,56 €,3 estrellas,0 llaves,Zaragoza,Zaragoza,Amimir,
Hotel Pilar Plaza,8.7,50 €,3 estrellas,0 llaves,Zaragoza,Zaragoza,Amimir,
Hotel Eurostars Zaragoza,7.8,55 €,4 estrellas,0 llaves,Zaragoza,Zaragoza,Amimir,
Hotel Monasterio Benedictino,8.7,60 €,4 estrellas,0 llaves,Calatayud,Zaragoza,Amimir,
Exe Boston,8.6,73 €,4 estrellas,0 llaves,Zaragoza,Zaragoza,Amimir,
Europa,8.8,68 €,4 estrellas,0 llaves,Utebo,Zaragoza,Amimir,
Hotel Zaragoza Royal,7.9,53 €,3 estrellas,0 llaves,Zaragoza,Zaragoza,Amimir,
Alda Triskel,8.3,42 €,3 estrellas,0 llaves,Sos del Rey Católico,Zaragoza,Amimir,
INNSiDE Zaragoza,9.4,130 €,4 estrellas,0 llaves,Zaragoza,Zaragoza,Amimir,
Hotel Palafox,8.2,128 €,5 estrellas,0 llaves,Zaragoza,Zaragoza,Amimir,
NH Sport,7.8,61 €,3 estrellas,0 llaves,Zaragoza,Zaragoza,Amimir,
Hotel Cesaraugusta,7.9,59 €,3 estrellas,0 llaves,Zaragoza,Zaragoza,Amimir,
Globales Castillo de Ayud,8.3,50 €,3 estrellas,0 llaves,Calatayud,Zaragoza,Amimir,
Oriente,8.9,77 €,3 estrellas,0 llaves,Zaragoza,Zaragoza,Amimir,
Cienbalcones Hotel,7.6,57 €,3 estrellas,0 llaves,Daroca,Zaragoza,Amimir,
Hotel Gomar,8.3,42 €,2 estrellas,0 llaves,San Martín de la Virgen del Moncayo,Zaragoza,Amimir,
Mesón de la Dolores,9.1,74 €,3 estrellas,0 llaves,Calatayud,Zaragoza,Amimir,
Hotel Alfonso,9.0,107 €,4 estrellas,0 llaves,Zaragoza,Zaragoza,Amimir,
Apartahotel Los Girasoles,9.2,78 €,4 estrellas,0 llaves,Zaragoza,Zaragoza,Amimir,
NH Collection Gran Hotel de Zaragoza,8.9,114 €,4 estrellas,0 llaves,Zaragoza,Zaragoza,Amimir,
Hospedería De Sádaba,8.2,71 €,3 estrellas,0 llaves,Sádaba,Zaragoza,Amimir,
Hotel París Centro,6.4,44 €,2 estrellas,0 llaves,Zaragoza,Zaragoza,Amimir,
Fornos,8.7,49 €,2 estrellas,0 llaves,Calatayud,Zaragoza,Amimir,
Apartahotel Belchite,9.4,85 €,3 estrellas,0 llaves,Belchite,Zaragoza,Amimir,
Hotel Diagonal Plaza,9.3,89 €,4 estrellas,0 llaves,Zaragoza,Zaragoza,Amimir,
Hostal Casa Marzo,7.6,86 €,3 estrellas,0 llaves,Cariñena,Zaragoza,Amimir,
Real Posada de Liena,8.9,104 €,3 estrellas,0 llaves,Murillo de Gállego,Zaragoza,Amimir,
La Casona de la Reina Berta,9.2,110 €,3 estrellas,0 llaves,Murillo de Gállego,Zaragoza,Amimir,
Vincci Zaragoza Zentro,9.0,101 €,4 estrellas,0 llaves,Zaragoza,Zaragoza,Amimir,
Encanto Tarazona,8.7,88 €,3 estrellas,0 llaves,Tarazona,Zaragoza,Amimir,
Hotel Hispania,8.5,64 €,2 estrellas,0 llaves,Zaragoza,Zaragoza,Amimir,
Hotel Balneario de la Virgen,7.3,79 €,3 estrellas,0 llaves,Jaraba,Zaragoza,Amimir,
Hotel Chané,8.5,60 €,2 estrellas,0 llaves,La Puebla de Alfindén,Zaragoza,Amimir,
Silken Reino de Aragón,8.8,127 €,4 estrellas,0 llaves,Zaragoza,Zaragoza,Amimir,
Hotel Don Jaime 54,9.0,53 €,3 estrellas,0 llaves,Zaragoza,Zaragoza,Amimir,
La Merced de la Concordia,,80 €,4 estrellas,0 llaves,Tarazona,Zaragoza,Amimir,
Las Ventas,8.4,49 €,3 estrellas,0 llaves,Utebo,Zaragoza,Amimir,
Kadrit Hotel,8.9,75 €,4 estrellas,0 llaves,Cadrete,Zaragoza,Amimir,
Hesperia Zaragoza Centro,8.4,75 €,3 estrellas,0 llaves,Zaragoza,Zaragoza,Amimir,
NH Ciudad de Zaragoza,9.2,98 €,4 estrellas,0 llaves,Zaragoza,Zaragoza,Amimir,
Hotel Goya,7.8,110 €,4 estrellas,0 llaves,Zaragoza,Zaragoza,Amimir,
Eurostars Rey Fernando,8.7,68 €,4 estrellas,0 llaves,Zaragoza,Zaragoza,Amimir,
Casa Platerias S.XV by 18 Torres,8.7,89 €,0 estrellas,4 llaves,Zaragoza,Zaragoza,Amimir,
Hotel ILUNION Romareda,8.3,90 €,4 estrellas,0 llaves,Zaragoza,Zaragoza,Amimir,
Tibur,7.9,68 €,3 estrellas,0 llaves,Zaragoza,Zaragoza,Amimir,
Catalonia El Pilar,9.6,140 €,4 estrellas,0 llaves,Zaragoza,Zaragoza,Amimir,
VTZ Orús Factory Hotel,7.9,60 €,2 estrellas,0 llaves,Zaragoza,Zaragoza,Amimir,
Hotel Inca,8.7,54 €,3 estrellas,0 llaves,Zaragoza,Zaragoza,Amimir,
Casa Palacio de los Sitios,8.9,70 €,0 estrellas,3 llaves,Zaragoza,Zaragoza,Amimir,
Exe Plaza Delicias,8.3,68 €,3 estrellas,0 llaves,Zaragoza,Zaragoza,Amimir,
YIT Ciudad de Zaragoza,7.9,59 €,3 estrellas,0 llaves,Zaragoza,Zaragoza,Amimir,
Reina Petronila,7.7,101 €,5 estrellas,0 llaves,Zaragoza,Zaragoza,Amimir,
Ibis Styles Zaragoza Ramiro I,7.9,77 €,3 estrellas,0 llaves,Zaragoza,Zaragoza,Amimir,
Castillo Bonavía,8.6,56 €,3 estrellas,0 llaves,Pedrola,Zaragoza,Amimir,
Río Arga,8.8,73 €,2 estrellas,0 llaves,Zaragoza,Zaragoza,Amimir,
Hotel El Águila,8.0,57 €,3 estrellas,0 llaves,Utebo,Zaragoza,Amimir,
B&B HOTEL Zaragoza Los Enlaces Estación,7.9,62 €,4 estrellas,0 llaves,Zaragoza,Zaragoza,Amimir,
Exe Zaragoza Wtc,8.7,77 €,3 estrellas,0 llaves,Zaragoza,Zaragoza,Amimir,
Casa Rural Santa Agueda,9.9,51 €,0 estrellas,0 llaves,Jaraba,Zaragoza,Amimir,
Apartamentos La Escapada,9.8,72 €,0 estrellas,0 llaves,Alhama de Aragón,Zaragoza,Amimir,
Hostal Santa Águeda,9.1,64 €,0 estrellas,0 llaves,Tarazona,Zaragoza,Amimir,
AZ Hotel El Príncipe,8.2,73 €,3 estrellas,0 llaves,Zaragoza,Zaragoza,Amimir,
Apartamentos Zaragoza Gran Vía 3000,9.0,94 €,0 estrellas,0 llaves,Zaragoza,Zaragoza,Amimir,
Suite Rural Carenas,9.5,189 €,0 estrellas,0 llaves,Carenas,Zaragoza,Amimir,
Origen Sacramento Deluxe,9.5,185 €,0 estrellas,0 llaves,Zaragoza,Zaragoza,Amimir,
Casa Rural Alicia,9.5,300 €,0 estrellas,0 llaves,Villafranca de Ebro,Zaragoza,Amimir,
Casa Rural Los Lilos,9.4,150 €,0 estrellas,0 llaves,Gotor,Zaragoza,Amimir,
Apartemento Rural,9.4,70 €,0 estrellas,0 llaves,Lumpiaque,Zaragoza,Amimir,
Casa Rural Mundobriga,9.0,93 €,0 estrellas,0 llaves,Munébrega,Zaragoza,Amimir,
Loft Con Terraza Y Barbacoa,9.2,83 €,0 estrellas,0 llaves,Lumpiaque,Zaragoza,Amimir,
Monasteriohome 1 2,9.2,64 €,0 estrellas,0 llaves,Ibdes,Zaragoza,Amimir,
Monasteriohome 1,9.1,63 €,0 estrellas,0 llaves,Ibdes,Zaragoza,Amimir,
A' Corona del Reino,8.9,80 €,0 estrellas,0 llaves,Ejea de los Caballeros,Zaragoza,Amimir,
La Tallada,9.0,110 €,0 estrellas,0 llaves,Caspe,Zaragoza,Amimir,
Mirador Del Río Piedra,9.0,305 €,0 estrellas,0 llaves,Nuévalos,Zaragoza,Amimir,
Casa Torralba,8.6,52 €,0 estrellas,0 llaves,El Frago,Zaragoza,Amimir,
Casa Aljez,8.7,150 €,0 estrellas,0 llaves,Calatayud,Zaragoza,Amimir,
Hostal Sara,8.6,40 €,0 estrellas,0 llaves,Villafeliche,Zaragoza,Amimir,
Rey Mundo,8.5,62 €,0 estrellas,0 llaves,Munébrega,Zaragoza,Amimir,
Borja,8.6,57 €,0 estrellas,0 llaves,Borja,Zaragoza,Amimir,
Pension Plaza,7.7,40 €,0 estrellas,0 llaves,Quinto,Zaragoza,Amimir,
La Alcoba De Becquer,8.4,46 €,0 estrellas,0 llaves,Vera de Moncayo,Zaragoza,Amimir,
Hotel Sauce,9.1,69 €,2 estrellas,0 llaves,Zaragoza,Zaragoza,Amimir,
Hostal Casa Pepe,8.0,35 €,0 estrellas,0 llaves,Tauste,Zaragoza,Amimir,
Tierra De Cubas,8.4,75 €,4 estrellas,0 llaves,Cariñena,Zaragoza,Amimir,
Sercotel Plaza Feria Hotel,8.5,70 €,4 estrellas,0 llaves,Zaragoza,Zaragoza,Amimir,
El Molino De La Hiedra,9.0,80 €,0 estrellas,0 llaves,Albeta,Zaragoza,Amimir,
Hiberus,8.7,100 €,4 estrellas,0 llaves,Zaragoza,Zaragoza,Amimir,
Hotel & Spa Real Ciudad De Zaragoza,7.7,60 €,4 estrellas,0 llaves,Zaragoza,Zaragoza,Amimir,
AZ San Valero Boutique Hotel,8.2,68 €,2 estrellas,0 llaves,Zaragoza,Zaragoza,Amimir,
Hotel Delicias,7.5,60 €,2 estrellas,0 llaves,Zaragoza,Zaragoza,Amimir,
Hotel Rio Arga,8.0,77 €,2 estrellas,0 llaves,Zaragoza,Zaragoza,Amimir,
Moncayo Rural Rr 44,8.5,129 €,0 estrellas,0 llaves,Vera de Moncayo,Zaragoza,Amimir,
B&B Hotel Zaragoza Centro,7.9,56 €,2 estrellas,0 llaves,Zaragoza,Zaragoza,Amimir,
Hotel Marivella,7.9,55 €,3 estrellas,0 llaves,Calatayud,Zaragoza,Amimir,
Casa Juani,9.0,218 €,0 estrellas,0 llaves,Ateca,Zaragoza,Amimir,
Hotel Rural Rincón del Cierzo,8.1,70 €,0 estrellas,0 llaves,Lécera,Zaragoza,Amimir,
Nuevo Apartamento En Calatayud,8.9,122 €,0 estrellas,0 llaves,Calatayud,Zaragoza,Amimir,
El Pilar A 7 Minutos,8.1,108 €,0 estrellas,0 llaves,Zaragoza,Zaragoza,Amimir,
El Compromiso,8.5,93 €,0 estrellas,0 llaves,Caspe,Zaragoza,Amimir,
Apartamento El Portiel,8.4,90 €,0 estrellas,0 llaves,Gotor,Zaragoza,Amimir,
Casa Rural Serafin,8.7,122 €,0 estrellas,0 llaves,Murillo de Gállego,Zaragoza,Amimir,
Hotel Tierra De Garnacha,6.7,57 €,2 estrellas,0 llaves,Borja,Zaragoza,Amimir,
Casa Típica Aragonesa.,7.1,276 €,0 estrellas,0 llaves,Caspe,Zaragoza,Amimir,
Apartamentos Zaragoza Independencia 3000,9.6,391 €,0 estrellas,0 llaves,Zaragoza,Zaragoza,Amimir,
Cogullada,7.4,60 €,2 estrellas,0 llaves,Zaragoza,Zaragoza,Amimir,
Apartamento Con Jacuzzi El Rincón De Ayud,8.5,139 €,0 estrellas,0 llaves,Calatayud,Zaragoza,Amimir,
La Parada,9.3,189 €,0 estrellas,0 llaves,Zaragoza,Zaragoza,Amimir,
Apartamento Zaragoza Centro,7.8,245 €,0 estrellas,0 llaves,Zaragoza,Zaragoza,Amimir,
Lagarterie Piso Restaurado En El Centro Histórico Parking Gratis Check-in 24 H,6.4,128 €,0 estrellas,0 llaves,Zaragoza,Zaragoza,Amimir,
AZ The Botanic Hostel,7.4,22 €,0 estrellas,0 llaves,Zaragoza,Zaragoza,Amimir,
Apartamento Plaza España,9.7,250 €,0 estrellas,0 llaves,Zaragoza,Zaragoza,Amimir,
280 Hotel,7.4,68 €,2 estrellas,0 llaves,Calatorao,Zaragoza,Amimir,
Serena Arte,9.0,187 €,0 estrellas,0 llaves,Zaragoza,Zaragoza,Amimir,
Valeria-dreams San Pablo,8.5,129 €,0 estrellas,0 llaves,Zaragoza,Zaragoza,Amimir,
El Pilar A 3 Minutos,8.6,96 €,0 estrellas,0 llaves,Zaragoza,Zaragoza,Amimir,
Villa de Zaragoza,9.0,60 €,2 estrellas,0 llaves,Zaragoza,Zaragoza,Amimir,
Apartamentos Rurales Hermanos Alcalá,,155 €,0 estrellas,0 llaves,Ibdes,Zaragoza,Amimir,
Apartamento Virgenes Eco Friendly,9.1,129 €,0 estrellas,0 llaves,Zaragoza,Zaragoza,Amimir,
El Bc Zaragoza - Aljafería,9.3,144 €,0 estrellas,0 llaves,Zaragoza,Zaragoza,Amimir,
El Primero G Zaragoza - Aljafería,9.3,135 €,0 estrellas,0 llaves,Zaragoza,Zaragoza,Amimir,
Moderno Apartamento En Casco Histórico + Desayuno!,8.7,107 €,0 estrellas,0 llaves,Zaragoza,Zaragoza,Amimir,
Pension Miraflores,7.5,40 €,0 estrellas,0 llaves,Zaragoza,Zaragoza,Amimir,
Rooftop Alfonso,9.8,300 €,0 estrellas,0 llaves,Zaragoza,Zaragoza,Amimir,
Gran Piso Pleno Centro. Plaza Del Pilar + Desayuno,9.2,121 €,0 estrellas,0 llaves,Zaragoza,Zaragoza,Amimir,
Valeria-dreams Maestro Luna,8.3,129 €,0 estrellas,0 llaves,Zaragoza,Zaragoza,Amimir,
Az El Balcón De Rey Alfonso I,8.6,97 €,0 estrellas,0 llaves,Zaragoza,Zaragoza,Amimir,
Apartamento Zaragoza Centro 2,8.2,235 €,0 estrellas,0 llaves,Zaragoza,Zaragoza,Amimir,
Atico Centro Sol Y Vistas,9.6,157 €,0 estrellas,0 llaves,Zaragoza,Zaragoza,Amimir,
Exclusivo Tapas El Tubo Checkin 24h Centro 1,9.4,182 €,0 estrellas,0 llaves,Zaragoza,Zaragoza,Amimir,
Check-in 24h Nuevo Único Wifi Familiar Centro 3,9.4,186 €,0 estrellas,0 llaves,Zaragoza,Zaragoza,Amimir,
Check-in 24h Plaza España Amplio Centro 4,9.3,186 €,0 estrellas,0 llaves,Zaragoza,Zaragoza,Amimir,
Fantastica Buhardilla Pz. Pilar,8.9,89 €,0 estrellas,0 llaves,Zaragoza,Zaragoza,Amimir,
Moderno Nuevo Luminoso Wi-fi Plaza Del Pilar 2,9.1,188 €,0 estrellas,0 llaves,Zaragoza,Zaragoza,Amimir,
Apartamento Nolasco,8.7,180 €,0 estrellas,0 llaves,Zaragoza,Zaragoza,Amimir,
Ático Acogedor Lujoso Check-in 24h Penthouse 5,8.8,183 €,0 estrellas,0 llaves,Zaragoza,Zaragoza,Amimir,
Hostal Plaza,8.8,74 €,0 estrellas,0 llaves,Zaragoza,Zaragoza,Amimir,
Apartamento Azabache,9.5,185 €,0 estrellas,0 llaves,Zaragoza,Zaragoza,Amimir,
Apartamento Junto A La Basilica Del Pilar,7.9,130 €,0 estrellas,0 llaves,Zaragoza,Zaragoza,Amimir,
Ático Cierzo Nuevo Duplex Terraza Wifi 1 Br,8.2,180 €,0 estrellas,0 llaves,Zaragoza,Zaragoza,Amimir,
Torre Mudejar,8.7,108 €,0 estrellas,0 llaves,Zaragoza,Zaragoza,Amimir,
Apartamento Con Jacuzzi El Rincón De Las Delicias,9.7,156 €,0 estrellas,0 llaves,Zaragoza,Zaragoza,Amimir,
Pasarela Almozara Home,9.1,126 €,0 estrellas,0 llaves,Zaragoza,Zaragoza,Amimir,
Apartamento Con Vistas Al Pilar Con Aparcamiento Privado,9.2,192 €,0 estrellas,0 llaves,Zaragoza,Zaragoza,Amimir,
Casa Goya Vírgenes,8.5,179 €,0 estrellas,0 llaves,Zaragoza,Zaragoza,Amimir,
Apartamento Cerca Del Pilar,8.4,144 €,0 estrellas,0 llaves,Zaragoza,Zaragoza,Amimir,
Casa Estébanes 2 Br Premium Familiar 7 Pax,8.7,275 €,0 estrellas,0 llaves,Zaragoza,Zaragoza,Amimir,
Apartamento Zaragoza Plaza Europa,8.0,240 €,0 estrellas,0 llaves,Zaragoza,Zaragoza,Amimir,
B&B HOTEL Zaragoza Plaza Mozart,8.4,52 €,0 estrellas,0 llaves,Zaragoza,Zaragoza,Amimir,
Hostal Puente De Piedra,8.6,35 €,0 estrellas,0 llaves,Zaragoza,Zaragoza,Amimir,
La Parada De La Estacion Con Parking,9.6,198 €,0 estrellas,0 llaves,Zaragoza,Zaragoza,Amimir,
Zaragoza Y Sus 2 Catedrales,8.6,98 €,0 estrellas,0 llaves,Zaragoza,Zaragoza,Amimir,
Casa Augusta Renovada Centro Histórico 5 Pax,,205 €,0 estrellas,0 llaves,Zaragoza,Zaragoza,Amimir,
Loft Loarre Estudio Premium Renovado 5 Pax,8.3,141 €,0 estrellas,0 llaves,Zaragoza,Zaragoza,Amimir,
Precioso Piso-apartamento En Barrio De Zaragoza,7.9,59 €,0 estrellas,0 llaves,Zaragoza,Zaragoza,Amimir,
Apartamento Zaragoza Picarral,8.6,235 €,0 estrellas,0 llaves,Zaragoza,Zaragoza,Amimir,
Casa Cosmos Arcade Wifi 4 Huéspedes,,225 €,0 estrellas,0 llaves,Zaragoza,Zaragoza,Amimir,
Hotel Monumento Almenara de Copau,9.1,143 €,0 estrellas,0 llaves,Zaragoza,Zaragoza,Amimir,
Inmejorable Apartamento Cerca Estación Delicias Con Garaje,8.5,315 €,0 estrellas,0 llaves,Zaragoza,Zaragoza,Amimir,
Rnr Bednbreakfast,8.6,40 €,0 estrellas,0 llaves,Caspe,Zaragoza,Amimir,
Ático Alfonso Amplio Céntrico Renovado 10 Pax,,230 €,0 estrellas,0 llaves,Zaragoza,Zaragoza,Amimir,
Valeria Dreams - Maestro Luna 4º,,129 €,0 estrellas,0 llaves,Zaragoza,Zaragoza,Amimir,
"Valeria-dreams Maestro Luna 5,2º",,129 €,0 estrellas,0 llaves,Zaragoza,Zaragoza,Amimir,
La Parada De Sant Domingo 2,,234 €,0 estrellas,0 llaves,Zaragoza,Zaragoza,Amimir,
La Casa De Invitados,8.1,89 €,0 estrellas,0 llaves,Zaragoza,Zaragoza,Amimir,
Casa Jesús Ps5 Juegos Niños Wifi 6 Pax,9.2,217 €,0 estrellas,0 llaves,Zaragoza,Zaragoza,Amimir,
La Casa Contenedor,7.4,96 €,0 estrellas,0 llaves,Zaragoza,Zaragoza,Amimir,
Apartamentos Zaragoza Reconquista 3000,8.7,105 €,0 estrellas,0 llaves,Zaragoza,Zaragoza,Amimir,
Villa Sa Calma,9.3,750 €,0 estrellas,0 llaves,Zaragoza,Zaragoza,Amimir,
Hotel Florencio Ibiza,"8,2",€ 76,2,,San Antonio,Ibiza,Booking,
Hostal Parque Ibiza,"8,7",€ 58,0,,"Centro de Ibiza ciudad, Ibiza",Ibiza,Booking,
Hotel Vibra Marítimo,"7,3",€ 85,3,,"Centro de Ibiza ciudad, Ibiza",Ibiza,Booking,
PAIISE Hotels,"8,3",€ 97,0,,Sant Francesc de s'Estany,Ibiza,Booking,
La Bartola Guesthouse,"8,4",€ 40,0,,"Centro de Ibiza ciudad, Ibiza",Ibiza,Booking,
Coordenadas Ibiza,"7,9",€ 35,0,,"Centro de Ibiza ciudad, Ibiza",Ibiza,Booking,
Hostal Marí,"8,5",€ 60,2,,San Antonio,Ibiza,Booking,
Cisne By Nest Hostel,"6,1",€ 22,0,,San Antonio,Ibiza,Booking,
Eurostars Puerto de Ibiza,"8,5",€ 99,4,,"Centro de Ibiza ciudad, Ibiza",Ibiza,Booking,
Ocean Drive Ibiza,"8,0",€ 114,4,,Ibiza,Ibiza,Booking,
Bon Sol Prestige - AB Group,"8,5",€ 64,4,,Playa d'en Bossa,Ibiza,Booking,
Hotel Moon Dreams Paraiso - Adults Recommended,"8,6",€ 86,3,,Es Canar,Ibiza,Booking,
Hostal Talamanca,"7,8",€ 62,2,,Talamanca,Ibiza,Booking,
Pacha Hotel,"9,0",€ 166,4,,Ibiza,Ibiza,Booking,
Hotel Royal Plaza,"8,0",€ 80,4,,"Centro de Ibiza ciudad, Ibiza",Ibiza,Booking,
Ibiza Boutique Guest House,"8,5",€ 61,0,,"Centro de Ibiza ciudad, Ibiza",Ibiza,Booking,
"The Standard, Ibiza","8,7",€ 171,5,,"Centro de Ibiza ciudad, Ibiza",Ibiza,Booking,
Hostal Costa,"8,1",€ 60,1,,Ibiza,Ibiza,Booking,
Play Hotel Ibiza - Adults Only,"8,6",€ 95,1,,"Centro de Ibiza ciudad, Ibiza",Ibiza,Booking,
Hostal Rosell Boutique,"9,4",€ 62,1,,San Antonio,Ibiza,Booking,
Hotel Ses Figueres,"8,5",€ 75,3,,Talamanca,Ibiza,Booking,
Hostal La Torre Ibiza Cap Negret,"8,9",€ 87,4,,San Antonio,Ibiza,Booking,
Montesol Experimental Ibiza,"8,8",€ 207,5,,"Centro de Ibiza ciudad, Ibiza",Ibiza,Booking,
Lux Isla,"9,2",€ 91,3,,Talamanca,Ibiza,Booking,
Hostal Sunset Ibiza,"7,5",€ 47,3,,San Antonio,Ibiza,Booking,
Aparthotel Duquesa Playa,"8,8",€ 105,4,,Santa Eulària des Riu,Ibiza,Booking,
Eurostars Ibiza,"8,6",€ 211,4,,"Centro de Ibiza ciudad, Ibiza",Ibiza,Booking,
Boutique Apartments Marsol Ibiza,"9,0",€ 133,4,,Santa Eulària des Riu,Ibiza,Booking,
Hostal y Apartamentos Santa Eulalia,"7,8",€ 61,2,,Santa Eulària des Riu,Ibiza,Booking,
Hotel Rural Can Partit Adults Only-Ibiza,"9,1",€ 143,4,,Santa Inés,Ibiza,Booking,
azuLine Hostal Marino,"8,3",€ 60,2,,San Antonio,Ibiza,Booking,
THB Los Molinos - Adults Only,"8,6",€ 96,4,,"Centro de Ibiza ciudad, Ibiza",Ibiza,Booking,
azuLine Hotel M,"8,7",€ 140,4,,San Antonio,Ibiza,Booking,
Agroturismo Can Pere Sord,"8,9",€ 196,4,,Sant Joan de Labritja,Ibiza,Booking,
Apartamentos San Francisco,"8,3",€ 102,3,,San Antonio,Ibiza,Booking,
Can Vistabella Boutique Resort,"9,4",€ 227,4,,San Antonio,Ibiza,Booking,
Studio in Jesús,"9,3",€ 133,3,,Nuestra Señora de Jesús,Ibiza,Booking,
Hostal Flamingo by Nest,"7,5",€ 80,1,,Es Canar,Ibiza,Booking,
Hotel Puchet Ibiza,"8,0",€ 104,3,,San Antonio,Ibiza,Booking,
Grand Hotel Palladium Santa Eulalia del Rio,"9,0",€ 970,5,,Santa Eulària des Riu,Ibiza,Booking,
Can Caseres,"9,4",€ 3.042,4,,Cala Llenya,Ibiza,Booking,
Villa Turquesa,"9,0",€ 751,4,,Es Cubells,Ibiza,Booking,
Villa Wave,,€ 10.175,4,,Talamanca,Ibiza,Booking,
All Suite Ibiza Aparthotel,"8,7",€ 132,4,,San Antonio,Ibiza,Booking,
Villa Roberto Ibiza,"9,5",€ 1.154,4,,Sant Josep de sa Talaia,Ibiza,Booking,
Can Taika,,€ 6.612,4,,Port d'es Torrent,Ibiza,Booking,
Beautiful Sea View Villa Minerva,,€ 4.435,4,,Sant Josep,Ibiza,Booking,
Apartamentos Albertos,"8,0",€ 201,3,,Santa Eulària des Riu,Ibiza,Booking,
Can Ribes Ibiza,"Excepcional 9,6",€ 3.626,4,,Sant Llorenç de Balàfia,Ibiza,Booking,
Dalt Vila House,"7,8",€ 343,3,,"Dalt Vila, Ibiza",Ibiza,Booking,
Casa Cayama,,€ 6.138,4,,Es Cubells,Ibiza,Booking,
JAMES SIB33 - contemporary design villa with pool Cap Martinet Ibiza,,€ 6.008,4,,Talamanca,Ibiza,Booking,
Villa Es Cuco,"8,8",€ 1.039,4,,Port d'es Torrent,Ibiza,Booking,
Can Vishnu,,€ 7.747,4,,San José,Ibiza,Booking,
Apartamento Ciel Azul,,€ 560,4,,Cala Llenya,Ibiza,Booking,
Villa Amigo Near Las Dalias - Nice,,€ 2.933,4,,Cala Llenya,Ibiza,Booking,
Ca Nostra Ibiza,"9,5",€ 2.583,4,,Port d'es Torrent,Ibiza,Booking,
Can Pepe Pujolet,"9,2",€ 1.224,4,,Santa Gertrudis,Ibiza,Booking,
Villa Lux Mar,,€ 897,0,,Cala Llenya,Ibiza,Booking,
Can Lluc,"9,0",€ 2.362,4,,Can Furnet,Ibiza,Booking,
Villa Beso,"8,9",€ 1.154,4,,San Antonio,Ibiza,Booking,
Can Palau,"9,5",€ 3.681,4,,Sant Llorenç de Balàfia,Ibiza,Booking,
La Diosa,,€ 2.441,4,,Roca Llisa,Ibiza,Booking,
JosepTalaia Villa Top-Class-Villa-Ibiza,,€ 3.665,0,,Sant Josep,Ibiza,Booking,
Villa Cas Hespero,10,€ 1.359,4,,San Antonio,Ibiza,Booking,
Apt with terrace and pool Steps from the sandy beach,,€ 283,4,,San Juan Bautista,Ibiza,Booking,
Can Andreuet,,€ 3.472,4,,Playa Aguas Bancas,Ibiza,Booking,
Villa Sa Barda,"8,7",€ 983,4,,San Antonio,Ibiza,Booking,
Casita en Cala Llonga,"8,0",€ 1.627,4,,Cala Llonga,Ibiza,Booking,
Villa Ocean - Sunset Beach,"8,5",€ 939,4,,Bahía de San Antonio,Ibiza,Booking,
Can Marsá de Baix,"8,8",€ 2.702,4,,Santa Eulària des Riu,Ibiza,Booking,
Velero Ariel,,€ 1.306,0,,Sant Josep,Ibiza,Booking,
'Bohemian Pearl' - artsy oasis in the North of Ibiza,,€ 1.301,4,,Ibiza,Ibiza,Booking,
Mirage Ibiza,,€ 18.001,5,,Ibiza,Ibiza,Booking,
Villa Olga - San Jose,"7,8",€ 1.261,3,,Sant Josep de sa Talaia,Ibiza,Booking,
Villa with charm and privacy,,€ 995,0,,Sant Rafel de sa Creu,Ibiza,Booking,
JAMES SIB16 - stunning spacious luxury villa in the heart of Ibiza Town,Excepcional 10,€ 3.548,4,,Ibiza,Ibiza,Booking,
Limehome Sevilla Ronda de Capuchinos,"8,8",€ 118,4,,"Centro histórico de Sevilla, Sevilla",Sevilla,Booking,
Basic Hotel Doña Manuela,"8,8",€ 95,2,,"Centro histórico de Sevilla, Sevilla",Sevilla,Booking,
Catalonia Santa Justa,"9,0",€ 80,4,,"San Pablo-Santa Justa, Sevilla",Sevilla,Booking,
Hotel Pasarela,"7,8",€ 81,4,,"Sur, Sevilla",Sevilla,Booking,
Pensión Javier,"7,4",€ 26,1,,"Centro histórico de Sevilla, Sevilla",Sevilla,Booking,
M.A. Hotel Sevilla Congresos,"8,4",€ 77,4,,"Este, Sevilla",Sevilla,Booking,
Exe Sevilla Palmera,"8,2",€ 111,4,,"Sur, Sevilla",Sevilla,Booking,
Hostal Trajano,"7,9",€ 35,1,,"Centro histórico de Sevilla, Sevilla",Sevilla,Booking,
Hostal Sierpes,"8,0",€ 45,1,,"Centro histórico de Sevilla, Sevilla",Sevilla,Booking,
Hotel Macià Sevilla Kubb,"8,6",€ 96,4,,"Nervión, Sevilla",Sevilla,Booking,
La Puerta de Palacio - Adults Only,"8,6",€ 59,0,,"Centro histórico de Sevilla, Sevilla",Sevilla,Booking,
Vértice Sevilla,"8,4",€ 81,4,,"Este, Sevilla",Sevilla,Booking,
Hostal La Muralla,"7,6",€ 47,1,,"Centro histórico de Sevilla, Sevilla",Sevilla,Booking,
Monte Carmelo,"9,1",€ 96,4,,"Los Remedios, Sevilla",Sevilla,Booking,
Hotel Patio de las Cruces,"8,0",€ 59,1,,"Centro histórico de Sevilla, Sevilla",Sevilla,Booking,
"Micampus Estanislao del Campo, Student Residence","7,4",€ 56,0,,"Bellavista - Palmera, Sevilla",Sevilla,Booking,
Hotel Alcázar,"8,2",€ 80,3,,"Centro histórico de Sevilla, Sevilla",Sevilla,Booking,
Hostal Sevilla Santa Justa - Adults only,"8,7",€ 59,1,,"Nervión, Sevilla",Sevilla,Booking,
Apartamentos Sevilla Este by QHotels,"8,6",€ 64,4,,"Este, Sevilla",Sevilla,Booking,
Cool Sevilla Hotel,"8,0",€ 60,2,,"Centro histórico de Sevilla, Sevilla",Sevilla,Booking,
nüa alameda,"8,3",€ 65,4,,"Centro histórico de Sevilla, Sevilla",Sevilla,Booking,
Virgen de los Reyes,"8,3",€ 106,4,,"San Pablo-Santa Justa, Sevilla",Sevilla,Booking,
Novotel Sevilla,"8,5",€ 109,4,,"Nervión, Sevilla",Sevilla,Booking,
Hostal Hom Museo,"8,7",€ 55,1,,"Centro histórico de Sevilla, Sevilla",Sevilla,Booking,
Zaida Boutique Hotel,"8,3",€ 81,3,,"Centro histórico de Sevilla, Sevilla",Sevilla,Booking,
Hotel Goya,"8,2",€ 55,2,,"Centro histórico de Sevilla, Sevilla",Sevilla,Booking,
Petit Palace Vargas,"8,9",€ 108,2,,"Centro histórico de Sevilla, Sevilla",Sevilla,Booking,
Reyes Católicos,"8,0",€ 90,3,,"Centro histórico de Sevilla, Sevilla",Sevilla,Booking,
Zenit Sevilla,"9,0",€ 112,4,,"Triana, Sevilla",Sevilla,Booking,
Ibis Styles Sevilla City Santa Justa,"8,7",€ 81,3,,"Nervión, Sevilla",Sevilla,Booking,
NH Collection Sevilla,"8,8",€ 120,4,,"Nervión, Sevilla",Sevilla,Booking,
Occidental Sevilla Viapol,"8,9",€ 115,4,,"Nervión, Sevilla",Sevilla,Booking,
Hotel Don Paco,"8,1",€ 65,3,,"Centro histórico de Sevilla, Sevilla",Sevilla,Booking,
Hostal Jentoft,"7,8",€ 44,2,,"Centro histórico de Sevilla, Sevilla",Sevilla,Booking,
Apartamentos Resitur,"7,8",€ 65,3,,"Triana, Sevilla",Sevilla,Booking,
AC Hotel Ciudad de Sevilla by Marriott,"8,6",€ 130,4,,"Sur, Sevilla",Sevilla,Booking,
Hotel Sevilla,"8,4",€ 59,2,,"Centro histórico de Sevilla, Sevilla",Sevilla,Booking,
Hostal San Vicente II,"8,9",€ 67,4,,"Nervión, Sevilla",Sevilla,Booking,
Hesperia Sevilla,"8,9",€ 133,4,,"Nervión, Sevilla",Sevilla,Booking,
AC Hotel Sevilla Fórum by Marriott,"8,2",€ 98,4,,"Este, Sevilla",Sevilla,Booking,
Casa Boutique La Pila del Pato,"8,6",€ 59,1,,"Centro histórico de Sevilla, Sevilla",Sevilla,Booking,
Hotel Sevilla Center,"8,8",€ 122,4,,"Nervión, Sevilla",Sevilla,Booking,
Porcel Torneo,"8,6",€ 97,4,,"Macarena, Sevilla",Sevilla,Booking,
Hotel Doña Blanca,"8,1",€ 73,2,,"Centro histórico de Sevilla, Sevilla",Sevilla,Booking,
Hemd Hotels Puerta Real Boutique,"8,5",€ 114,2,,"Centro histórico de Sevilla, Sevilla",Sevilla,Booking,
Ibis Budget Sevilla Aeropuerto,"7,6",€ 60,1,,"Macarena Norte, Sevilla",Sevilla,Booking,
HOSTAL NERVION,"7,7",€ 60,4,,"Nervión, Sevilla",Sevilla,Booking,
Le Petit Paris,"7,9",€ 51,3,,"Centro histórico de Sevilla, Sevilla",Sevilla,Booking,
Urban Cube Hostel Sevilla,"8,8",€ 36,0,,"Nervión, Sevilla",Sevilla,Booking,
Ribera de Triana Hotel,"9,0",€ 116,4,,"Triana, Sevilla",Sevilla,Booking,
Petit Palace Canalejas Sevilla,"8,3",€ 90,2,,"Centro histórico de Sevilla, Sevilla",Sevilla,Booking,
El Viajero en Sevilla,"8,6",€ 54,0,,"Centro histórico de Sevilla, Sevilla",Sevilla,Booking,
Apartamentos Vértice Bib Rambla,"8,6",€ 70,2,,"Este, Sevilla",Sevilla,Booking,
Catalonia Hispalis,"8,2",€ 60,3,,"Cerro - Amate, Sevilla",Sevilla,Booking,
Hilton Garden Inn Sevilla,"8,6",€ 97,4,,"Macarena Norte, Sevilla",Sevilla,Booking,
Hotel Cervantes,"8,7",€ 129,4,,"Centro histórico de Sevilla, Sevilla",Sevilla,Booking,
Urban House Siurot 33,"8,8",€ 110,4,,"Sur, Sevilla",Sevilla,Booking,
Hotel San Pablo Sevilla,"8,0",€ 62,3,,"Este, Sevilla",Sevilla,Booking,
Exe Isla Cartuja,"8,3",€ 123,4,,"Isla de La Cartuja, Sevilla",Sevilla,Booking,
Pensión Riosol,"7,0",€ 52,1,,"Centro histórico de Sevilla, Sevilla",Sevilla,Booking,
Casona de San Andrés Boutique Hotel,"8,5",€ 112,3,,"Centro histórico de Sevilla, Sevilla",Sevilla,Booking,
Melia Sevilla,"8,6",€ 135,4,,"Sur, Sevilla",Sevilla,Booking,
Petit Palace Puerta de Triana,"8,7",€ 112,3,,"Centro histórico de Sevilla, Sevilla",Sevilla,Booking,
Melia Lebreros,"8,8",€ 133,4,,"Nervión, Sevilla",Sevilla,Booking,
Pensión La Montoreña,"7,4",€ 30,0,,"Centro histórico de Sevilla, Sevilla",Sevilla,Booking,
Exe Sevilla Macarena,"8,1",€ 136,4,,"Macarena, Sevilla",Sevilla,Booking,
CSE Casa Catedral,"7,9",€ 70,4,,"Centro histórico de Sevilla, Sevilla",Sevilla,Booking,
Monte Triana,"9,0",€ 114,4,,"Triana, Sevilla",Sevilla,Booking,
Catalonia Giralda,"8,8",€ 115,4,,"Centro histórico de Sevilla, Sevilla",Sevilla,Booking,
Hotel Plaza,"8,3",€ 74,3,,"Centro histórico de Sevilla, Sevilla",Sevilla,Booking,
nüa cicerone,"8,2",€ 75,3,,"Centro histórico de Sevilla, Sevilla",Sevilla,Booking,
Hostal Callejon del Agua,"8,3",€ 65,4,,"Centro histórico de Sevilla, Sevilla",Sevilla,Booking,
Futurotel Sevilla,"7,6",€ 55,0,,"Los Remedios, Sevilla",Sevilla,Booking,
Hotel Derby Sevilla,"8,6",€ 114,3,,"Centro histórico de Sevilla, Sevilla",Sevilla,Booking,
Hotel AACR Museo,"8,4",€ 81,3,,"Centro histórico de Sevilla, Sevilla",Sevilla,Booking,
Hotel Baco,"7,7",€ 68,2,,"Centro histórico de Sevilla, Sevilla",Sevilla,Booking,
Hotel Alcántara,"8,7",€ 79,2,,"Centro histórico de Sevilla, Sevilla",Sevilla,Booking,
NH Sevilla Plaza de Armas,"8,7",€ 149,4,,"Centro histórico de Sevilla, Sevilla",Sevilla,Booking,
Suites Hom Sevilla,"9,0",€ 90,4,,"Centro histórico de Sevilla, Sevilla",Sevilla,Booking,
Adriano Boutique Sevilla,"9,0",€ 95,3,,"Centro histórico de Sevilla, Sevilla",Sevilla,Booking,
Hostal Santa Catalina,"7,4",€ 55,1,,"Centro histórico de Sevilla, Sevilla",Sevilla,Booking,
Barceló Sevilla Renacimiento,"8,8",€ 129,5,,"Triana, Sevilla",Sevilla,Booking,
Welldone Sierpes Boutique,"8,8",€ 91,1,,"Centro histórico de Sevilla, Sevilla",Sevilla,Booking,
nüa santiago15,"8,6",€ 75,4,,"Centro histórico de Sevilla, Sevilla",Sevilla,Booking,
Basic Hotel Puerta de Sevilla,"8,3",€ 115,1,,"Centro histórico de Sevilla, Sevilla",Sevilla,Booking,
Apartamentos Puerta del Sur,"7,7",€ 55,3,,"Bellavista - Palmera, Sevilla",Sevilla,Booking,
Hotel Venecia,"8,4",€ 58,3,,"Centro histórico de Sevilla, Sevilla",Sevilla,Booking,
Apartamentos Dolium,"8,3",€ 65,4,,"Triana, Sevilla",Sevilla,Booking,
Hotel Boutique Casa de Colón,"8,5",€ 120,3,,"Centro histórico de Sevilla, Sevilla",Sevilla,Booking,
BYPILLOW Abril,"9,0",€ 86,2,,"Centro histórico de Sevilla, Sevilla",Sevilla,Booking,
Colectia Hotel Santa Lucía,"8,3",€ 82,3,,"Centro histórico de Sevilla, Sevilla",Sevilla,Booking,
Hotel Simon,"8,6",€ 61,1,,"Centro histórico de Sevilla, Sevilla",Sevilla,Booking,
Un Patio al Sur,"8,8",€ 76,2,,"Centro histórico de Sevilla, Sevilla",Sevilla,Booking,
Catedral Boutique,"8,1",€ 66,2,,"Centro histórico de Sevilla, Sevilla",Sevilla,Booking,
Eurostars Guadalquivir,"9,1",€ 177,4,,"Los Remedios, Sevilla",Sevilla,Booking,
Apartamentos Magna Sevilla,"7,8",€ 87,3,,"Centro histórico de Sevilla, Sevilla",Sevilla,Booking,
Hotel Doña Lina,"8,7",€ 92,2,,"Centro histórico de Sevilla, Sevilla",Sevilla,Booking,
MDD4 Health Experience Hotel - Adults Only,"8,9",€ 100,2,,"Centro histórico de Sevilla, Sevilla",Sevilla,Booking,
room00 Salvador Hostel,"8,7",€ 25,0,,"Centro histórico de Sevilla, Sevilla",Sevilla,Booking,
Letoh Letoh Sevilla,"8,9",€ 107,0,,"Centro histórico de Sevilla, Sevilla",Sevilla,Booking,
Soho Boutique Sevilla,"8,5",€ 129,3,,"Centro histórico de Sevilla, Sevilla",Sevilla,Booking,
Ibis Sevilla,"8,0",€ 65,1,,"Macarena Norte, Sevilla",Sevilla,Booking,
nüa santa cruz,"8,2",€ 81,4,,"Centro histórico de Sevilla, Sevilla",Sevilla,Booking,
Eurostars Al-Ándalus Palace,"8,5",€ 223,4,,"Bellavista - Palmera, Sevilla",Sevilla,Booking,
Hotel Bécquer,"9,2",€ 144,4,,"Centro histórico de Sevilla, Sevilla",Sevilla,Booking,
Hotel Tayko Sevilla,"9,4",€ 163,4,,"Centro histórico de Sevilla, Sevilla",Sevilla,Booking,
room Select Tetuán,"8,6",€ 85,4,,"Centro histórico de Sevilla, Sevilla",Sevilla,Booking,
Itaca Artemisa by Soho Boutique,"8,2",€ 94,3,,"Centro histórico de Sevilla, Sevilla",Sevilla,Booking,
Serendipity Hispalis Nervión,"8,9",€ 162,4,,"Nervión, Sevilla",Sevilla,Booking,
Welldone Quality - Crystal pool,"8,7",€ 95,2,,"Centro histórico de Sevilla, Sevilla",Sevilla,Booking,
Hotel Duquesa,"7,8",€ 66,3,,"Centro histórico de Sevilla, Sevilla",Sevilla,Booking,
LIRIUM Casa Patio,"9,2",€ 77,4,,"Centro histórico de Sevilla, Sevilla",Sevilla,Booking,
Black Swan Hostel Sevilla,"8,6",€ 20,0,,"Centro histórico de Sevilla, Sevilla",Sevilla,Booking,
Hostal Roma,"7,0",€ 50,3,,"Centro histórico de Sevilla, Sevilla",Sevilla,Booking,
The Nomad Hostel&Pension,"8,5",€ 19,0,,"Centro histórico de Sevilla, Sevilla",Sevilla,Booking,
U-Sense Sevilla Centro,"8,9",€ 96,3,,"Centro histórico de Sevilla, Sevilla",Sevilla,Booking,
ON Suites Sevilla Apartments,"8,9",€ 95,4,,"Centro histórico de Sevilla, Sevilla",Sevilla,Booking,
Hotel Doña María,"8,8",€ 157,4,,"Centro histórico de Sevilla, Sevilla",Sevilla,Booking,
Hotel Europa Boutique Sevilla,"8,2",€ 75,1,,"Centro histórico de Sevilla, Sevilla",Sevilla,Booking,
Micampus Armendariz Student Residence,"7,8",€ 60,0,,"Bellavista - Palmera, Sevilla",Sevilla,Booking,
Hotel Palacio Alcázar,"8,5",€ 129,4,,"Centro histórico de Sevilla, Sevilla",Sevilla,Booking,
Hostal Lis,"7,3",€ 45,1,,"Centro histórico de Sevilla, Sevilla",Sevilla,Booking,
Singular Corral de San José,"8,2",€ 115,4,,"Centro histórico de Sevilla, Sevilla",Sevilla,Booking,
Canvas Sevilla Lago,"7,7",€ 70,0,,"Triana, Sevilla",Sevilla,Booking,
Nuevo Suizo,"7,4",€ 16,0,,"Centro histórico de Sevilla, Sevilla",Sevilla,Booking,
Singular Metropol,"8,7",€ 101,4,,"Centro histórico de Sevilla, Sevilla",Sevilla,Booking,
Hostal Casa Del Buen Viaje,"8,2",€ 65,1,,"Centro histórico de Sevilla, Sevilla",Sevilla,Booking,
nüa giralda,"8,4",€ 81,2,,"Centro histórico de Sevilla, Sevilla",Sevilla,Booking,
Hostal Roomsole,"7,6",€ 63,3,,"Centro histórico de Sevilla, Sevilla",Sevilla,Booking,
Welldone Metropol,"8,2",€ 120,1,,"Centro histórico de Sevilla, Sevilla",Sevilla,Booking,
BYPILLOW Residence Abril,"8,8",€ 110,4,,"Centro histórico de Sevilla, Sevilla",Sevilla,Booking,
Casa Palacio Don Pedro,"8,1",€ 62,2,,"Centro histórico de Sevilla, Sevilla",Sevilla,Booking,
Welldone Cathedral,"8,5",€ 177,4,,"Centro histórico de Sevilla, Sevilla",Sevilla,Booking,
Smartr Sevilla Puente de Triana,"9,1",€ 132,4,,"Centro histórico de Sevilla, Sevilla",Sevilla,Booking,
Plaza de Armas,"8,8",€ 131,4,,"Centro histórico de Sevilla, Sevilla",Sevilla,Booking,
"Alysé Apartments Alfalfa, by Homing U","9,2",€ 125,4,,"Centro histórico de Sevilla, Sevilla",Sevilla,Booking,
Holiday Rentals Los Salados,"8,2",€ 130,4,,"Centro histórico de Sevilla, Sevilla",Sevilla,Booking,
Un Patio en Santa Cruz,"8,4",€ 90,2,,"Centro histórico de Sevilla, Sevilla",Sevilla,Booking,
Turistic Apartment Sevillanos SL,"8,6",€ 65,0,,"Centro histórico de Sevilla, Sevilla",Sevilla,Booking,
Apartamentos Los Angeles,"8,6",€ 130,4,,"Centro histórico de Sevilla, Sevilla",Sevilla,Booking,
Noches en Triana,"7,9",€ 69,2,,"Triana, Sevilla",Sevilla,Booking,
Reservaloen Terrazas de la Catedral,"8,4",€ 130,4,,"Centro histórico de Sevilla, Sevilla",Sevilla,Booking,
"PENSION VERGARA , Sevilla","6,0",€ 32,1,,"Centro histórico de Sevilla, Sevilla",Sevilla,Booking,
Sercotel Las Casas de los Mercaderes,"8,6",€ 149,3,,"Centro histórico de Sevilla, Sevilla",Sevilla,Booking,
Pension Gala,"6,7",€ 30,1,,"Centro histórico de Sevilla, Sevilla",Sevilla,Booking,
Rooms Cruz Roja,"9,0",€ 43,0,,"Macarena, Sevilla",Sevilla,Booking,
Suites Sevilla Plaza,"9,2",€ 155,2,,"Centro histórico de Sevilla, Sevilla",Sevilla,Booking,
Hotel América Sevilla,"8,7",€ 158,4,,"Centro histórico de Sevilla, Sevilla",Sevilla,Booking,
Hotel Giralda Center,"9,2",€ 166,4,,"Nervión, Sevilla",Sevilla,Booking,
bambu hostel capsules,"6,4",€ 29,0,,"San Pablo-Santa Justa, Sevilla",Sevilla,Booking,
Guesthouse Room & Studio Seville La Flamenka,"8,1",€ 90,0,,"Centro histórico de Sevilla, Sevilla",Sevilla,Booking,
Smartr Sevilla Las Dueñas,"8,1",€ 127,4,,"Centro histórico de Sevilla, Sevilla",Sevilla,Booking,
Hostel Ikigai,"9,1",€ 29,0,,"Los Remedios, Sevilla",Sevilla,Booking,
One Shot Conde Torrejón,"8,7",€ 105,4,,"Centro histórico de Sevilla, Sevilla",Sevilla,Booking,
Hotel Palace Sevilla,"8,2",€ 88,3,,"Centro histórico de Sevilla, Sevilla",Sevilla,Booking,
Singular Virgenes,"7,9",€ 119,3,,"Centro histórico de Sevilla, Sevilla",Sevilla,Booking,
Casual de las Letras Sevilla,"8,6",€ 86,2,,"Centro histórico de Sevilla, Sevilla",Sevilla,Booking,
Eurostars Sevilla Boutique,"9,0",€ 270,4,,"Centro histórico de Sevilla, Sevilla",Sevilla,Booking,
Soho Boutique Catedral,"9,0",€ 175,4,,"Centro histórico de Sevilla, Sevilla",Sevilla,Booking,
Apartamentos Setas Center,"8,8",€ 146,4,,"Centro histórico de Sevilla, Sevilla",Sevilla,Booking,
Hostal Paco´s,"7,1",€ 50,0,,"Centro histórico de Sevilla, Sevilla",Sevilla,Booking,
Reservaloen Plaza del Salvador,"8,1",€ 115,4,,"Centro histórico de Sevilla, Sevilla",Sevilla,Booking,
ISA Sevilla Suites,"7,8",€ 94,0,,"Centro histórico de Sevilla, Sevilla",Sevilla,Booking,
La Flamenka Hostel,"8,1",€ 17,0,,"Centro histórico de Sevilla, Sevilla",Sevilla,Booking,
La Casa del Maestro Boutique,"8,9",€ 90,1,,"Centro histórico de Sevilla, Sevilla",Sevilla,Booking,
Hoteles del Sur,"8,3",€ 74,4,,"Centro histórico de Sevilla, Sevilla",Sevilla,Booking,
Hotel Las Casas de la Judería,"8,8",€ 134,4,,"Centro histórico de Sevilla, Sevilla",Sevilla,Booking,
Lolita's house torre del oro,"8,8",€ 145,4,,"Centro histórico de Sevilla, Sevilla",Sevilla,Booking,
Petit Palace Marques Santa Ana,"8,7",€ 158,4,,"Centro histórico de Sevilla, Sevilla",Sevilla,Booking,
Terra Triana Apartments,"9,4",€ 185,4,,"Triana, Sevilla",Sevilla,Booking,
Mercer Residences Sevilla,"9,2",€ 198,4,,"Centro histórico de Sevilla, Sevilla",Sevilla,Booking,
Basic Hotel Sevilla Catedral,"8,6",€ 99,0,,"Centro histórico de Sevilla, Sevilla",Sevilla,Booking,
"Apartamento Triana, 5 mins centro","8,1",€ 61,4,,"Triana, Sevilla",Sevilla,Booking,
Only YOU Hotel Sevilla,"9,4",€ 270,5,,"Nervión, Sevilla",Sevilla,Booking,
Hotel Boutique Elvira Plaza,"8,2",€ 104,3,,"Centro histórico de Sevilla, Sevilla",Sevilla,Booking,
Hotel Murillo,"8,3",€ 294,2,,"Centro histórico de Sevilla, Sevilla",Sevilla,Booking,
Hotel Boutique Triana House,"9,2",€ 317,0,,"Triana, Sevilla",Sevilla,Booking,
Itaca Sevilla by Soho Boutique,"8,6",€ 140,3,,"Centro histórico de Sevilla, Sevilla",Sevilla,Booking,
Apartamentos Core Suite Sevilla,"9,0",€ 95,4,,"Centro histórico de Sevilla, Sevilla",Sevilla,Booking,
Apartamentos Luxsevilla Palacio,"7,0",€ 60,3,,"Este, Sevilla",Sevilla,Booking,
Vincci Selección Unuk 5 GL,"9,1",€ 309,5,,"Centro histórico de Sevilla, Sevilla",Sevilla,Booking,
Mylu Suites by Puerta Catedral,"9,2",€ 171,4,,"Centro histórico de Sevilla, Sevilla",Sevilla,Booking,
Hotel y Apartamentos Doña Lola,"7,7",€ 63,2,,"Centro histórico de Sevilla, Sevilla",Sevilla,Booking,
New Samay Hostel,"8,7",€ 24,0,,"Centro histórico de Sevilla, Sevilla",Sevilla,Booking,
Hotel San Gil,"8,3",€ 102,4,,"Centro histórico de Sevilla, Sevilla",Sevilla,Booking,
Las Atarazanas - Design Hostal,"8,5",€ 58,4,,"Centro histórico de Sevilla, Sevilla",Sevilla,Booking,
Hotel Gravina 51,"9,5",€ 256,4,,"Centro histórico de Sevilla, Sevilla",Sevilla,Booking,
Intelier Casa de Indias,"9,2",€ 140,4,,"Centro histórico de Sevilla, Sevilla",Sevilla,Booking,
Hotel Rey Alfonso X,"9,4",€ 143,4,,"Centro histórico de Sevilla, Sevilla",Sevilla,Booking,
LA SUITE DEL CONDE LUXURY SUITES,"9,8",€ 101,0,,"Centro histórico de Sevilla, Sevilla",Sevilla,Booking,
Sevilla Home Center Suites,"9,2",€ 174,4,,"Centro histórico de Sevilla, Sevilla",Sevilla,Booking,
Hostal Alcobia,"5,8",€ 40,2,,"Centro histórico de Sevilla, Sevilla",Sevilla,Booking,
Apartamentos Plaza Nueva,"8,3",€ 222,4,,"Centro histórico de Sevilla, Sevilla",Sevilla,Booking,
Apartamentos RG Suites Jardines de Murillo,"8,7",€ 300,4,,"Nervión, Sevilla",Sevilla,Booking,
La Banda Suites,"8,7",€ 87,3,,"Centro histórico de Sevilla, Sevilla",Sevilla,Booking,
Triana Riverside,"8,7",€ 58,0,,"Triana, Sevilla",Sevilla,Booking,
"ELEVEN Real de la Carretería, by Homing U","9,0",€ 247,4,,"Centro histórico de Sevilla, Sevilla",Sevilla,Booking,
Sol y Luna de Triana,"8,6",€ 110,4,,"Triana, Sevilla",Sevilla,Booking,
Hotel Lobby,"9,4",€ 468,5,,"Centro histórico de Sevilla, Sevilla",Sevilla,Booking,
Palacio Bucarelli,"9,1",€ 206,4,,"Centro histórico de Sevilla, Sevilla",Sevilla,Booking,
Aguilas5 SevillaSuites,"9,5",€ 229,4,,"Centro histórico de Sevilla, Sevilla",Sevilla,Booking,
EME Catedral Mercer Hotel,"8,4",€ 198,5,,"Centro histórico de Sevilla, Sevilla",Sevilla,Booking,
Hotel Amadeus Sevilla,"9,1",€ 306,4,,"Centro histórico de Sevilla, Sevilla",Sevilla,Booking,
Apartamentos Gravina 56,"9,4",€ 236,4,,"Centro histórico de Sevilla, Sevilla",Sevilla,Booking,
Hotel Murillo Reinoso,"9,3",€ 429,2,,"Centro histórico de Sevilla, Sevilla",Sevilla,Booking,
Casa Palacio La Casa Blanca Suites,"9,2",€ 198,4,,"Centro histórico de Sevilla, Sevilla",Sevilla,Booking,
Alojamiento Rural Finca Barral,"9,1",€ 145,0,,Sevilla,Sevilla,Booking,
Onefam Catedral,"7,9",€ 21,0,,"Centro histórico de Sevilla, Sevilla",Sevilla,Booking,
Casa del Contratador by Época Suites,"9,6",€ 414,4,,"Centro histórico de Sevilla, Sevilla",Sevilla,Booking,
Patio de La Alameda,"8,7",€ 116,3,,"Centro histórico de Sevilla, Sevilla",Sevilla,Booking,
Apartamentos La Vistosona,"9,5",€ 384,4,,"Centro histórico de Sevilla, Sevilla",Sevilla,Booking,
Toc Hostel Sevilla,"8,5",€ 30,0,,"Centro histórico de Sevilla, Sevilla",Sevilla,Booking,
Hostal Puerta Carmona,"7,8",€ 55,2,,"Centro histórico de Sevilla, Sevilla",Sevilla,Booking,
EME SEVILLA TURISTICA,"8,6",€ 80,4,,"Centro histórico de Sevilla, Sevilla",Sevilla,Booking,
Apartamento San Juan de Dios,"8,3",€ 91,4,,"Nervión, Sevilla",Sevilla,Booking,
Rio Hostel,"7,1",€ 20,0,,"Centro histórico de Sevilla, Sevilla",Sevilla,Booking,
Suite Triana Sevilla,"8,6",€ 68,4,,"Triana, Sevilla",Sevilla,Booking,
Roberta's Guest House,"8,4",€ 64,0,,"Centro histórico de Sevilla, Sevilla",Sevilla,Booking,
Suites Murillo Catedral,"9,3",€ 564,2,,"Centro histórico de Sevilla, Sevilla",Sevilla,Booking,
Apartamento Puerta Carmona,"9,5",€ 709,4,,"Centro histórico de Sevilla, Sevilla",Sevilla,Booking,
Legado Magdalena Hotel,"9,3",€ 147,4,,"Centro histórico de Sevilla, Sevilla",Sevilla,Booking,
Hotel Fernando III,"9,4",€ 154,4,,"Centro histórico de Sevilla, Sevilla",Sevilla,Booking,
Galera Rooms by SHS,"8,4",€ 106,0,,"Centro histórico de Sevilla, Sevilla",Sevilla,Booking,
Ocean Drive Sevilla,"9,0",€ 171,4,,"Centro histórico de Sevilla, Sevilla",Sevilla,Booking,
Triana Apartahotel,"8,5",€ 64,3,,"Triana, Sevilla",Sevilla,Booking,
U-Sense For You Hostel Sevilla,"8,4",€ 36,0,,"Centro histórico de Sevilla, Sevilla",Sevilla,Booking,
H10 Corregidor Boutique Hotel,"9,1",€ 128,3,,"Centro histórico de Sevilla, Sevilla",Sevilla,Booking,
Apartamento Centro de Sevilla Histórico,"8,1",€ 80,4,,"Centro histórico de Sevilla, Sevilla",Sevilla,Booking,
Habitaciones Casa Sevillana Centro,"7,8",€ 61,0,,"Centro histórico de Sevilla, Sevilla",Sevilla,Booking,
Petit Palace Santa Cruz,"8,9",€ 155,4,,"Centro histórico de Sevilla, Sevilla",Sevilla,Booking,
Apartahotel Sevilla Salado,"7,8",€ 61,3,,"Triana, Sevilla",Sevilla,Booking,
Onefam Centro,"8,3",€ 19,0,,"Centro histórico de Sevilla, Sevilla",Sevilla,Booking,
Hotel Boutique Casa Romana Villa,"8,7",€ 182,4,,"Centro histórico de Sevilla, Sevilla",Sevilla,Booking,
Arc House Plaza,"6,3",€ 43,0,,"Centro histórico de Sevilla, Sevilla",Sevilla,Booking,
Vincci La Rabida,"8,9",€ 206,4,,"Centro histórico de Sevilla, Sevilla",Sevilla,Booking,
Limehome Sevilla Calle Torcuato Luca de Tena - Digital Access,"8,0",€ 99,4,,"Sur, Sevilla",Sevilla,Booking,
Urban Triana Sevilla,"7,2",€ 61,0,,"Triana, Sevilla",Sevilla,Booking,
Hotel Maestranza,"8,4",€ 59,1,,"Centro histórico de Sevilla, Sevilla",Sevilla,Booking,
Dulcinea,"9,0",€ 45,0,,"Macarena Norte, Sevilla",Sevilla,Booking,
Hotel Posada del Lucero,"9,5",€ 165,4,,"Centro histórico de Sevilla, Sevilla",Sevilla,Booking,
Casa Pureza,"9,1",€ 108,4,,"Triana, Sevilla",Sevilla,Booking,
Hotel Inglaterra,"9,1",€ 206,4,,"Centro histórico de Sevilla, Sevilla",Sevilla,Booking,
Hostel Triana Backpackers,"8,5",€ 21,0,,"Triana, Sevilla",Sevilla,Booking,
The Corner House,"9,0",€ 110,4,,"Centro histórico de Sevilla, Sevilla",Sevilla,Booking,
Honest Sevilla,"8,7",€ 129,3,,"Centro histórico de Sevilla, Sevilla",Sevilla,Booking,
Pension Gran Plaza,"5,8",€ 45,0,,"Nervión, Sevilla",Sevilla,Booking,
Hotel Cetina Casa de las Telas Sevilla,"9,2",€ 161,4,,"Centro histórico de Sevilla, Sevilla",Sevilla,Booking,
Singular Pilatos,"7,8",€ 85,3,,"Centro histórico de Sevilla, Sevilla",Sevilla,Booking,
Rey Don Pedro Luxury Home,"9,0",€ 125,0,,"Centro histórico de Sevilla, Sevilla",Sevilla,Booking,
Casa Romana Hotel Boutique,"8,8",€ 149,4,,"Centro histórico de Sevilla, Sevilla",Sevilla,Booking,
Portico Sevilla,"9,0",€ 101,4,,"San Pablo-Santa Justa, Sevilla",Sevilla,Booking,
Casa Gloria Apartments,"8,9",€ 128,4,,"Centro histórico de Sevilla, Sevilla",Sevilla,Booking,
Casa ART Sevilla,"8,3",€ 147,0,,"Centro histórico de Sevilla, Sevilla",Sevilla,Booking,
Pierre & Vacances Sevilla,"8,3",€ 111,4,,"Triana, Sevilla",Sevilla,Booking,
Eurostars Regina,"8,4",€ 217,3,,"Centro histórico de Sevilla, Sevilla",Sevilla,Booking,
Suites San Pablo,"8,4",€ 139,4,,"Centro histórico de Sevilla, Sevilla",Sevilla,Booking,
Triana House,"8,8",€ 163,4,,"Triana, Sevilla",Sevilla,Booking,
Hotel Sercotel Doña Carmela,"8,6",€ 75,3,,"Bellavista - Palmera, Sevilla",Sevilla,Booking,
apartamentos montevideo 6,"8,4",€ 174,4,,"Sur, Sevilla",Sevilla,Booking,
Colectia Hotel Parada del Marqués,"9,0",€ 182,3,,"Centro histórico de Sevilla, Sevilla",Sevilla,Booking,
Ikigai House,"8,4",€ 32,0,,"Cerro - Amate, Sevilla",Sevilla,Booking,
Mi rincon en Triana,"8,5",€ 90,4,,"Triana, Sevilla",Sevilla,Booking,
Hotel Convento La Gloria,"8,1",€ 119,3,,"Centro histórico de Sevilla, Sevilla",Sevilla,Booking,
Apartamento El Cachorro de Triana,"8,5",€ 85,4,,"Triana, Sevilla",Sevilla,Booking,
AZZ Sevilla Torre de la Plata Apartamentos,"8,4",€ 153,2,,"Centro histórico de Sevilla, Sevilla",Sevilla,Booking,
Sercotel Sevilla Guadalquivir Suites,"8,4",€ 157,4,,"Centro histórico de Sevilla, Sevilla",Sevilla,Booking,
Pension Perez Montilla,"7,8",€ 44,2,,"Centro histórico de Sevilla, Sevilla",Sevilla,Booking,
Apartamentos Sevilla Palace,"8,7",€ 86,3,,"Centro histórico de Sevilla, Sevilla",Sevilla,Booking,
Casa Señorial del Siglo XVIII,"9,1",€ 123,4,,"Centro histórico de Sevilla, Sevilla",Sevilla,Booking,
Apartamentos Boutique Vida,"7,8",€ 99,4,,"Centro histórico de Sevilla, Sevilla",Sevilla,Booking,
Apartamento Brisas,"7,8",€ 108,4,,Sevilla,Sevilla,Booking,
Lukanda Hospec Olehousing,"9,1",€ 144,4,,"Centro histórico de Sevilla, Sevilla",Sevilla,Booking,
Hotel Boutique Casas de Santa Cruz,"8,3",€ 106,3,,"Centro histórico de Sevilla, Sevilla",Sevilla,Booking,
Vincci Molviedro,"9,2",€ 224,4,,"Centro histórico de Sevilla, Sevilla",Sevilla,Booking,
JOY Setas Coworking,"8,5",€ 18,0,,"Centro histórico de Sevilla, Sevilla",Sevilla,Booking,
Casa Salma,"8,4",€ 43,0,,"Cerro - Amate, Sevilla",Sevilla,Booking,
By Plaza de España overlooking Parque María Luisa,"9,4",€ 120,4,,"Sur, Sevilla",Sevilla,Booking,
Legado Alcazar Hotel,"9,3",€ 220,4,,"Centro histórico de Sevilla, Sevilla",Sevilla,Booking,
Palacio Pinello,"9,0",€ 214,4,,"Centro histórico de Sevilla, Sevilla",Sevilla,Booking,
Hotel Kivir,"9,5",€ 232,4,,"Centro histórico de Sevilla, Sevilla",Sevilla,Booking,
Apartamentos Metrópolis,"8,8",€ 158,4,,"Centro histórico de Sevilla, Sevilla",Sevilla,Booking,
Albergue Inturjoven Sevilla,"7,6",€ 67,2,,"Bellavista - Palmera, Sevilla",Sevilla,Booking,
Casa Triana 1888 Suites by Época,"8,8",€ 175,4,,"Triana, Sevilla",Sevilla,Booking,
Luxor 7,"7,5",€ 77,3,,"Triana, Sevilla",Sevilla,Booking,
The Spot Central Hostel,"8,2",€ 40,0,,"Centro histórico de Sevilla, Sevilla",Sevilla,Booking,
Julia home,,€ 45,0,,Sevilla,Sevilla,Booking,
Apartamento Orilla de Triana,"9,1",€ 58,0,,"Triana, Sevilla",Sevilla,Booking,
Casa Señorial Piedrachica,"8,2",€ 98,4,,"Centro histórico de Sevilla, Sevilla",Sevilla,Booking,
Hub Hostel Seville,"7,0",€ 14,0,,"Centro histórico de Sevilla, Sevilla",Sevilla,Booking,
Casa San Roque,"8,6",€ 97,4,,"Centro histórico de Sevilla, Sevilla",Sevilla,Booking,
Apartamentos Abreu Suites,"9,2",€ 135,4,,"Centro histórico de Sevilla, Sevilla",Sevilla,Booking,
Sevilla Central,"6,0",€ 62,2,,"Centro histórico de Sevilla, Sevilla",Sevilla,Booking,
Nice apartment in the center of Seville,"8,4",€ 70,4,,"Centro histórico de Sevilla, Sevilla",Sevilla,Booking,
Halo Boutique Hotel,"8,3",€ 143,4,,"Centro histórico de Sevilla, Sevilla",Sevilla,Booking,
Acetres 5 Boutique,"8,8",€ 84,4,,"Centro histórico de Sevilla, Sevilla",Sevilla,Booking,
atLumbreras16,"9,0",€ 156,4,,"Centro histórico de Sevilla, Sevilla",Sevilla,Booking,
Coliseo setas,"9,3",€ 66,4,,"Centro histórico de Sevilla, Sevilla",Sevilla,Booking,
JOY Plaza de Armas,"8,3",€ 20,0,,"Centro histórico de Sevilla, Sevilla",Sevilla,Booking,
Hotel Ateneo Sevilla,"9,2",€ 214,4,,"Centro histórico de Sevilla, Sevilla",Sevilla,Booking,
"Radisson Collection Hotel, Magdalena Plaza Sevilla","9,0",€ 261,5,,"Centro histórico de Sevilla, Sevilla",Sevilla,Booking,
Casa Sevilla 1920 Suites by Época,"8,9",€ 147,4,,"Centro histórico de Sevilla, Sevilla",Sevilla,Booking,
TRIANA 3 WIFI,"8,0",€ 87,0,,"Triana, Sevilla",Sevilla,Booking,
Slow Suites Maestranza,"8,4",€ 111,4,,"Centro histórico de Sevilla, Sevilla",Sevilla,Booking,
Nine O Clock San Agustin,"8,5",€ 132,4,,"Centro histórico de Sevilla, Sevilla",Sevilla,Booking,
Overland Suites Catedral,"9,1",€ 131,4,,"Centro histórico de Sevilla, Sevilla",Sevilla,Booking,
Apartamentos Sevilla Centro,"8,3",€ 153,2,,"Centro histórico de Sevilla, Sevilla",Sevilla,Booking,
VAC LUXURY HOME SEVILLA,"9,0",€ 169,4,,"Centro histórico de Sevilla, Sevilla",Sevilla,Booking,
Slow Suites Setas,"8,7",€ 104,4,,"Centro histórico de Sevilla, Sevilla",Sevilla,Booking,
Casa Bailen Sevilla,"9,2",€ 149,4,,"Centro histórico de Sevilla, Sevilla",Sevilla,Booking,
Sevilla Central Suites Apartamentos Puerta Jerez,"9,2",€ 163,4,,"Centro histórico de Sevilla, Sevilla",Sevilla,Booking,
Hotel Casa Palacio Don Ramón,"9,5",€ 420,5,,"Centro histórico de Sevilla, Sevilla",Sevilla,Booking,
Las Casas de El Arenal,"8,9",€ 170,4,,"Centro histórico de Sevilla, Sevilla",Sevilla,Booking,
Hotel Colón Gran Meliá - The Leading Hotels of the World,"9,0",€ 333,5,,"Centro histórico de Sevilla, Sevilla",Sevilla,Booking,
Magno Apartments Casa del Correo Mayor I,"9,0",€ 176,4,,"Centro histórico de Sevilla, Sevilla",Sevilla,Booking,
Rincón de Esperanza,"8,2",€ 71,4,,"Triana, Sevilla",Sevilla,Booking,
Hostal San Francisco,"8,5",€ 230,1,,"Centro histórico de Sevilla, Sevilla",Sevilla,Booking,
Vincci Molviedro Suites Apartments,"9,1",€ 330,4,,"Centro histórico de Sevilla, Sevilla",Sevilla,Booking,
Alfareria Ocho,"9,1",€ 89,4,,"Triana, Sevilla",Sevilla,Booking,
Oasis Sevilla Congresos,"8,8",€ 65,4,,"Este, Sevilla",Sevilla,Booking,
Apartamentos centro histórico,"7,9",€ 77,4,,"Centro histórico de Sevilla, Sevilla",Sevilla,Booking,
Hotel Casa 1800 Sevilla,"9,3",€ 290,4,,"Centro histórico de Sevilla, Sevilla",Sevilla,Booking,
ISG Apartments La Florida,"9,4",€ 157,4,,"Nervión, Sevilla",Sevilla,Booking,
Casa Alhaja by Shiadu,"9,3",€ 165,3,,"Centro histórico de Sevilla, Sevilla",Sevilla,Booking,
Apartamento en el centro para 4 personas,"8,5",€ 85,4,,"Centro histórico de Sevilla, Sevilla",Sevilla,Booking,
abba Sevilla,"9,0",€ 150,4,,"Centro histórico de Sevilla, Sevilla",Sevilla,Booking,
Hernando Colón Olehousing,"9,4",€ 175,4,,"Centro histórico de Sevilla, Sevilla",Sevilla,Booking,
CoolRooms Palacio Villapanés 5 GL,"9,0",€ 375,5,,"Centro histórico de Sevilla, Sevilla",Sevilla,Booking,
The Old Print House - Space Maison Apartments,"9,4",€ 213,4,,"Centro histórico de Sevilla, Sevilla",Sevilla,Booking,
Casa de La Judería,,€ 51,0,,Sevilla,Sevilla,Booking,
"Querencia de Sevilla, Autograph Collection","9,2",€ 233,4,,"Centro histórico de Sevilla, Sevilla",Sevilla,Booking,
Sevilla's Bed and Terrace,"6,6",€ 60,3,,"Centro histórico de Sevilla, Sevilla",Sevilla,Booking,
Apartamento Living By Cathedral,"9,3",€ 190,4,,"Centro histórico de Sevilla, Sevilla",Sevilla,Booking,
Cavalta Boutique Hotel - Small Luxury Hotels,"9,3",€ 252,5,,"Triana, Sevilla",Sevilla,Booking,
H10 Casa de la Plata,"9,4",€ 232,4,,"Centro histórico de Sevilla, Sevilla",Sevilla,Booking,
Plácido y Grata,"9,2",€ 241,4,,"Centro histórico de Sevilla, Sevilla",Sevilla,Booking,
Suites Machado,"9,3",€ 209,4,,"Centro histórico de Sevilla, Sevilla",Sevilla,Booking,
Apto Lux Sevilla,"8,3",€ 80,4,,"Este, Sevilla",Sevilla,Booking,
"Los Seises Sevilla, a Tribute Portfolio Hotel","8,6",€ 206,4,,"Centro histórico de Sevilla, Sevilla",Sevilla,Booking,
Posada Pilatos,"9,4",€ 155,4,,"Centro histórico de Sevilla, Sevilla",Sevilla,Booking,
Mercer Plaza Sevilla 5 GL,"9,2",€ 315,5,,"Centro histórico de Sevilla, Sevilla",Sevilla,Booking,
Apartamento el Pasaje,"8,4",€ 134,4,,"Nervión, Sevilla",Sevilla,Booking,
El Rey Moro Hotel Boutique,"9,1",€ 390,4,,"Centro histórico de Sevilla, Sevilla",Sevilla,Booking,
Casa Palacio Garci-Perez,"8,5",€ 90,3,,"Centro histórico de Sevilla, Sevilla",Sevilla,Booking,
Apartamentos RG Dúplex San Bernardo,"8,3",€ 290,4,,"Nervión, Sevilla",Sevilla,Booking,
ISG Apartments Lovely Duplex,"8,4",€ 162,4,,"Centro histórico de Sevilla, Sevilla",Sevilla,Booking,
Estudio completo a estrenar en Triana,"8,5",€ 90,3,,"Triana, Sevilla",Sevilla,Booking,
Bellavista Sevilla,"8,3",€ 89,4,,"Bellavista - Palmera, Sevilla",Sevilla,Booking,
La Banda Rooftop Hostel,"9,0",€ 34,0,,"Centro histórico de Sevilla, Sevilla",Sevilla,Booking,
Casa Sevilla 1855 Suites by Época,"8,9",€ 227,4,,"Centro histórico de Sevilla, Sevilla",Sevilla,Booking,
Casa de Triana Luxury Suites by Casa del Poeta,"9,4",€ 359,4,,"Triana, Sevilla",Sevilla,Booking,
Boutike Guesthouse,"8,2",€ 125,4,,"Centro histórico de Sevilla, Sevilla",Sevilla,Booking,
Acogedor apartamento en la Buhaira,"8,8",€ 109,4,,"Nervión, Sevilla",Sevilla,Booking,
Mara Arenal Sevilla,"9,6",€ 365,4,,"Centro histórico de Sevilla, Sevilla",Sevilla,Booking,
Hotel Mercer Sevilla 5 GL,"9,3",€ 315,5,,"Centro histórico de Sevilla, Sevilla",Sevilla,Booking,
Aquitania Home Suites,"9,3",€ 248,4,,"Centro histórico de Sevilla, Sevilla",Sevilla,Booking,
Hotel Casa Del Poeta,"9,5",€ 394,4,,"Centro histórico de Sevilla, Sevilla",Sevilla,Booking,
Joya del Casco Boutique Hotel by Shiadu,"9,4",€ 268,3,,"Centro histórico de Sevilla, Sevilla",Sevilla,Booking,
ISG Apartments Mezquita 5,"8,1",€ 197,4,,"Centro histórico de Sevilla, Sevilla",Sevilla,Booking,
ISG apartments O'Donnell 2-1-FREE PARKING,"9,1",€ 429,3,,"Centro histórico de Sevilla, Sevilla",Sevilla,Booking,
Pension Azahar,"7,0",€ 45,0,,"Centro histórico de Sevilla, Sevilla",Sevilla,Booking,
Pensión Dulces Sueños,"8,2",€ 306,1,,"Centro histórico de Sevilla, Sevilla",Sevilla,Booking,
ISG Apartments Cuna,"8,4",€ 212,4,,"Centro histórico de Sevilla, Sevilla",Sevilla,Booking,
ISG Apartments Cuna 10,"7,0",€ 197,3,,"Centro histórico de Sevilla, Sevilla",Sevilla,Booking,
ISG Apartments Downtown family haven Free parking spot,"8,7",€ 729,4,,"Centro histórico de Sevilla, Sevilla",Sevilla,Booking,
ISG Apartments Faustino 45,"8,6",€ 277,4,,"Centro histórico de Sevilla, Sevilla",Sevilla,Booking,
City Rooftop Paradise - Space Maison Apartments,"8,9",€ 279,4,,"Centro histórico de Sevilla, Sevilla",Sevilla,Booking,
Casa San Roque Ático,"8,5",€ 108,4,,"Centro histórico de Sevilla, Sevilla",Sevilla,Booking,
Apartamento Luxe Triana,"9,9",€ 176,4,,"Triana, Sevilla",Sevilla,Booking,
ISG Apartments Cedaceros,"8,7",€ 271,4,,"Centro histórico de Sevilla, Sevilla",Sevilla,Booking,
Apartamento Virgen de la Victoria,"9,2",€ 285,4,,"Los Remedios, Sevilla",Sevilla,Booking,
Luz de Sevilla Free parking,"9,7",€ 286,4,,"Centro histórico de Sevilla, Sevilla",Sevilla,Booking,
ISG Apartments Luxury Apartment by the Cathedral,"8,8",€ 765,4,,"Centro histórico de Sevilla, Sevilla",Sevilla,Booking,
ISG Apartments Catedral,"8,9",€ 316,4,,"Centro histórico de Sevilla, Sevilla",Sevilla,Booking,
Hotel Boutique Corral del Rey,"8,8",€ 500,3,,"Centro histórico de Sevilla, Sevilla",Sevilla,Booking,
U-Sense Sevilla Catedral,"8,8",€ 262,4,,"Centro histórico de Sevilla, Sevilla",Sevilla,Booking,
"Hospes Las Casas del Rey de Baeza, a Member of Design Hotels","9,0",€ 412,4,,"Centro histórico de Sevilla, Sevilla",Sevilla,Booking,
Luxurious & spacious 4BR apt next to Cathedral,"8,3",€ 431,3,,"Centro histórico de Sevilla, Sevilla",Sevilla,Booking,
ISG Puerta Jerez Sevilla 21,"9,6",€ 314,4,,"Centro histórico de Sevilla, Sevilla",Sevilla,Booking,
Genteel Home Betis 67,"9,5",€ 621,4,,"Triana, Sevilla",Sevilla,Booking,
"Loft familiar ""PISCINA SEVILLA CENTRO""","7,3",€ 389,3,,"Centro histórico de Sevilla, Sevilla",Sevilla,Booking,
Apartamento duplex en centro de Sevilla,"8,6",€ 195,4,,"Centro histórico de Sevilla, Sevilla",Sevilla,Booking,
Magdalena Luxury House,"9,5",€ 260,4,,"Centro histórico de Sevilla, Sevilla",Sevilla,Booking,
Úrsula Triana Sevilla,"6,7",€ 61,2,,"Triana, Sevilla",Sevilla,Booking,
Habitación piso compartido,"8,2",€ 36,0,,"Nervión, Sevilla",Sevilla,Booking,
Divi Apartments Villa Reyes 2,"8,1",€ 1.341,3,,"Centro histórico de Sevilla, Sevilla",Sevilla,Booking,
"Tkm home Amplió y familiar, terraza privada","9,8",€ 299,4,,"Macarena, Sevilla",Sevilla,Booking,
ISG Apartments Cedaceros 12,"9,0",€ 323,4,,"Centro histórico de Sevilla, Sevilla",Sevilla,Booking,
Epicenter Lujoso apto Parking gratis Perfecta ubicación,"9,9",€ 455,4,,"Centro histórico de Sevilla, Sevilla",Sevilla,Booking,
ISG Apartments The most Exclusive apartment in Sevillaparking,"9,4",€ 655,4,,"Centro histórico de Sevilla, Sevilla",Sevilla,Booking,
Hotel Abanico Casa Palacio,"8,6",€ 113,3,,"Centro histórico de Sevilla, Sevilla",Sevilla,Booking,
Enorme y Luminoso Apartamento para 13 personas con balcones en el corazón de Sevilla,"7,1",€ 724,4,,"Centro histórico de Sevilla, Sevilla",Sevilla,Booking,
Resitur Luxury Suit 514,"6,1",€ 667,3,,"Triana, Sevilla",Sevilla,Booking,
Suites Murillo Alcázar,"9,2",€ 807,2,,"Centro histórico de Sevilla, Sevilla",Sevilla,Booking,
Suites Murillo Plaza Sta. Cruz,"9,2",€ 1.158,4,,"Centro histórico de Sevilla, Sevilla",Sevilla,Booking,
Puerta del Leon,"6,7",€ 754,3,,"Centro histórico de Sevilla, Sevilla",Sevilla,Booking,
Genteel Home Campamento,"7,7",€ 1.357,4,,"Nervión, Sevilla",Sevilla,Booking,
ISG Apartments Modern atticpool at the CathedralFree parking,"9,3",€ 934,4,,"Centro histórico de Sevilla, Sevilla",Sevilla,Booking,
The Loft House Sevilla,"9,2",€ 26,0,,"Centro histórico de Sevilla, Sevilla",Sevilla,Booking,
8 mins walk to Train Station Low Cost Youth Hostel,"7,6",€ 59,3,,"San Pablo-Santa Justa, Sevilla",Sevilla,Booking,
Apartamento lux capilla,"8,4",€ 75,4,,"Este, Sevilla",Sevilla,Booking,
"Apartamento Macarena, en el Centro de Sevilla","8,6",€ 95,4,,"Macarena, Sevilla",Sevilla,Booking,
Antonia Luxury Home,,€ 299,4,,"Centro histórico de Sevilla, Sevilla",Sevilla,Booking,
Buen Viaje/San Esteban,"8,5",€ 100,3,,"Centro histórico de Sevilla, Sevilla",Sevilla,Booking,
SEVILLE YOUR WAY,"4,9",€ 14,0,,"Centro histórico de Sevilla, Sevilla",Sevilla,Booking,
Triana75,"7,4",€ 75,3,,"Triana, Sevilla",Sevilla,Booking,
Alcázar de María,"8,5",€ 132,0,,"Centro histórico de Sevilla, Sevilla",Sevilla,Booking,
Sevilla deluxe suites,"9,0",€ 135,4,,"Centro histórico de Sevilla, Sevilla",Sevilla,Booking,
Hostel A2C,"7,8",€ 19,0,,"Centro histórico de Sevilla, Sevilla",Sevilla,Booking,
Limehome Sevilla Calle Granada,"9,1",€ 129,4,,"Centro histórico de Sevilla, Sevilla",Sevilla,Booking,
Diseño Triana 2 rooms,"8,4",€ 125,4,,"Triana, Sevilla",Sevilla,Booking,
Alcoba del Rey de Sevilla,"8,4",€ 135,3,,"Centro histórico de Sevilla, Sevilla",Sevilla,Booking,
Nuevo apartamento Alameda,"8,7",€ 100,4,,"Centro histórico de Sevilla, Sevilla",Sevilla,Booking,
Apartamento Asturias,"7,6",€ 71,3,,"Triana, Sevilla",Sevilla,Booking,
Shared accommodation a room with a view of the garden,"9,2",€ 68,0,,"Sur, Sevilla",Sevilla,Booking,
Maestranza modern,"8,3",€ 149,3,,"Centro histórico de Sevilla, Sevilla",Sevilla,Booking,
Conteros Centro Apartment,"7,7",€ 105,3,,"Centro histórico de Sevilla, Sevilla",Sevilla,Booking,
Ático lujo junto a la catedral. Giralda,"9,1",€ 125,4,,"Centro histórico de Sevilla, Sevilla",Sevilla,Booking,
Baños Terraza - Casa Sevillana,"7,1",€ 58,3,,"Centro histórico de Sevilla, Sevilla",Sevilla,Booking,
"SEVILLA ROOM, VIEW TO THE CITY","5,7",€ 55,3,,"Centro histórico de Sevilla, Sevilla",Sevilla,Booking,
Holiday Rentals Tempa Museo,"8,0",€ 113,4,,"Centro histórico de Sevilla, Sevilla",Sevilla,Booking,
Chick,"6,8",€ 108,2,,"Triana, Sevilla",Sevilla,Booking,
J&N Apartament La Palmera 2,"7,3",€ 114,3,,"Bellavista - Palmera, Sevilla",Sevilla,Booking,
Fresh & Clean Room Sevilla,"8,5",€ 55,0,,"Sur, Sevilla",Sevilla,Booking,
Lolita's house Alhambra,"8,7",€ 111,4,,"Centro histórico de Sevilla, Sevilla",Sevilla,Booking,
ViCe apartment Seville centre Alameda Hercules square,"8,2",€ 104,3,,"Centro histórico de Sevilla, Sevilla",Sevilla,Booking,
Ritual Sevilla Suites Alameda 1,"8,7",€ 150,4,,"Centro histórico de Sevilla, Sevilla",Sevilla,Booking,
URBION HOME,"8,3",€ 115,4,,"Sur, Sevilla",Sevilla,Booking,
Apartamento en Sevilla centro,10,€ 120,4,,"Centro histórico de Sevilla, Sevilla",Sevilla,Booking,
La Casa del Alfarero,10,€ 132,4,,"Triana, Sevilla",Sevilla,Booking,
Slow Suites Salvador,"8,7",€ 120,4,,"Centro histórico de Sevilla, Sevilla",Sevilla,Booking,
FIBES Lux Sevilla Este.,"8,7",€ 78,4,,"Este, Sevilla",Sevilla,Booking,
Limehome Sevilla Calle Pureza,"9,0",€ 133,4,,"Triana, Sevilla",Sevilla,Booking,
Hospedería Monasterio de San Leandro,"9,2",€ 110,3,,"Centro histórico de Sevilla, Sevilla",Sevilla,Booking,
Suite Center San Lorenzo 35,"8,5",€ 135,4,,"Centro histórico de Sevilla, Sevilla",Sevilla,Booking,
Triana,"8,7",€ 115,4,,"Triana, Sevilla",Sevilla,Booking,
Apartamento Manzana,"9,7",€ 149,4,,"Macarena, Sevilla",Sevilla,Booking,
Modern spacious apartment central of Seville,"9,1",€ 142,5,,"Centro histórico de Sevilla, Sevilla",Sevilla,Booking,
Ritual Sevilla Suites Centro,"8,9",€ 162,4,,"Centro histórico de Sevilla, Sevilla",Sevilla,Booking,
Ritual Alameda Suites,"8,7",€ 113,4,,"Centro histórico de Sevilla, Sevilla",Sevilla,Booking,
El Apartamento de Rosi,"8,2",€ 165,4,,"Centro histórico de Sevilla, Sevilla",Sevilla,Booking,
Central and cozy apartment in Seville,"8,3",€ 100,0,,"San Pablo-Santa Justa, Sevilla",Sevilla,Booking,
Apartamentos Flamenco B&B,"8,6",€ 88,4,,"Cerro - Amate, Sevilla",Sevilla,Booking,
Paraná Center Apartment,"8,4",€ 120,4,,"Nervión, Sevilla",Sevilla,Booking,
Apartamento Deluxe Triana,"9,3",€ 100,0,,"Triana, Sevilla",Sevilla,Booking,
Apartamento Santísima Trinidad,"9,3",€ 119,4,,"Macarena, Sevilla",Sevilla,Booking,
Magnífico loft cerca del aeropuerto y palacio de congresos,"5,7",€ 50,3,,"Este, Sevilla",Sevilla,Booking,
Pension Catedral,"7,3",€ 39,0,,"Centro histórico de Sevilla, Sevilla",Sevilla,Booking,
SAN ESTEBAN adg,"7,1",€ 85,3,,"Centro histórico de Sevilla, Sevilla",Sevilla,Booking,
Loft luz del Duque,"9,0",€ 120,4,,"Centro histórico de Sevilla, Sevilla",Sevilla,Booking,
Feria Palace Apartment,"9,0",€ 161,4,,"Centro histórico de Sevilla, Sevilla",Sevilla,Booking,
Santillana terrazas,"6,2",€ 59,2,,"Centro histórico de Sevilla, Sevilla",Sevilla,Booking,
apartamento sevilla enzo,"8,9",€ 100,4,,"Cerro - Amate, Sevilla",Sevilla,Booking,
Betis 64,"9,9",€ 182,4,,"Triana, Sevilla",Sevilla,Booking,
Apartamento nuevo en pleno centro de localización perfecta,"9,8",€ 125,4,,"Centro histórico de Sevilla, Sevilla",Sevilla,Booking,
Apartamento a estrenar en San Bernardo,"8,4",€ 127,4,,"Nervión, Sevilla",Sevilla,Booking,
Alandalus Modern,"7,3",€ 154,0,,"Centro histórico de Sevilla, Sevilla",Sevilla,Booking,
HC Luxe,"9,1",€ 105,0,,"Este, Sevilla",Sevilla,Booking,
Casa unifamiliar,"8,5",€ 126,4,,"Cerro - Amate, Sevilla",Sevilla,Booking,
Spectacular modern apartment in the city center,"7,1",€ 139,3,,"Centro histórico de Sevilla, Sevilla",Sevilla,Booking,
"Alleanza, Aires de Guadalquivir","8,9",€ 116,4,,"Centro histórico de Sevilla, Sevilla",Sevilla,Booking,
Loft Suite Frutos,"8,2",€ 120,4,,"Sur, Sevilla",Sevilla,Booking,
San Pagés 3BR Apartment,"7,7",€ 135,4,,"San Pablo-Santa Justa, Sevilla",Sevilla,Booking,
VERY NICE APARTAMENT. CITY CENTER. PRIVATE PARKING,"9,0",€ 108,4,,"Centro histórico de Sevilla, Sevilla",Sevilla,Booking,
Bajo Gerona,"9,5",€ 150,4,,"Centro histórico de Sevilla, Sevilla",Sevilla,Booking,
Pensión Santa María la Blanca,"3,3",€ 69,2,,"Centro histórico de Sevilla, Sevilla",Sevilla,Booking,
"Apartamento en San Bernardo, el barrio torero","7,5",€ 112,3,,"Nervión, Sevilla",Sevilla,Booking,
bonita habitación el apartamento compartido con todas las comodidades se sentirán como muy bien,"7,9",€ 43,0,,"Macarena, Sevilla",Sevilla,Booking,
Triana modern & luxury,"8,1",€ 149,4,,"Centro histórico de Sevilla, Sevilla",Sevilla,Booking,
J&N Apartament La Palmera 3,"7,0",€ 114,3,,"Bellavista - Palmera, Sevilla",Sevilla,Booking,
San Luis Downtown & Pool Apartment,"9,5",€ 117,4,,"Centro histórico de Sevilla, Sevilla",Sevilla,Booking,
IMAGEN SUITE,"9,1",€ 117,4,,"Centro histórico de Sevilla, Sevilla",Sevilla,Booking,
Sol Centro Apartment B,"8,4",€ 115,4,,"Centro histórico de Sevilla, Sevilla",Sevilla,Booking,
Sol Centro Apartment A,"8,7",€ 115,4,,"Centro histórico de Sevilla, Sevilla",Sevilla,Booking,
Acogedor Apartamento junto a calle Feria,,€ 71,0,,Sevilla,Sevilla,Booking,
Segura Donkey,"8,7",€ 114,4,,"Centro histórico de Sevilla, Sevilla",Sevilla,Booking,
"Apartamentos Giralda, centro Histórico Sevilla","8,4",€ 135,4,,"Centro histórico de Sevilla, Sevilla",Sevilla,Booking,
Banana Gay House - Only Men,"9,1",€ 81,0,,"Centro histórico de Sevilla, Sevilla",Sevilla,Booking,
"The light of Ispal, Nervión",,€ 96,4,,Sevilla,Sevilla,Booking,
More Center Apartment,"8,9",€ 125,4,,"Centro histórico de Sevilla, Sevilla",Sevilla,Booking,
180Home GLAMUROSO APARTAMENTO EN TRIANA,"8,5",€ 170,4,,"Triana, Sevilla",Sevilla,Booking,
El sur modern & luxury,"7,6",€ 149,3,,"Centro histórico de Sevilla, Sevilla",Sevilla,Booking,
room Martinez,"8,5",€ 100,0,,"Centro histórico de Sevilla, Sevilla",Sevilla,Booking,
Torneo 48 Suite,"9,5",€ 179,4,,"Centro histórico de Sevilla, Sevilla",Sevilla,Booking,
Tu hogar en Sevilla,"6,2",€ 95,4,,"Macarena Norte, Sevilla",Sevilla,Booking,
ANDALUCIA Modern & Luxury,"7,2",€ 149,3,,"Centro histórico de Sevilla, Sevilla",Sevilla,Booking,
HN Sevilla,"6,7",€ 134,3,,"Sur, Sevilla",Sevilla,Booking,
Apartamento San Jacinto III,"9,5",€ 129,4,,"Triana, Sevilla",Sevilla,Booking,
Petit apartment LOS REMEDIOS,"8,5",€ 171,4,,"Los Remedios, Sevilla",Sevilla,Booking,
Nuevo Atico En La Alfalfa,"9,9",€ 153,4,,"Centro histórico de Sevilla, Sevilla",Sevilla,Booking,
Teatinos 30,"8,7",€ 160,4,,"Sur, Sevilla",Sevilla,Booking,
Apartamento San Jacinto,"9,0",€ 129,4,,"Triana, Sevilla",Sevilla,Booking,
Luis Montoto,"9,1",€ 157,4,,"San Pablo-Santa Justa, Sevilla",Sevilla,Booking,
Numa Seville Alegre,"8,3",€ 157,4,,"Centro histórico de Sevilla, Sevilla",Sevilla,Booking,
Precioso estudio con parking,,€ 140,4,,"Este, Sevilla",Sevilla,Booking,
Cristine Bedfor Sevilla Boutique Hotel,"9,5",€ 207,4,,"Centro histórico de Sevilla, Sevilla",Sevilla,Booking,
Ole triana,"8,7",€ 176,4,,"Triana, Sevilla",Sevilla,Booking,
Calm,"6,2",€ 108,4,,"Triana, Sevilla",Sevilla,Booking,
"Lumbreras 42 Apartamento, cerca de Isla Mágica y Estadio de la Cartuja","9,6",€ 112,4,,"Centro histórico de Sevilla, Sevilla",Sevilla,Booking,
BaÑos - Casa Sevillana,"6,5",€ 75,2,,"Centro histórico de Sevilla, Sevilla",Sevilla,Booking,
Apartamento Presidente 2,"9,0",€ 151,4,,"Los Remedios, Sevilla",Sevilla,Booking,
Apartamentos Macarena Centro Histórico,"Fantástico 9,5",€ 102,4,,"Macarena, Sevilla",Sevilla,Booking,
Precioso Apartamento En Triana,,€ 155,4,,"Triana, Sevilla",Sevilla,Booking,
apartamento en casco antiguo de sevilla,,€ 109,0,,"Centro histórico de Sevilla, Sevilla",Sevilla,Booking,
Alfareria-Sol,"8,8",€ 176,4,,"Triana, Sevilla",Sevilla,Booking,
Luxury Maestranza Donkey,"7,8",€ 191,4,,"Centro histórico de Sevilla, Sevilla",Sevilla,Booking,
Enladrillada Apartment,"8,8",€ 150,4,,"Centro histórico de Sevilla, Sevilla",Sevilla,Booking,
Casa del Gitano by Época Suites,"9,5",€ 175,4,,"Centro histórico de Sevilla, Sevilla",Sevilla,Booking,
Antonia Global 3,,€ 317,4,,"Centro histórico de Sevilla, Sevilla",Sevilla,Booking,
Resit,"6,1",€ 106,4,,"Triana, Sevilla",Sevilla,Booking,
3 bedroom apartment in the heart of Triana,"8,4",€ 212,4,,"Triana, Sevilla",Sevilla,Booking,
Apartamento entero en los Jardines de Murillo,"8,4",€ 228,4,,"Nervión, Sevilla",Sevilla,Booking,
Casa Pureza - Apartamento,"8,1",€ 131,4,,"Triana, Sevilla",Sevilla,Booking,
PNP17 BI,"9,2",€ 129,4,,"Centro histórico de Sevilla, Sevilla",Sevilla,Booking,
Santa Catalina Center Apartment,"7,6",€ 100,4,,"Centro histórico de Sevilla, Sevilla",Sevilla,Booking,
CARTUJA Modern & Luxury,"6,3",€ 149,3,,"Centro histórico de Sevilla, Sevilla",Sevilla,Booking,
Apartamentos junto plaza Salvador,,€ 124,4,,"Centro histórico de Sevilla, Sevilla",Sevilla,Booking,
Diamela Center Apartment,"9,1",€ 120,4,,"Centro histórico de Sevilla, Sevilla",Sevilla,Booking,
Apartamento Macarena junto a la Basílica de la Macarena,"8,8",€ 166,4,,"Centro histórico de Sevilla, Sevilla",Sevilla,Booking,
Carmen de Triana,"9,6",€ 172,4,,"Triana, Sevilla",Sevilla,Booking,
SE - Peaceful Shiny Apartment Near Fibes,"7,9",€ 102,4,,"Este, Sevilla",Sevilla,Booking,
Betis modern & luxury,"7,0",€ 149,3,,"Centro histórico de Sevilla, Sevilla",Sevilla,Booking,
La Macarena,"8,7",€ 118,4,,"Macarena, Sevilla",Sevilla,Booking,
Apartamento Calesa Centro Sevilla,"6,5",€ 149,3,,"Centro histórico de Sevilla, Sevilla",Sevilla,Booking,
Apartamento PRIVADO en Triana FULL EQUIP,"8,4",€ 120,3,,"Triana, Sevilla",Sevilla,Booking,
Castellar Centro Apartment,"8,6",€ 140,4,,"Centro histórico de Sevilla, Sevilla",Sevilla,Booking,
MATISSE,"8,9",€ 135,4,,"Macarena, Sevilla",Sevilla,Booking,
PRETTY DUPLEX IN BOHEMIAN DISTRICT-CITY CENTER,"8,3",€ 100,4,,"Centro histórico de Sevilla, Sevilla",Sevilla,Booking,
Reflection,"7,6",€ 110,4,,"Triana, Sevilla",Sevilla,Booking,
Centro Luxe 3 Rooms,"8,3",€ 179,4,,"Centro histórico de Sevilla, Sevilla",Sevilla,Booking,
SEVITUR Seville Comfort Apartments,"8,6",€ 120,4,,"Centro histórico de Sevilla, Sevilla",Sevilla,Booking,
ATICO&Terraza SUPER,"8,0",€ 77,3,,"Centro histórico de Sevilla, Sevilla",Sevilla,Booking,
Cozy&quiet Apt in SanVicente st Andalusian patio,"8,4",€ 147,4,,"Centro histórico de Sevilla, Sevilla",Sevilla,Booking,
Estudio la Casa del Museo by SHS,"8,2",€ 147,3,,"Centro histórico de Sevilla, Sevilla",Sevilla,Booking,
19th Century Sevillian Apartment,"8,8",€ 120,4,,"Centro histórico de Sevilla, Sevilla",Sevilla,Booking,
Apartamento Presidente 3,"8,6",€ 136,4,,"Los Remedios, Sevilla",Sevilla,Booking,
Tulip,"8,9",€ 110,4,,"Centro histórico de Sevilla, Sevilla",Sevilla,Booking,
Fray Isidoro Apartment,"8,4",€ 115,4,,"Macarena, Sevilla",Sevilla,Booking,
ISG apartments Puerta Jerez Sevilla 02,"7,5",€ 200,4,,"Centro histórico de Sevilla, Sevilla",Sevilla,Booking,
Marahome,"5,9",€ 113,0,,"Macarena, Sevilla",Sevilla,Booking,
Sevilla San Bernardo apartamento,"9,5",€ 230,4,,"Nervión, Sevilla",Sevilla,Booking,
Apartamentos Poemas & Rimas de Bécquer,"9,0",€ 182,4,,"Centro histórico de Sevilla, Sevilla",Sevilla,Booking,
Duque Center Premium Suites,"8,1",€ 183,4,,"Centro histórico de Sevilla, Sevilla",Sevilla,Booking,
NEW! Luxurious & chic duplex next to the Cathedral,"7,3",€ 162,4,,"Centro histórico de Sevilla, Sevilla",Sevilla,Booking,
Leon Centro Apartment,"7,7",€ 90,3,,"Centro histórico de Sevilla, Sevilla",Sevilla,Booking,
APARTAMENTO EN CASA PALACIO CENTRO HISTÓRICO,"9,0",€ 140,4,,"Centro histórico de Sevilla, Sevilla",Sevilla,Booking,
Serenity retreat at Seville - FREE parking,"8,0",€ 125,3,,"Centro histórico de Sevilla, Sevilla",Sevilla,Booking,
piso reformado 3 habitaciones,"7,9",€ 125,3,,"Macarena, Sevilla",Sevilla,Booking,
"Hotel Alfonso XIII, a Luxury Collection Hotel, Seville","9,1",€ 533,5,,"Centro histórico de Sevilla, Sevilla",Sevilla,Booking,
Siesta Andaluza,"8,8",€ 150,4,,"Centro histórico de Sevilla, Sevilla",Sevilla,Booking,
Gavidia Center Premium Suites,"8,1",€ 183,4,,"Centro histórico de Sevilla, Sevilla",Sevilla,Booking,
Tiny House El sol,"9,0",€ 95,3,,"Cerro - Amate, Sevilla",Sevilla,Booking,
Nice Apartment Centro Histórico,"8,7",€ 140,4,,"Centro histórico de Sevilla, Sevilla",Sevilla,Booking,
Loft acogedor,"9,5",€ 94,4,,"Bellavista - Palmera, Sevilla",Sevilla,Booking,
Sirena Center apartment,"9,0",€ 150,4,,"Centro histórico de Sevilla, Sevilla",Sevilla,Booking,
Duplex en Alfonso XII,10,€ 123,4,,"Centro histórico de Sevilla, Sevilla",Sevilla,Booking,
Apartmento Ópalo,,€ 88,0,,Sevilla,Sevilla,Booking,
Apartamento Presidente 1,"8,7",€ 151,4,,"Los Remedios, Sevilla",Sevilla,Booking,
Loft duplex Sevilla wall,"8,7",€ 143,4,,"Centro histórico de Sevilla, Sevilla",Sevilla,Booking,
CASA DE ZALAMEA,"9,0",€ 198,4,,"Centro histórico de Sevilla, Sevilla",Sevilla,Booking,
Apartamento Orilla de Triana Luxury,"9,5",€ 144,4,,"Triana, Sevilla",Sevilla,Booking,
ISG Apartments Zaragoza-FREE PARKING,"7,9",€ 167,3,,"Centro histórico de Sevilla, Sevilla",Sevilla,Booking,
Triana Historic Center,"8,0",€ 161,4,,"Triana, Sevilla",Sevilla,Booking,
Zona Alameda de Hércules Silencioso,"7,7",€ 104,4,,"Centro histórico de Sevilla, Sevilla",Sevilla,Booking,
Patio Rialto Apartment,"9,1",€ 150,4,,"Centro histórico de Sevilla, Sevilla",Sevilla,Booking,
Numa Seville Solea,"8,8",€ 189,4,,"Centro histórico de Sevilla, Sevilla",Sevilla,Booking,
Apartamento Reformado Parking gratis,"7,4",€ 115,3,,"Bellavista - Palmera, Sevilla",Sevilla,Booking,
Habitación Privada Centro Histórico,"8,6",€ 120,0,,"Centro histórico de Sevilla, Sevilla",Sevilla,Booking,
Tu hogar en Triana,,€ 175,4,,"Triana, Sevilla",Sevilla,Booking,
Global Adriano luxury 1,10,€ 177,4,,"Centro histórico de Sevilla, Sevilla",Sevilla,Booking,
Refugio Vanguardista Free parking,"9,2",€ 199,4,,"Centro histórico de Sevilla, Sevilla",Sevilla,Booking,
ISG Apartments Encantador estudio en Alameda de Hércules,"8,3",€ 140,4,,"Centro histórico de Sevilla, Sevilla",Sevilla,Booking,
Remolars Sevilla,"9,2",€ 190,4,,"Centro histórico de Sevilla, Sevilla",Sevilla,Booking,
El Rincón de Leandro by SHS,"9,5",€ 175,4,,"Centro histórico de Sevilla, Sevilla",Sevilla,Booking,
Resolana Home Sevilla!,"8,3",€ 201,4,,"Macarena, Sevilla",Sevilla,Booking,
Piso en La Oliva bien comunicado,"7,3",€ 199,4,,"Sur, Sevilla",Sevilla,Booking,
ISG Apartments Esencia de Triana,"8,0",€ 209,4,,"Triana, Sevilla",Sevilla,Booking,
Panther Home Triana Deluxe,"8,5",€ 181,4,,"Triana, Sevilla",Sevilla,Booking,
"10 minutos centro Sevilla, moderno y con parking gratis","9,6",€ 190,4,,"Nervión, Sevilla",Sevilla,Booking,
Apartamento cerca del aereopuerto,"6,5",€ 65,3,,"Este, Sevilla",Sevilla,Booking,
calle harinas 23,"6,8",€ 169,3,,"Centro histórico de Sevilla, Sevilla",Sevilla,Booking,
Enjoy Sevilla,"8,2",€ 177,3,,"San Pablo-Santa Justa, Sevilla",Sevilla,Booking,
Moderno Estudio Junto Al Río,"8,4",€ 180,4,,"Centro histórico de Sevilla, Sevilla",Sevilla,Booking,
Juderia Center Premium Suites Free,"8,4",€ 183,4,,"Centro histórico de Sevilla, Sevilla",Sevilla,Booking,
One&Lux Goyeneta Central Duplex with pool & patio,"8,6",€ 194,4,,"Centro histórico de Sevilla, Sevilla",Sevilla,Booking,
Ático cielo de la Macarena,"6,2",€ 102,3,,"Macarena, Sevilla",Sevilla,Booking,
FastLatin Home Sevilla,"4,5",€ 56,3,,"Bellavista - Palmera, Sevilla",Sevilla,Booking,
Apartamento Aeropuerto Sevilla,"Excepcional 9,6",€ 166,4,,"Este, Sevilla",Sevilla,Booking,
La Alcazaba de Triana,"9,2",€ 170,4,,"Triana, Sevilla",Sevilla,Booking,
ATICO CALERIA CON VISTAS A LA GIRALDA,"8,1",€ 110,4,,"Centro histórico de Sevilla, Sevilla",Sevilla,Booking,
Apartamento en sevilla con encanto y muy bien ubicado,"8,0",€ 110,3,,"San Pablo-Santa Justa, Sevilla",Sevilla,Booking,
Iberflat Fabiola,"8,5",€ 198,4,,"Centro histórico de Sevilla, Sevilla",Sevilla,Booking,
Enjoy Sevilla Familia,"7,6",€ 202,3,,"San Pablo-Santa Justa, Sevilla",Sevilla,Booking,
Panther Home Alameda II,"8,1",€ 142,4,,"Centro histórico de Sevilla, Sevilla",Sevilla,Booking,
Numa Seville Jondo,"9,1",€ 171,4,,"Centro histórico de Sevilla, Sevilla",Sevilla,Booking,
la casita del tiro de linea,"8,0",€ 225,4,,"Sur, Sevilla",Sevilla,Booking,
Apartamento Celia,"9,1",€ 158,4,,"Macarena, Sevilla",Sevilla,Booking,
Apartamento de la Luz en exclusividad,"8,1",€ 183,0,,"Macarena, Sevilla",Sevilla,Booking,
Penthouse Asuncion Feria,"9,1",€ 195,4,,"Los Remedios, Sevilla",Sevilla,Booking,
Santa Isabel Low Cost Rooms in private house,"6,3",€ 145,0,,"Centro histórico de Sevilla, Sevilla",Sevilla,Booking,
La Casa del Corral Triana collection apartment,"9,0",€ 202,4,,"Triana, Sevilla",Sevilla,Booking,
City-center stay - AC comfort & fast WiFi,"7,7",€ 133,3,,"Centro histórico de Sevilla, Sevilla",Sevilla,Booking,
180Home INTIMO APARTAMENTO EN CALLE SIERPES,"8,0",€ 195,0,,"Centro histórico de Sevilla, Sevilla",Sevilla,Booking,
Shared apartment! Piso compartido! Общая квартира!,"7,2",,0,,"Sur, Sevilla",Sevilla,Booking,
Apartamento Presidente 4,"8,8",€ 151,4,,"Los Remedios, Sevilla",Sevilla,Booking,
Tu rincón sevillano,"8,8",€ 100,4,,"Centro histórico de Sevilla, Sevilla",Sevilla,Booking,
Vista Corral del Conde,"9,2",€ 112,4,,"Centro histórico de Sevilla, Sevilla",Sevilla,Booking,
Lovely apt in the city center - 15m walk Giralda,"7,4",€ 124,3,,"Centro histórico de Sevilla, Sevilla",Sevilla,Booking,
nervion,,€ 160,0,,"Nervión, Sevilla",Sevilla,Booking,
En el Corazón de Sevilla,"8,7",€ 220,4,,"Centro histórico de Sevilla, Sevilla",Sevilla,Booking,
#3# Apartamento BAÑERA HIDROMASAJE Sevilla Centro,"7,8",€ 175,3,,"Centro histórico de Sevilla, Sevilla",Sevilla,Booking,
JDC1C - Beautiful Apartment in Sevilla,"8,3",€ 200,4,,"Centro histórico de Sevilla, Sevilla",Sevilla,Booking,
FAM Sevillian Apartment,"9,6",€ 190,0,,"Centro histórico de Sevilla, Sevilla",Sevilla,Booking,
Apartment in La Campana city centre of Seville,,€ 116,0,,"Centro histórico de Sevilla, Sevilla",Sevilla,Booking,
nQn Aparts & Suites Sevilla,"9,5",€ 248,4,,"Centro histórico de Sevilla, Sevilla",Sevilla,Booking,
Giralda modern & luxury,"7,3",€ 149,3,,"Centro histórico de Sevilla, Sevilla",Sevilla,Booking,
Apartamento Familiar,"7,0",€ 103,3,,"Este, Sevilla",Sevilla,Booking,
NEW Gorgeous 2-Bed Apt in Seville Center,"8,6",€ 170,4,,"Centro histórico de Sevilla, Sevilla",Sevilla,Booking,
Apartamento acogedor y moderno en pleno centro de Sevilla con Parking Gratis,"8,9",€ 180,4,,"Centro histórico de Sevilla, Sevilla",Sevilla,Booking,
Dalia modern & luxury,"8,5",€ 149,4,,"Centro histórico de Sevilla, Sevilla",Sevilla,Booking,
Apartamento en Sevilla,"7,8",€ 162,4,,"Macarena Norte, Sevilla",Sevilla,Booking,
Ático Campana Donkey Terraza privada,"7,7",€ 128,3,,"Centro histórico de Sevilla, Sevilla",Sevilla,Booking,
La Casa de Luis de Vargas,"8,2",€ 157,3,,"Centro histórico de Sevilla, Sevilla",Sevilla,Booking,
Ritual Sevilla Santa Justa 2,"8,0",€ 199,4,,"San Pablo-Santa Justa, Sevilla",Sevilla,Booking,
ISG Apartments Estudio en La Alameda 2,"8,7",€ 156,4,,"Centro histórico de Sevilla, Sevilla",Sevilla,Booking,
Tourist House Trajano Terraza-Piscina,"8,7",€ 273,4,,"Centro histórico de Sevilla, Sevilla",Sevilla,Booking,
San Lorenzo Collection Homes - Space Maison Apartments,"8,4",€ 152,4,,"Centro histórico de Sevilla, Sevilla",Sevilla,Booking,
Numa Seville Molina,"8,9",€ 192,4,,"Centro histórico de Sevilla, Sevilla",Sevilla,Booking,
Apartamento Trajano Casco Antiguo,10,€ 202,4,,"Centro histórico de Sevilla, Sevilla",Sevilla,Booking,
BELLA VISTA Modern & Luxury,"7,1",€ 149,3,,"Centro histórico de Sevilla, Sevilla",Sevilla,Booking,
Dúplex Donkey Parking,"8,2",€ 130,4,,"Centro histórico de Sevilla, Sevilla",Sevilla,Booking,
Casa Pepita Gutiérrez,"8,9",€ 221,4,,"Centro histórico de Sevilla, Sevilla",Sevilla,Booking,
"HomeySeville-Precioso Apartamento San Juan de la Palma, Parking Optional","8,9",€ 146,4,,"Centro histórico de Sevilla, Sevilla",Sevilla,Booking,
Apartamento industrial 1 dormitorio y garaje,"9,1",€ 134,4,,"Triana, Sevilla",Sevilla,Booking,
ISG Apartments Precioso ático con terraza privada en el centro- FREE PARKING,"7,9",€ 181,3,,"Centro histórico de Sevilla, Sevilla",Sevilla,Booking,
Encarnacion modern & luxury,"7,5",€ 149,3,,"Centro histórico de Sevilla, Sevilla",Sevilla,Booking,
Precioso Apartamento en el corazon de Sevilla,"9,0",€ 235,4,,"Centro histórico de Sevilla, Sevilla",Sevilla,Booking,
Estudio céntrico en Puñonrostro,"9,0",€ 135,4,,"Centro histórico de Sevilla, Sevilla",Sevilla,Booking,
"Apartamento céntrico en la calle Cruz Verde, 10","7,5",€ 151,4,,"Centro histórico de Sevilla, Sevilla",Sevilla,Booking,
Feria modern & luxury,"7,6",€ 149,3,,"Centro histórico de Sevilla, Sevilla",Sevilla,Booking,
LIAM STUDIO IN SEVILLA CENTRIC,"7,7",€ 90,0,,"Centro histórico de Sevilla, Sevilla",Sevilla,Booking,
Casa amueblado,"4,6",€ 113,2,,"Cerro - Amate, Sevilla",Sevilla,Booking,
"Soleado, familiar, alegre y tranquilo a un paseo de la Catedral","9,6",€ 231,4,,"Centro histórico de Sevilla, Sevilla",Sevilla,Booking,
180Home IDEAL PLAZA DEL SALVADOR,"6,8",€ 163,0,,"Centro histórico de Sevilla, Sevilla",Sevilla,Booking,
Luxury apartment in city center of seville,,€ 137,4,,"Centro histórico de Sevilla, Sevilla",Sevilla,Booking,
ISG Apartments Triana Estudio 2,"8,4",€ 167,4,,"Triana, Sevilla",Sevilla,Booking,
Fino modern & luxury,"6,7",€ 149,3,,"Centro histórico de Sevilla, Sevilla",Sevilla,Booking,
Apartamento en Santa Cruz Sevilla Catedral Giralda Nuevo 2025,10,€ 145,3,,"Centro histórico de Sevilla, Sevilla",Sevilla,Booking,
HN El Palomar,"8,4",€ 202,4,,"Centro histórico de Sevilla, Sevilla",Sevilla,Booking,
ISG Apartments Apartamento cerca de la Catedral,"8,6",€ 188,4,,"Centro histórico de Sevilla, Sevilla",Sevilla,Booking,
Tournet Triana,"4,7",€ 106,2,,"Triana, Sevilla",Sevilla,Booking,
3 bedroom apartment with stunning Guadalquivir views,"7,9",€ 256,3,,"Triana, Sevilla",Sevilla,Booking,
Apartamento en Puente Triana,"7,6",€ 191,3,,"Triana, Sevilla",Sevilla,Booking,
Magnífico Ático en frente de la Feria,"9,5",€ 216,4,,"Los Remedios, Sevilla",Sevilla,Booking,
Apto En Historico Patio Andaluz,10,€ 191,4,,"Centro histórico de Sevilla, Sevilla",Sevilla,Booking,
Cozy apartment in a typical Sevillian patio house,"8,9",€ 132,3,,"Centro histórico de Sevilla, Sevilla",Sevilla,Booking,
Duplex apartment in the heart of the city,,€ 145,0,,"Centro histórico de Sevilla, Sevilla",Sevilla,Booking,
Apartamento 5 en Estadio del Sevilla de 2 habitaciones y metro,"8,8",€ 347,0,,"Nervión, Sevilla",Sevilla,Booking,
Apartamentos Gravina 31,"8,7",€ 333,4,,"Centro histórico de Sevilla, Sevilla",Sevilla,Booking,
Abba,"8,2",€ 77,4,,Sevilla,Sevilla,Booking,
Amicorum Parking,"6,9",€ 181,2,,"Nervión, Sevilla",Sevilla,Booking,
J&N Apartament La Palmera 1,"6,8",€ 125,3,,"Bellavista - Palmera, Sevilla",Sevilla,Booking,
Lofty Justa,,€ 207,3,,"San Pablo-Santa Justa, Sevilla",Sevilla,Booking,
Don Fadrique Macarena,"9,6",€ 191,4,,"Macarena, Sevilla",Sevilla,Booking,
Rooftop maisonette with magnificent terrace,"9,5",€ 340,4,,"Centro histórico de Sevilla, Sevilla",Sevilla,Booking,
Moderno y Céntrico Apartamento,"8,2",€ 109,4,,"Centro histórico de Sevilla, Sevilla",Sevilla,Booking,
"Inmogestion Integral Rentals, Paraiso 4, Sevilla","9,4",€ 319,4,,"Triana, Sevilla",Sevilla,Booking,
Dulce modern & luxury,"7,9",€ 149,4,,"Centro histórico de Sevilla, Sevilla",Sevilla,Booking,
Charming apt in the center - 10m walk Isla Mágica,"7,1",€ 119,3,,"Centro histórico de Sevilla, Sevilla",Sevilla,Booking,
ISG Apartments Campana Free Parking,"9,7",€ 365,4,,"Centro histórico de Sevilla, Sevilla",Sevilla,Booking,
Dumonde Parking,"9,0",€ 188,4,,"Centro histórico de Sevilla, Sevilla",Sevilla,Booking,
Tourist House Francos,"8,9",€ 333,4,,"Centro histórico de Sevilla, Sevilla",Sevilla,Booking,
ISG Apartments Casa Virginia-Alameda,"9,1",€ 156,4,,"Centro histórico de Sevilla, Sevilla",Sevilla,Booking,
Suite Seville Historic Center,"9,5",€ 145,4,,"Centro histórico de Sevilla, Sevilla",Sevilla,Booking,
Ático duplex céntrico,,€ 238,3,,"Centro histórico de Sevilla, Sevilla",Sevilla,Booking,
SevillaDream,"6,5",€ 980,0,,"Centro histórico de Sevilla, Sevilla",Sevilla,Booking,
Feria,"9,2",€ 205,4,,"Centro histórico de Sevilla, Sevilla",Sevilla,Booking,
Ritual Sevilla Santa Justa,"Excepcional 9,6",€ 199,4,,"San Pablo-Santa Justa, Sevilla",Sevilla,Booking,
Luxury Rooftop - Space Maison Apartments,"8,9",€ 209,4,,"Centro histórico de Sevilla, Sevilla",Sevilla,Booking,
Alameda Ático A,"9,0",€ 81,0,,"Centro histórico de Sevilla, Sevilla",Sevilla,Booking,
Ático in City Center,,€ 152,0,,"Centro histórico de Sevilla, Sevilla",Sevilla,Booking,
Las Columnas de Hércules - Great location!,"9,3",€ 155,4,,"Centro histórico de Sevilla, Sevilla",Sevilla,Booking,
ISG Apartments Triana 1,"8,9",€ 190,4,,"Triana, Sevilla",Sevilla,Booking,
Oasis in the heart of Seville - 2 BR apt with FREE PARKING,"8,6",€ 200,4,,"Centro histórico de Sevilla, Sevilla",Sevilla,Booking,
180Home GLAMUROSO APARTAMENTO EN LAS SETAS,"6,0",€ 175,3,,"Centro histórico de Sevilla, Sevilla",Sevilla,Booking,
Resitur Luxury Apartment 532,"7,3",€ 390,3,,"Triana, Sevilla",Sevilla,Booking,
Precioso piso en Sevilla,"8,5",€ 185,4,,"Centro histórico de Sevilla, Sevilla",Sevilla,Booking,
habitacion acogedora con limpieza incluida- buena conexion,"8,7",€ 87,0,,"Macarena, Sevilla",Sevilla,Booking,
"Estadio del Sevilla, 3 hab, 8 plazas y metro","8,4",€ 450,4,,"Nervión, Sevilla",Sevilla,Booking,
MAR - Beautiful apartment with two bedrooms and two bathrooms,"7,3",€ 177,3,,"Centro histórico de Sevilla, Sevilla",Sevilla,Booking,
Hotel Boutique Casa del Limonero,"9,9",€ 406,2,,"Centro histórico de Sevilla, Sevilla",Sevilla,Booking,
"Apartamento 2 en Estadio Sevilla, 6 plazas y metro","7,6",€ 400,4,,"Nervión, Sevilla",Sevilla,Booking,
ISG Apartments Faustino 45-3,"8,2",€ 179,4,,"Centro histórico de Sevilla, Sevilla",Sevilla,Booking,
"Mini Estudio JACUZZI DOBLE SEVILLA ""POLIGONO INDUSTRIAL""","4,9",€ 184,0,,"Macarena Norte, Sevilla",Sevilla,Booking,
"3 Double Beds - Great Area, Perfect for Families","8,8",€ 222,4,,"Los Remedios, Sevilla",Sevilla,Booking,
ALOJAMIENTO LANZA en el CORAZÓN DE SEVILLA,"8,2",€ 150,4,,"Centro histórico de Sevilla, Sevilla",Sevilla,Booking,
Descanso en Sevilla,"9,2",€ 88,4,,Sevilla,Sevilla,Booking,
Tourist House San Eloy,"8,5",€ 336,4,,"Centro histórico de Sevilla, Sevilla",Sevilla,Booking,
HN Arrayan,"6,4",€ 175,3,,"Centro histórico de Sevilla, Sevilla",Sevilla,Booking,
Gran Plaza,,€ 246,0,,Sevilla,Sevilla,Booking,
Apartamento Faustino Alvarez,"9,1",€ 129,4,,"Centro histórico de Sevilla, Sevilla",Sevilla,Booking,
Ático Corazón De Sevilla,"5,0",€ 205,4,,"Centro histórico de Sevilla, Sevilla",Sevilla,Booking,
La Clara Domus,"8,8",€ 82,4,,Sevilla,Sevilla,Booking,
PuraSevilla apartments nº4,,€ 164,4,,"Centro histórico de Sevilla, Sevilla",Sevilla,Booking,
Sevilla Centro Histórico Cerca Estación AVE,"8,3",€ 204,3,,"Centro histórico de Sevilla, Sevilla",Sevilla,Booking,
Casa de la Moneda Residences Sevilla,"9,6",€ 400,4,,"Centro histórico de Sevilla, Sevilla",Sevilla,Booking,
Airbhouse prívate rooms & Triana,,€ 162,0,,"Triana, Sevilla",Sevilla,Booking,
SF - Shiny Apartment in City Centre,"7,7",€ 214,3,,"Centro histórico de Sevilla, Sevilla",Sevilla,Booking,
Piso Próximo Basílica Macarena,"7,0",€ 172,4,,"Macarena, Sevilla",Sevilla,Booking,
"Sunny handmade home. WI-FI, a/c & free parking","9,2",€ 158,4,,"San Pablo-Santa Justa, Sevilla",Sevilla,Booking,
Violeta apartment with cozy balcony Sevilla,"8,3",€ 230,4,,"Triana, Sevilla",Sevilla,Booking,
Enjoy Sevilla Resolana,,€ 248,4,,"Macarena, Sevilla",Sevilla,Booking,
Oak & Sandstone Studio - Space Maison Apartments,"8,9",€ 189,4,,"Centro histórico de Sevilla, Sevilla",Sevilla,Booking,
NEW Luxury and sunny 2BR apartment Premium Spot,"8,8",€ 213,4,,"Triana, Sevilla",Sevilla,Booking,
Apartment Mosaic Giralda,"8,5",€ 203,4,,"Centro histórico de Sevilla, Sevilla",Sevilla,Booking,
Ático 1 Terraza y sol en el Centro de Sevilla !!,"9,5",€ 200,4,,"Centro histórico de Sevilla, Sevilla",Sevilla,Booking,
Elegant Suite,"8,9",€ 335,4,,"Centro histórico de Sevilla, Sevilla",Sevilla,Booking,
A orillas del Guadalquivir,"7,3",€ 159,4,,"Centro histórico de Sevilla, Sevilla",Sevilla,Booking,
Piso en Sevilla Este,"1,0",€ 90,0,,"Este, Sevilla",Sevilla,Booking,
#4# Apartamento Familiar Sevilla Centro,"7,4",€ 249,3,,"Centro histórico de Sevilla, Sevilla",Sevilla,Booking,
Lanza Tranquilo y acogedor,,€ 166,4,,"Centro histórico de Sevilla, Sevilla",Sevilla,Booking,
Whitey Aparment in Triana,"7,2",€ 308,3,,"Triana, Sevilla",Sevilla,Booking,
Apartamento Duplex Sevilla Centro,,€ 247,4,,"Centro histórico de Sevilla, Sevilla",Sevilla,Booking,
Numa Seville Prestigio,"9,2",€ 420,4,,"Centro histórico de Sevilla, Sevilla",Sevilla,Booking,
Estudio Sevilla Centro,"6,9",€ 175,3,,"Centro histórico de Sevilla, Sevilla",Sevilla,Booking,
Bright Apartment in Seville with Private Garden,,€ 535,4,,"Nervión, Sevilla",Sevilla,Booking,
Mini Estudio Lovely Sevilla Centro,"7,6",€ 261,0,,"Centro histórico de Sevilla, Sevilla",Sevilla,Booking,
Tourist House Odonell,"9,0",€ 293,4,,"Centro histórico de Sevilla, Sevilla",Sevilla,Booking,
ISG Apartments Family Stay San Marcos,10,€ 866,4,,"Centro histórico de Sevilla, Sevilla",Sevilla,Booking,
Amplio y luminoso Sevilla,"5,0",€ 208,4,,"Centro histórico de Sevilla, Sevilla",Sevilla,Booking,
COPLA HOUSE Sevilla - Premium Experience para 12,"9,7",€ 695,0,,"Centro histórico de Sevilla, Sevilla",Sevilla,Booking,
Tourist House Casa Pilatos,"8,2",€ 560,4,,"Centro histórico de Sevilla, Sevilla",Sevilla,Booking,
Apart Sevilla Centro con piscina,"4,8",€ 190,0,,"Centro histórico de Sevilla, Sevilla",Sevilla,Booking,
Moderno Y Luminoso Calle Salado,"6,0",€ 228,4,,"Centro histórico de Sevilla, Sevilla",Sevilla,Booking,
Estudio Castellar,"5,1",€ 224,0,,"Centro histórico de Sevilla, Sevilla",Sevilla,Booking,
Mini Estudio Sevilla Centro,"5,9",€ 179,3,,"Centro histórico de Sevilla, Sevilla",Sevilla,Booking,
Acogedor piso en Los Remedios,,€ 144,0,,"Triana, Sevilla",Sevilla,Booking,
El Torreón 1,"8,8",€ 65,4,,Sevilla,Sevilla,Booking,
Loft Alameda De Hercules Sevilla,"9,0",€ 220,4,,"Centro histórico de Sevilla, Sevilla",Sevilla,Booking,
WakeUp Apartment,"5,2",€ 450,4,,"Centro histórico de Sevilla, Sevilla",Sevilla,Booking,
"Casa Rural Familiar , Castilleja del Campo , Sevilla","8,1",€ 98,4,,Sevilla,Sevilla,Booking,
Ático terraza privada Tetuán,"9,2",€ 391,4,,"Centro histórico de Sevilla, Sevilla",Sevilla,Booking,
Brand-New 2BR Apt Near Center - FREE Parking,,€ 257,0,,Sevilla,Sevilla,Booking,
Tourist House Vidrio,"8,0",€ 405,4,,"Centro histórico de Sevilla, Sevilla",Sevilla,Booking,
Loft Candela Apartment,,€ 360,4,,"Centro histórico de Sevilla, Sevilla",Sevilla,Booking,
Ático Penthouse Seville Terrace Dup,"9,5",€ 331,4,,"Centro histórico de Sevilla, Sevilla",Sevilla,Booking,
La Casa de los Viajantes,"6,1",€ 405,3,,"Macarena, Sevilla",Sevilla,Booking,
la casa de las pergolas,"9,0",€ 600,0,,"Bellavista - Palmera, Sevilla",Sevilla,Booking,
TreeTriana,"8,5",€ 491,4,,"Triana, Sevilla",Sevilla,Booking,
Center Sevilla Magdalena Premium,"8,2",€ 183,4,,"Centro histórico de Sevilla, Sevilla",Sevilla,Booking,
Magnifica Ubicación,"8,6",€ 175,4,,"Cerro - Amate, Sevilla",Sevilla,Booking,
5-Bedroom Gem in the Heart of Seville,10,€ 360,0,,"Centro histórico de Sevilla, Sevilla",Sevilla,Booking,
Ático dúplex en el centro de Sevilla,"8,0",€ 416,4,,"Centro histórico de Sevilla, Sevilla",Sevilla,Booking,
Violeta loft B chill out Sevilla,"7,6",€ 250,3,,"Triana, Sevilla",Sevilla,Booking,
Amazing Sevilla Apartamento,"7,1",€ 510,4,,"Centro histórico de Sevilla, Sevilla",Sevilla,Booking,
Charming Apartment In Seville,,€ 398,4,,"Centro histórico de Sevilla, Sevilla",Sevilla,Booking,
Freedom Penthouse,,€ 466,3,,"Centro histórico de Sevilla, Sevilla",Sevilla,Booking,
Santa Clara Apartament,"6,4",€ 360,4,,"Centro histórico de Sevilla, Sevilla",Sevilla,Booking,
Apartamento 4 en Estadio Sevilla 8 plazas y metro,"8,3",€ 550,4,,"Nervión, Sevilla",Sevilla,Booking,
La Naranja de Reina Mercedes,,€ 460,4,,"Bellavista - Palmera, Sevilla",Sevilla,Booking,
Resitur Luxury Suit 423,"6,3",€ 667,3,,"Triana, Sevilla",Sevilla,Booking,
Resitur Luxury Suit 2,"6,7",€ 710,3,,"Triana, Sevilla",Sevilla,Booking,
Resitur Luxury Apartment 114,"6,4",€ 640,3,,"Triana, Sevilla",Sevilla,Booking,
Sevilla próximo a Plaza de España,,€ 932,0,,"Sur, Sevilla",Sevilla,Booking,
Resitur Luxury Suit A,"5,7",€ 667,3,,"Triana, Sevilla",Sevilla,Booking,
Resitur Luxury Apartment 113,"5,5",€ 640,2,,"Triana, Sevilla",Sevilla,Booking,
Apartamento Casa Callejón del Agua,"9,2",€ 496,4,,"Centro histórico de Sevilla, Sevilla",Sevilla,Booking,
Campanilla n`28,"9,3",€ 170,4,,Sevilla,Sevilla,Booking,
Rabadan Brand New Amazing House with Terrace Parking,10,€ 836,4,,"Centro histórico de Sevilla, Sevilla",Sevilla,Booking,
Sierpes by Linin,"8,9",€ 712,4,,"Centro histórico de Sevilla, Sevilla",Sevilla,Booking,
Casa del Monte Sevilla,"9,5",€ 359,4,,Sevilla,Sevilla,Booking,
En CARRERA OFICIAL SEMANA SANTA,"8,0",€ 1.000,0,,"Centro histórico de Sevilla, Sevilla",Sevilla,Booking,
Santo Copas,"Excepcional 9,5",€ 864,0,,"Centro histórico de Sevilla, Sevilla",Sevilla,Booking,
Tourist House Alfalfa,"8,1",€ 595,4,,"Centro histórico de Sevilla, Sevilla",Sevilla,Booking,
Acogedora casa con piscina en el centro histórico,10,€ 1.345,4,,"Centro histórico de Sevilla, Sevilla",Sevilla,Booking,
Fabled Parking,,€ 687,3,,"Centro histórico de Sevilla, Sevilla",Sevilla,Booking,
"Comfortable apartment in Seville, 65 m² with balcony",10,€ 780,4,,"Triana, Sevilla",Sevilla,Booking,
Belle Pop,,€ 1.347,3,,"Centro histórico de Sevilla, Sevilla",Sevilla,Booking,
Orbyz,,€ 1.791,4,,"Centro histórico de Sevilla, Sevilla",Sevilla,Booking,
Cortijo la amazona,"9,6",€ 1.001,4,,Sevilla,Sevilla,Booking,
Ático con piscina Sevilla Centro,,€ 2.712,4,,"Centro histórico de Sevilla, Sevilla",Sevilla,Booking,
Eurostars Zaragoza,"8,4",€ 58,4,,Zaragoza,Zaragoza,Booking,
Hotel Gran Via,"8,2",€ 60,3,,"Centro, Zaragoza",Zaragoza,Booking,
Hostal Puente de Piedra,"8,3",€ 35,3,,Zaragoza,Zaragoza,Booking,
Exe Boston,"8,3",€ 76,4,,"Centro histórico, Zaragoza",Zaragoza,Booking,
B&B HOTEL Zaragoza Royal,"7,6",€ 53,3,,"Centro, Zaragoza",Zaragoza,Booking,
Hotel Delicias,"7,8",€ 60,2,,"Delicias, Zaragoza",Zaragoza,Booking,
Hotel Diagonal Plaza,"8,7",€ 81,4,,Zaragoza,Zaragoza,Booking,
Hotel Inca,"8,7",€ 62,3,,"Centro histórico, Zaragoza",Zaragoza,Booking,
NH Collection Gran Hotel de Zaragoza,"8,8",€ 114,4,,"Centro histórico, Zaragoza",Zaragoza,Booking,
Exe Zaragoza WTC,"8,8",€ 89,3,,Zaragoza,Zaragoza,Booking,
Ilunion Romareda,"8,8",€ 85,4,,"Romareda, Zaragoza",Zaragoza,Booking,
Eurostars Rey Fernando,"8,6",€ 71,4,,Zaragoza,Zaragoza,Booking,
Silken Reino de Aragón,"8,7",€ 135,4,,"Centro histórico, Zaragoza",Zaragoza,Booking,
VTZ The Orus Factory Hotel - Parking Muy Económico,"7,9",€ 60,2,,"Delicias, Zaragoza",Zaragoza,Booking,
VTZ Hotel El Príncipe,"7,9",€ 74,3,,"Centro histórico, Zaragoza",Zaragoza,Booking,
Hotel Don Jaime 54,"8,4",€ 62,3,,"Centro histórico, Zaragoza",Zaragoza,Booking,
VTZ Hotel San Valero,"8,3",€ 68,2,,"Centro histórico, Zaragoza",Zaragoza,Booking,
Hotel Sauce,"9,0",€ 69,2,,"Centro histórico, Zaragoza",Zaragoza,Booking,
Hotel Goya,"7,9",€ 110,4,,"Centro histórico, Zaragoza",Zaragoza,Booking,
Aparthotel Los Girasoles,"8,8",€ 89,4,,"Centro histórico, Zaragoza",Zaragoza,Booking,
Sercotel Plaza Feria,"8,4",€ 89,4,,Zaragoza,Zaragoza,Booking,
VTZ The Botanic Hostel,"7,4",€ 23,0,,"Centro histórico, Zaragoza",Zaragoza,Booking,
Hotel YIT Ciudad De Zaragoza,"7,7",€ 59,3,,Zaragoza,Zaragoza,Booking,
Hotel Hiberus,"8,6",€ 131,4,,Zaragoza,Zaragoza,Booking,
Hotel Alfonso,"8,5",€ 146,4,,"Centro histórico, Zaragoza",Zaragoza,Booking,
Hotel & Spa Real Ciudad De Zaragoza,"8,2",€ 68,4,,Zaragoza,Zaragoza,Booking,
Hesperia Zaragoza Centro,"8,2",€ 77,3,,"Centro histórico, Zaragoza",Zaragoza,Booking,
VTZ Hotel Plaza España,"8,3",€ 69,2,,"Centro histórico, Zaragoza",Zaragoza,Booking,
Hotel Zentral Ave,"8,8",€ 92,4,,Zaragoza,Zaragoza,Booking,
Exe Plaza Delicias,"8,6",€ 77,3,,"Delicias, Zaragoza",Zaragoza,Booking,
Hostal Arenal,"7,2",€ 40,3,,"Romareda, Zaragoza",Zaragoza,Booking,
Hotel Reina Petronila,"8,6",€ 182,5,,"Romareda, Zaragoza",Zaragoza,Booking,
Hotel Cogullada,"7,2",€ 60,2,,Zaragoza,Zaragoza,Booking,
NH Ciudad de Zaragoza,"8,6",€ 114,4,,"Centro histórico, Zaragoza",Zaragoza,Booking,
Hotel Rio Arga,"8,0",€ 77,2,,"Centro histórico, Zaragoza",Zaragoza,Booking,
Vincci Zaragoza Zentro,"8,6",€ 131,4,,"Centro histórico, Zaragoza",Zaragoza,Booking,
B&B HOTEL Zaragoza Los Enlaces Estación,"8,5",€ 68,4,,Zaragoza,Zaragoza,Booking,
B&B HOTEL Zaragoza Plaza Mozart,"8,1",€ 57,0,,Zaragoza,Zaragoza,Booking,
Catalonia El Pilar,"9,0",€ 150,4,,"Centro histórico, Zaragoza",Zaragoza,Booking,
Hostal Plaza Boutique - Solo adultos,"8,7",€ 75,0,,"Centro histórico, Zaragoza",Zaragoza,Booking,
Casa Palacio de los Sitios,"8,7",€ 70,4,,"Centro histórico, Zaragoza",Zaragoza,Booking,
NH Sport,"8,3",€ 62,3,,"Delicias, Zaragoza",Zaragoza,Booking,
Hotel Tibur,"8,0",€ 77,3,,"Centro histórico, Zaragoza",Zaragoza,Booking,
Ibis Styles Zaragoza Centro,"8,3",€ 74,3,,"Centro histórico, Zaragoza",Zaragoza,Booking,
Hotel Palafox,"8,6",€ 186,5,,"Centro histórico, Zaragoza",Zaragoza,Booking,
INNSiDE by Meliá Zaragoza,"8,7",€ 130,4,,"Centro histórico, Zaragoza",Zaragoza,Booking,
Silken Casa Platerias Siglo XV,"8,9",€ 99,4,,"Centro histórico, Zaragoza",Zaragoza,Booking,
Hotel Oriente,"8,5",€ 88,3,,"Centro histórico, Zaragoza",Zaragoza,Booking,
Cesaraugusta,"7,9",€ 77,3,,"Centro, Zaragoza",Zaragoza,Booking,
B&B HOTEL Zaragoza Centro,"8,4",€ 68,2,,"Arrabal, Zaragoza",Zaragoza,Booking,
Hotel Hispania,"8,0",€ 65,2,,"Centro histórico, Zaragoza",Zaragoza,Booking,
Precioso piso-apartamento en barrio de Zaragoza,"8,0",€ 60,3,,Zaragoza,Zaragoza,Booking,
PENSION MIRAFLORES,"7,7",€ 40,0,,"Centro, Zaragoza",Zaragoza,Booking,
Apartamentos Zaragoza Gran Vía 3000,"9,0",€ 120,4,,"Centro, Zaragoza",Zaragoza,Booking,
Habitacion E,"6,3",€ 35,0,,"Delicias, Zaragoza",Zaragoza,Booking,
EXCLUSIVO TAPAS EL TUBO CHECKIN 24H Centro 1,"9,4",€ 157,4,,"Centro histórico, Zaragoza",Zaragoza,Booking,
Atico Centro Sol y Vistas,"9,4",€ 157,4,,"Centro histórico, Zaragoza",Zaragoza,Booking,
Finca Almenara de Copau,"9,0",€ 131,0,,Zaragoza,Zaragoza,Booking,
Apartamento con Jacuzzi El Rincón de las Delicias,"9,6",€ 156,4,,Zaragoza,Zaragoza,Booking,
VALERIA DREAMS - Maestro Luna 4º,"8,8",€ 129,3,,"Centro histórico, Zaragoza",Zaragoza,Booking,
Apartamento Virgenes Eco friendly,"8,9",€ 130,3,,"Centro histórico, Zaragoza",Zaragoza,Booking,
Apartamento Azabache,"9,6",€ 185,4,,"Romareda, Zaragoza",Zaragoza,Booking,
ÁTICO ACOGEDOR LUJOSO CHECK-IN 24H PENTHOUSE 5 Planta 5,"8,9",€ 157,4,,"Centro histórico, Zaragoza",Zaragoza,Booking,
Apartamento Con Vistas Al Pilar con Aparcamiento privado,"9,2",€ 192,4,,"Arrabal, Zaragoza",Zaragoza,Booking,
La Parada de la Estacion con parking,"9,4",€ 198,4,,"Delicias, Zaragoza",Zaragoza,Booking,
CHECK-IN 24H NUEVO Único WIFI FAMILIAR Centro Planta 3,"9,2",€ 161,4,,"Centro histórico, Zaragoza",Zaragoza,Booking,
"Piso en el Centro de Zaragoza, Parking GRATIS, Check-in 24h","6,2",€ 129,3,,"Centro histórico, Zaragoza",Zaragoza,Booking,
MODERNO NUEVO Luminoso WI-FI PLAZA DEL PILAR 2,"9,0",€ 162,4,,"Centro histórico, Zaragoza",Zaragoza,Booking,
La Parada Santo Domingo 1,"9,3",€ 186,4,,"Centro histórico, Zaragoza",Zaragoza,Booking,
Check-in 24H PLAZA ESPAÑA AMPLIO Centro planta 4,"9,1",€ 161,4,,"Centro histórico, Zaragoza",Zaragoza,Booking,
Apartamento Plaza España,"9,5",€ 250,4,,"Centro histórico, Zaragoza",Zaragoza,Booking,
Apartamentos Zaragoza Independencia 3000,"9,8",€ 468,3,,"Centro histórico, Zaragoza",Zaragoza,Booking,
VILLA SA CALMA,"9,5",€ 713,4,,Zaragoza,Zaragoza,Booking,
Centro De Zaragoza Precio noche 2 o 3 personas,"1,8",€ 23,0,,"Centro histórico, Zaragoza",Zaragoza,Booking,
Albergue Zaragoza Camping,"7,4",€ 23,0,,Zaragoza,Zaragoza,Booking,
FANTASTICA BUHARDILLA PZ. PILAR,"8,7",€ 89,4,,"Centro histórico, Zaragoza",Zaragoza,Booking,
Martita Home,"9,2",€ 111,3,,Zaragoza,Zaragoza,Booking,
PASARELA ALMOZARA HOME & Parking gratis,"9,3",€ 126,3,,Zaragoza,Zaragoza,Booking,
El BC Zaragoza - Aljafería,"9,3",€ 144,4,,Zaragoza,Zaragoza,Booking,
Moderno apartamento en casco histórico + desayuno!,"8,6",€ 108,3,,"Centro histórico, Zaragoza",Zaragoza,Booking,
Torre mudejar,"8,5",€ 108,3,,"Centro histórico, Zaragoza",Zaragoza,Booking,
Loft Loarre Estudio Premium Renovado 5 Pax,"8,2",€ 129,3,,"Centro histórico, Zaragoza",Zaragoza,Booking,
Apartamentos Basilicus,"8,6",€ 149,4,,"Centro histórico, Zaragoza",Zaragoza,Booking,
Suite Estébanes,"9,0",€ 138,0,,"Centro histórico, Zaragoza",Zaragoza,Booking,
LA CASA DE INVITADOS,"8,0",€ 89,0,,Zaragoza,Zaragoza,Booking,
Apartamentos Zaragoza Suites El Pilar 3000,"8,0",€ 114,3,,Zaragoza,Zaragoza,Booking,
"VALERIA-DREAMS Maestro luna 5,2º","8,7",€ 129,0,,"Centro histórico, Zaragoza",Zaragoza,Booking,
VTZ El Balcón de Rey Alfonso I,"8,6",€ 97,4,,"Centro histórico, Zaragoza",Zaragoza,Booking,
Gran piso pleno centro. Plaza del Pilar + Desayuno,"9,1",€ 121,3,,"Centro histórico, Zaragoza",Zaragoza,Booking,
Apartamento junto a la Basilica del Pilar,"8,0",€ 130,4,,"Centro histórico, Zaragoza",Zaragoza,Booking,
Apartamento cerca del Pilar,"8,5",€ 145,4,,"Arrabal, Zaragoza",Zaragoza,Booking,
El pilar a 3 minutos,"8,7",€ 97,3,,"Centro histórico, Zaragoza",Zaragoza,Booking,
El pilar a 7 minutos,"8,2",€ 108,3,,"Centro histórico, Zaragoza",Zaragoza,Booking,
LA CASA CONTENEDOR,"7,8",€ 91,0,,Zaragoza,Zaragoza,Booking,
Zaragoza y sus 2 catedrales,"8,7",€ 98,4,,Zaragoza,Zaragoza,Booking,
Apartamento cerca Plaza Pilar,"8,9",€ 112,3,,Zaragoza,Zaragoza,Booking,
El Primero G Zaragoza - Aljafería,"9,2",€ 135,4,,Zaragoza,Zaragoza,Booking,
Rooftop Alfonso,"9,8",€ 300,4,,"Centro histórico, Zaragoza",Zaragoza,Booking,
Habitación para 2 o 3 personas noche 25,"2,3",€ 23,0,,"Centro histórico, Zaragoza",Zaragoza,Booking,
Ático Alfonso Amplio Céntrico Renovado 10 Pax,"9,4",€ 208,3,,"Centro histórico, Zaragoza",Zaragoza,Booking,
LOS SITIOS,"8,7",€ 140,3,,"Centro histórico, Zaragoza",Zaragoza,Booking,
Origen Sacramento Deluxe,"9,3",€ 185,0,,"Centro, Zaragoza",Zaragoza,Booking,
VALERIA-DREAMS Maestro Luna 3º,"8,2",€ 129,4,,"Centro histórico, Zaragoza",Zaragoza,Booking,
Serena Arte,"9,3",€ 187,4,,"Centro histórico, Zaragoza",Zaragoza,Booking,
VALERIA DREAMS-Mártires 3ºB,"8,6",€ 110,3,,"Centro histórico, Zaragoza",Zaragoza,Booking,
Casa Goya Vírgenes,"7,7",€ 179,3,,"Centro histórico, Zaragoza",Zaragoza,Booking,
La Parada,"9,4",€ 189,4,,"Centro histórico, Zaragoza",Zaragoza,Booking,
El Rincon de las torres,"6,8",€ 57,0,,Zaragoza,Zaragoza,Booking,
Balloon House Casco Antiguo WiFi 4 Pax Nespresso,"6,0",€ 199,4,,"Centro histórico, Zaragoza",Zaragoza,Booking,
Apartamento El Olivo,"9,5",€ 120,3,,"Centro histórico, Zaragoza",Zaragoza,Booking,
Casa Cosmos Arcade WiFi 4 Huéspedes,"8,4",€ 206,4,,"Centro histórico, Zaragoza",Zaragoza,Booking,
Villa Forest Ideal Familias Casco Histórico Balcón,"7,1",€ 226,3,,"Centro histórico, Zaragoza",Zaragoza,Booking,
Ático Cierzo Nuevo Duplex Terraza WiFi 1 BR,"8,0",€ 166,3,,"Centro histórico, Zaragoza",Zaragoza,Booking,
Suite Seo Centro 8 Pax Familiar 3 Dormitorios,"8,1",€ 297,3,,"Centro histórico, Zaragoza",Zaragoza,Booking,
Habitación F,"5,6",€ 48,0,,"Delicias, Zaragoza",Zaragoza,Booking,
Apartamento Zaragoza Plaza Europa,"8,3",€ 224,4,,Zaragoza,Zaragoza,Booking,
Apartamentos Zaragoza Reconquista 3000,"8,7",€ 137,3,,"Centro histórico, Zaragoza",Zaragoza,Booking,
Casa Jesús PS5 Juegos Niños WiFi 6 Pax,"8,9",€ 199,3,,Zaragoza,Zaragoza,Booking,
Casa Augusta Renovada Centro Histórico 5 Pax,"7,8",€ 187,3,,"Centro histórico, Zaragoza",Zaragoza,Booking,
La parada de San Domingo 2,"9,9",€ 234,4,,"Centro histórico, Zaragoza",Zaragoza,Booking,
Apartamento Nolasco,"8,8",€ 180,3,,"Centro histórico, Zaragoza",Zaragoza,Booking,
Atico Ordesa Barbacoa Terraza WiFi 4 Pax Ascensor,"8,0",€ 203,4,,"Centro histórico, Zaragoza",Zaragoza,Booking,
Apartamento Boston,"9,3",€ 450,0,,Zaragoza,Zaragoza,Booking,
VALERIA-DREAMS San Pablo,"8,0",€ 129,4,,"Centro histórico, Zaragoza",Zaragoza,Booking,
The Green House,"9,0",€ 89,4,,"Centro, Zaragoza",Zaragoza,Booking,
Casa Estébanes 2 BR Premium Familiar 7 Pax,"9,0",€ 251,4,,"Centro histórico, Zaragoza",Zaragoza,Booking,
VALERIA DREAMS-Mártires 3ºA - EL TUBO,"6,7",€ 129,3,,"Centro histórico, Zaragoza",Zaragoza,Booking,
Apartamento Zaragoza Centro,"7,9",€ 245,4,,"Delicias, Zaragoza",Zaragoza,Booking,
Exclusivo Loft en Zaragoza-1,,€ 153,0,,Zaragoza,Zaragoza,Booking,
Apartamento Zaragoza Picarral,"8,3",€ 235,4,,Zaragoza,Zaragoza,Booking,
Pensión Iglesias,"6,3",€ 1.000,1,,"Centro histórico, Zaragoza",Zaragoza,Booking,
Apartamento Zaragoza Centro 2,"8,1",€ 219,4,,Zaragoza,Zaragoza,Booking,
"Alto standing, céntrico, ideal alquiler corporativo Parking",,€ 363,4,,"Centro, Zaragoza",Zaragoza,Booking,
Inmejorable Apartamento cerca Estación Delicias con GARAJE,"8,7",€ 315,4,,"Delicias, Zaragoza",Zaragoza,Booking,
Palacio de Larrinaga,"9,3",€ 1.050,4,,Zaragoza,Zaragoza,Booking,
Pilares Zaragoza,"2,0",€ 100,0,,Zaragoza,Zaragoza,Booking,
 THB Los Molinos Adults Only,,€93,4,,"Ibiza City Centre, Ibiza Town",Ibiza,Edreams,4.1
 Hotel Puchet Ibiza,,€76,3,,Sant Antoni de Portmany,Ibiza,Edreams,4.0
 Hotel Moon Dreams Paraíso,,€78,3,,Santa Eulalia del Rio,Ibiza,Edreams,4.1
 Hotel Vibra Marítimo,,€75,3,,"Ibiza City Centre, Ibiza Town",Ibiza,Edreams,4.0
 Cisne by Nest Hostel,,€30,2,,Sant Antoni de Portmany,Ibiza,Edreams,
 Aparthotel Duquesa Playa,,€84,4,,Santa Eulalia del Rio,Ibiza,Edreams,4.6
 Hostal La Torre,,€57,1,,Sant Antoni de Portmany,Ibiza,Edreams,4.0
 Core Ibiza Town Hotel,,€113,4,,"Ibiza City Centre, Ibiza Town",Ibiza,Edreams,
 Hotel Royal Plaza,,€86,4,,"Ibiza City Centre, Ibiza Town",Ibiza,Edreams,3.8
 Eurostars Ibiza,,€96,4,,"Ibiza City Centre, Ibiza Town",Ibiza,Edreams,4.1
 Ocean Drive Ibiza,,€65,4,,Ibiza Town,Ibiza,Edreams,4.2
 Hotel Florencio,,€90,3,,Sant Antoni de Portmany,Ibiza,Edreams,3.8
 Hostal Marí,,€60,2,,Sant Antoni de Portmany,Ibiza,Edreams,4.3
 Pacha Hotel,,€175,4,,Ibiza Town,Ibiza,Edreams,4.4
 Hostal Sunset Ibiza,,€48,3,,Sant Antoni de Portmany,Ibiza,Edreams,
" The Standard, Ibiza",,€168,5,,"Ibiza City Centre, Ibiza Town",Ibiza,Edreams,4.7
 PAIISE Hotels,,€119,3,,Sant Josep de sa Talaia,Ibiza,Edreams,
 Apartamentos San Francisco,,€100,3,,Sant Antoni de Portmany,Ibiza,Edreams,3.9
 Play Hotel Ibiza,,€112,1,,"Ibiza City Centre, Ibiza Town",Ibiza,Edreams,
 Apartamentos del Rey,,€162,2,,Sant Joan de Labritja,Ibiza,Edreams,3.5
 Grand Hotel Palladium,,€984,5,,Santa Eulalia del Rio,Ibiza,Edreams,4.5
 Agroturismo Can Pere Sord,,€140,4,,Sant Joan de Labritja,Ibiza,Edreams,4.5
 Boutique Apartments Marsol Ibiza,,€199,4,,Santa Eulalia del Rio,Ibiza,Edreams,4.3
 Hostal Santa Eulariaz,,€603,0,,"Ibiza City Centre, Ibiza Town",Ibiza,Edreams,
 JOY Plaza de Armas,,€19,0,,"Historical Center, Seville ·  0.93 km from city centre",Sevilla,Edreams,4.3
 Exe Sevilla Macarena,,€73,4,,"Distrito Macarena, Seville ·  1.95 km from city centre",Sevilla,Edreams,3.5
 Ibis Budget Sevilla Aeropuerto,,€55,1,,"Distrito Norte, Seville ·  4.51 km from city centre",Sevilla,Edreams,3.7
 Hotel Sevilla Center,,€98,4,,"Sur, Seville ·  1.20 km from city centre",Sevilla,Edreams,4.2
 Hotel Macià Sevilla Kubb,,€88,4,,"San Roque, Seville ·  0.90 km from city centre",Sevilla,Edreams,4.1
 Ibis Sevilla,,€61,1,,"Distrito Norte, Seville ·  4.39 km from city centre",Sevilla,Edreams,4.0
 Hotel Las Casas de la Judería,,€114,4,,"Historical Center, Seville ·  0.40 km from city centre",Sevilla,Edreams,4.1
 Hotel Vértice Sevilla,,€79,4,,"Este-Alcosa-Torreblanca, Seville ·  6.32 km from city centre",Sevilla,Edreams,3.9
 San Pablo,,€77,3,,"Este-Alcosa-Torreblanca, Seville ·  6.08 km from city centre",Sevilla,Edreams,3.7
 Catalonia Híspalis,,€63,3,,"Distrito Cerro-Amate, Seville ·  4.38 km from city centre",Sevilla,Edreams,3.5
 Hilton Garden Inn Sevilla,,€76,4,,"Distrito Norte, Seville ·  4.98 km from city centre",Sevilla,Edreams,4.3
 Catalonia Santa Justa,,€90,4,,"Distrito San Pablo-Santa Justa, Seville ·  1.18 km from city centre",Sevilla,Edreams,4.1
 Eurostars Torre Sevilla,,€117,5,,"Triana, Seville ·  1.72 km from city centre",Sevilla,Edreams,4.0
 Hotel y Apartamentos Doña Lola,,€90,3,,"Historical Center, Seville ·  0.97 km from city centre",Sevilla,Edreams,3.5
 Oasis Backpackers' Hostel Sevilla,,€30,3,,"Historical Center, Seville ·  0.67 km from city centre",Sevilla,Edreams,4.3
 Melia Lebreros,,€118,4,,"La Buhaira, Seville ·  1.71 km from city centre",Sevilla,Edreams,4.1
 Pasarela,,€65,4,,"Sur, Seville ·  1.23 km from city centre",Sevilla,Edreams,3.3
 Virgen de los Reyes Hotel,,€94,4,,"Distrito San Pablo-Santa Justa, Seville ·  2.07 km from city centre",Sevilla,Edreams,4.0
 Exe Isla Cartuja,,€85,4,,"Triana, Seville ·  3.48 km from city centre",Sevilla,Edreams,3.2
 Ibis Styles Sevilla City Santa Justa,,€81,3,,"Huerta del Pilar, Seville ·  1.20 km from city centre",Sevilla,Edreams,4.3
 Exe Sevilla Palmera,,€79,4,,"Bellavista-La Palmera, Seville ·  2.57 km from city centre",Sevilla,Edreams,3.5
 Catalonia Giralda Hotel,,€115,4,,"Historical Center, Seville ·  0.79 km from city centre",Sevilla,Edreams,3.9
 AC Hotel Sevilla Fórum by Marriott,,€84,4,,"Macarena Norte, Seville ·  4.76 km from city centre",Sevilla,Edreams,3.5
 Becquer Hotel,,€139,4,,"Historical Center, Seville ·  0.79 km from city centre",Sevilla,Edreams,4.5
 Hostel One Catedral,,€19,2,,"Historical Center, Seville ·  0.18 km from city centre",Sevilla,Edreams,4.6
 Hotel Fernando III,,€142,4,,"Historical Center, Seville ·  0.37 km from city centre",Sevilla,Edreams,4.3
 Hotel M.A. Sevilla Congresos,,€72,4,,"Este-Alcosa-Torreblanca, Seville ·  5.88 km from city centre",Sevilla,Edreams,3.8
 Hotel Giralda Center,,€114,4,,"Sur, Seville ·  0.98 km from city centre",Sevilla,Edreams,4.7
 Casual de las Letras Sevilla Hotel,,€88,2,,"Historical Center, Seville ·  0.81 km from city centre",Sevilla,Edreams,4.1
 Novotel Sevilla,,€95,4,,"Sur, Seville ·  1.80 km from city centre",Sevilla,Edreams,4.2
 Hotel Sercotel Doña Carmela,,€69,3,,"Bellavista-La Palmera, Seville ·  6.95 km from city centre",Sevilla,Edreams,4.0
 Hotel San Gil Sevilla,,€94,4,,"Historical Center, Seville ·  1.74 km from city centre",Sevilla,Edreams,3.7
 NH Collection Sevilla,,€110,4,,"Sur, Seville ·  1.87 km from city centre",Sevilla,Edreams,4.4
 Eurostars Al-Ándalus Palace,,€131,4,,"Bellavista-La Palmera, Seville ·  3.69 km from city centre",Sevilla,Edreams,3.9
 Casa Romana Hotel Boutique,,€90,4,,"Historical Center, Seville ·  0.98 km from city centre",Sevilla,Edreams,4.1
 Hotel Eurostars Regina,,€97,3,,"Historical Center, Seville ·  1.55 km from city centre",Sevilla,Edreams,3.7
 Abba Sevilla,,€106,4,,"Historical Center, Seville ·  0.67 km from city centre",Sevilla,Edreams,4.4
 Eurostars Guadalquivir,,€104,4,,"Los Remedios, Seville ·  1.25 km from city centre",Sevilla,Edreams,4.5
 NH Sevilla Plaza de Armas,,€140,4,,"Historical Center, Seville ·  0.98 km from city centre",Sevilla,Edreams,4.1
 TOC Hostel Sevilla,,€29,2,,"Historical Center, Seville ·  0.27 km from city centre",Sevilla,Edreams,4.5
 La Flamenka Hostel,,€26,2,,"Historical Center, Seville ·  0.75 km from city centre",Sevilla,Edreams,4.4
 Rio Hostel,,€22,2,,"Historical Center, Seville ·  0.30 km from city centre",Sevilla,Edreams,3.6
 Only YOU Hotel Sevilla,,€152,5,,"Distrito San Pablo-Santa Justa, Seville ·  1.58 km from city centre",Sevilla,Edreams,4.9
 Eurostars Sevilla Boutique,,€165,4,,"Historical Center, Seville ·  0.10 km from city centre",Sevilla,Edreams,4.1
 Hotel Doña Maria,,€193,4,,"Historical Center, Seville ·  0.03 km from city centre",Sevilla,Edreams,3.9
 Room00 Salvador Hostel,,€28,2,,"Historical Center, Seville ·  0.62 km from city centre",Sevilla,Edreams,3.8
 The Loft House Sevilla,,€40,3,,"Historical Center, Seville ·  0.72 km from city centre",Sevilla,Edreams,5.0
 The Nomad Hostel,,€30,2,,"Historical Center, Seville ·  0.71 km from city centre",Sevilla,Edreams,4.5
 U-Sense For You Hostel Sevilla,,€39,2,,"Historical Center, Seville ·  0.86 km from city centre",Sevilla,Edreams,4.1
 La Casa del Maestro Boutique,,€82,1,,"Historical Center, Seville ·  0.76 km from city centre",Sevilla,Edreams,4.0
 Pensión Javier,,€42,2,,"Historical Center, Seville ·  0.43 km from city centre",Sevilla,Edreams,
 Hotel Simón,,€66,1,,"Historical Center, Seville ·  0.27 km from city centre",Sevilla,Edreams,4.1
 Vincci La Rabida,,€189,4,,"Historical Center, Seville ·  0.49 km from city centre",Sevilla,Edreams,4.2
 Hotel Palace Sevilla,,€109,4,,"Historical Center, Seville ·  0.79 km from city centre",Sevilla,Edreams,3.7
 Itaca Sevilla,,€126,3,,"Historical Center, Seville ·  0.64 km from city centre",Sevilla,Edreams,4.0
 Apartamentos Puerta del Sur,,€54,3,,"Bellavista-La Palmera, Seville ·  7.34 km from city centre",Sevilla,Edreams,
 Apartamentos Vértice Bib Rambla,,€90,2,,"Este-Alcosa-Torreblanca, Seville ·  6.06 km from city centre",Sevilla,Edreams,4.0
 Bellavista Sevilla,,€73,4,,"Bellavista-La Palmera, Seville ·  7.78 km from city centre",Sevilla,Edreams,3.8
 Hoteles del Sur,,€84,2,,"Historical Center, Seville ·  1.63 km from city centre",Sevilla,Edreams,
 Hesperia Sevilla,,€109,4,,"Sur, Seville ·  1.53 km from city centre",Sevilla,Edreams,4.7
 Hotel Don Paco,,€93,3,,"Historical Center, Seville ·  0.87 km from city centre",Sevilla,Edreams,3.7
 Urban Cube Hostel Sevilla,,€39,0,,"San Roque, Seville ·  0.99 km from city centre",Sevilla,Edreams,3.7
 Hotel Rey Alfonso X,,€193,4,,"Historical Center, Seville ·  0.35 km from city centre",Sevilla,Edreams,4.4
 Micampus Rector Estanislao del Campo - Students Residence,,€59,3,,"Bellavista-La Palmera, Seville ·  3.53 km from city centre",Sevilla,Edreams,
 Room Select Tetuán,,€85,3,,"Historical Center, Seville ·  0.54 km from city centre",Sevilla,Edreams,3.6
 Hotel Ateneo Sevilla,,€150,4,,"Historical Center, Seville ·  0.90 km from city centre",Sevilla,Edreams,4.7
 La Central Sevilla,,€53,2,,"Historical Center, Seville ·  1.20 km from city centre",Sevilla,Edreams,3.3
 Barceló Sevilla Renacimiento,,€132,5,,"Triana, Seville ·  2.69 km from city centre",Sevilla,Edreams,4.3
 Hotel Patio de la Alameda,,€145,3,,"Historical Center, Seville ·  1.54 km from city centre",Sevilla,Edreams,4.3
 Itaca Artemisa by Soho Boutique,,€104,3,,"Historical Center, Seville ·  1.08 km from city centre",Sevilla,Edreams,4.2
 Hostel Ikigai,,€43,2,,"Los Remedios, Seville ·  1.12 km from city centre",Sevilla,Edreams,5.0
 AC Hotel Ciudad de Sevilla by Marriott,,€177,4,,"Bellavista-La Palmera, Seville ·  2.57 km from city centre",Sevilla,Edreams,3.7
 Hotel Goya,,€71,2,,"Historical Center, Seville ·  0.20 km from city centre",Sevilla,Edreams,4.1
" Hotel Kivir Adults Recommended, Historic City Center",,€206,4,,"Historical Center, Seville ·  0.79 km from city centre",Sevilla,Edreams,4.9
 Hotel Murillo,,€135,2,,"Historical Center, Seville ·  0.24 km from city centre",Sevilla,Edreams,4.1
 Hostel A2C - Adults Only,,€28,2,,"Historical Center, Seville ·  1.39 km from city centre",Sevilla,Edreams,3.0
 Lux Sevilla Palacio,,€80,3,,"Este-Alcosa-Torreblanca, Seville ·  5.68 km from city centre",Sevilla,Edreams,
 Vincci Molviedro,,€187,4,,"Historical Center, Seville ·  0.58 km from city centre",Sevilla,Edreams,4.8
 Hotel Porcel Torneo,,€76,4,,"Macarena Norte, Seville ·  3.08 km from city centre",Sevilla,Edreams,3.6
 Melia Sevilla,,€128,4,,"Sur, Seville ·  1.18 km from city centre",Sevilla,Edreams,4.2
 Micampus Armendáriz - Students Residence,,€71,3,,"Bellavista-La Palmera, Seville ·  3.52 km from city centre",Sevilla,Edreams,
 Mercer Plaza Sevilla 5 GL,,€270,5,,"Historical Center, Seville ·  0.28 km from city centre",Sevilla,Edreams,4.9
 Hotel AACR Monteolivos,,€91,3,,"Distrito San Pablo-Santa Justa, Seville ·  2.02 km from city centre",Sevilla,Edreams,3.5
 One Shot Conde Torrejón,,€115,4,,"Historical Center, Seville ·  1.21 km from city centre",Sevilla,Edreams,4.1
 Hotel Plaza,,€135,3,,"Historical Center, Seville ·  0.48 km from city centre",Sevilla,Edreams,3.2
 Albergue Inturjoven Sevilla - Hostel,,€73,2,,"Bellavista-La Palmera, Seville ·  2.47 km from city centre",Sevilla,Edreams,3.0
 Hotel Monte Carmelo,,€102,4,,"Los Remedios, Seville ·  1.14 km from city centre",Sevilla,Edreams,4.6
 Halo Boutique Hotel,,€143,4,,"Historical Center, Seville ·  0.22 km from city centre",Sevilla,Edreams,4.4
 Noches en Triana,,€81,3,,"Triana, Seville ·  1.23 km from city centre",Sevilla,Edreams,
 EME Catedral Mercer Hotel,,€225,5,,"Historical Center, Seville ·  0.10 km from city centre",Sevilla,Edreams,3.9
 Hotel Convento La Gloria,,€127,3,,"Historical Center, Seville ·  0.16 km from city centre",Sevilla,Edreams,3.8
 Petit Palace Santa Cruz,,€160,4,,"Historical Center, Seville ·  0.34 km from city centre",Sevilla,Edreams,4.3
 Hotel AACR Museo,,€98,3,,"Historical Center, Seville ·  0.98 km from city centre",Sevilla,Edreams,3.7
 Monte Triana,,€114,4,,"Triana, Seville ·  1.41 km from city centre",Sevilla,Edreams,4.5
 Hotel Palacio Alcázar,,€124,4,,"Historical Center, Seville ·  0.11 km from city centre",Sevilla,Edreams,4.0
" Los Seises Sevilla, a Tribute Portfolio Hotel",,€188,4,,"Historical Center, Seville ·  0.15 km from city centre",Sevilla,Edreams,3.9
 U-Sense Sevilla Centro,,€111,3,,"Historical Center, Seville ·  0.17 km from city centre",Sevilla,Edreams,4.6
 Hotel Doña Lina,,€88,2,,"Historical Center, Seville ·  0.21 km from city centre",Sevilla,Edreams,3.6
 Basic Hotel Puerta de Sevilla,,€115,1,,"Historical Center, Seville ·  0.46 km from city centre",Sevilla,Edreams,4.2
 Hotel Cervantes,,€179,4,,"Historical Center, Seville ·  1.03 km from city centre",Sevilla,Edreams,3.7
 Querencia de Sevilla Autograph Collection,,€212,4,,"Historical Center, Seville ·  0.30 km from city centre",Sevilla,Edreams,4.7
 Zenit Sevilla,,€117,4,,"Triana, Seville ·  1.16 km from city centre",Sevilla,Edreams,4.1
 Adriano Hotel Boutique Sevilla,,€139,3,,"Historical Center, Seville ·  0.47 km from city centre",Sevilla,Edreams,4.6
 Hotel Europa,,€106,1,,"Historical Center, Seville ·  0.35 km from city centre",Sevilla,Edreams,4.1
 Petit Palace Marqués Santa Ana,,€162,4,,"Historical Center, Seville ·  0.32 km from city centre",Sevilla,Edreams,4.3
 Hostal Sevilla Santa Justa,,€68,2,,"San Roque, Seville ·  1.02 km from city centre",Sevilla,Edreams,3.2
 Limehome Sevilla Calle Torcuato Luca de Tena,,€82,3,,"Bellavista-La Palmera, Seville ·  3.02 km from city centre",Sevilla,Edreams,
 Futurotel Sevilla,,€107,3,,"Los Remedios, Seville ·  0.95 km from city centre",Sevilla,Edreams,
 Hotel Posada del Lucero,,€209,4,,"Historical Center, Seville ·  0.77 km from city centre",Sevilla,Edreams,4.5
 Hotel Inglaterra Sevilla,,€174,4,,"Historical Center, Seville ·  0.46 km from city centre",Sevilla,Edreams,4.1
 Joya del Casco Boutique Hotel by Shiadu,,€179,4,,"Historical Center, Seville ·  0.19 km from city centre",Sevilla,Edreams,4.9
 Sercotel Las Casas de los Mercaderes,,€159,3,,"Historical Center, Seville ·  0.34 km from city centre",Sevilla,Edreams,4.1
" Hotel Cetina Casa de las Telas, Sevilla",,€113,4,,"Historical Center, Seville ·  0.57 km from city centre",Sevilla,Edreams,4.8
 Hotel Un Patio al Sur,,€100,2,,"Historical Center, Seville ·  0.81 km from city centre",Sevilla,Edreams,4.0
 Hotel Boutique Palacio Pinello,,€185,4,,"Historical Center, Seville ·  0.16 km from city centre",Sevilla,Edreams,4.4
 Occidental Sevilla Viapol,,€105,4,,"Sur, Seville ·  1.48 km from city centre",Sevilla,Edreams,4.5
 Intelier Casa de Indias Hotel,,€135,4,,"Historical Center, Seville ·  0.85 km from city centre",Sevilla,Edreams,4.5
 Slow Suites Setas,,€106,4,,"Historical Center, Seville ·  0.72 km from city centre",Sevilla,Edreams,4.3
 Hospes Las Casas Del Rey De Baeza,,€206,4,,"Historical Center, Seville ·  0.76 km from city centre",Sevilla,Edreams,4.4
 Resitur,,€90,3,,"Triana, Seville ·  1.00 km from city centre",Sevilla,Edreams,3.2
 Holiday Rentals Tempa Museo,,€150,4,,"Historical Center, Seville ·  1.04 km from city centre",Sevilla,Edreams,4.4
 Basic Hotel Sevilla Catedral,,€138,1,,"Historical Center, Seville ·  0.25 km from city centre",Sevilla,Edreams,4.7
 Apartamentos Metrópolis Sevilla,,€99,3,,"Historical Center, Seville ·  1.30 km from city centre",Sevilla,Edreams,4.1
 Alcázar de María,,€154,4,,"Historical Center, Seville ·  0.34 km from city centre",Sevilla,Edreams,4.2
 Holiday Rentals Los Salados,,€135,4,,"Historical Center, Seville ·  1.19 km from city centre",Sevilla,Edreams,4.2
 Soho Boutique Catedral,,€312,4,,"Historical Center, Seville ·  0.26 km from city centre",Sevilla,Edreams,4.7
 Basic Hotel Doña Manuela,,€123,2,,"Historical Center, Seville ·  0.45 km from city centre",Sevilla,Edreams,4.3
 Rey Don Pedro Luxury Home,,€140,4,,"Historical Center, Seville ·  0.35 km from city centre",Sevilla,Edreams,4.6
 Slow Suites Salvador,,€111,2,,"Historical Center, Seville ·  0.51 km from city centre",Sevilla,Edreams,5.0
 Un Patio en Santa Cruz,,€110,2,,"Historical Center, Seville ·  0.39 km from city centre",Sevilla,Edreams,3.8
 Welldone Antiquarium,,€105,3,,"Historical Center, Seville ·  0.95 km from city centre",Sevilla,Edreams,4.7
 Hotel Vincci Selección Unuk 5* GL,,€314,5,,"Historical Center, Seville ·  0.61 km from city centre",Sevilla,Edreams,4.5
 Hotel Duquesa,,€113,2,,"Historical Center, Seville ·  0.87 km from city centre",Sevilla,Edreams,3.3
 Hotel Boutique Casas de Santa Cruz,,€118,3,,"Historical Center, Seville ·  0.23 km from city centre",Sevilla,Edreams,4.1
" Radisson Collection Hotel, Magdalena Plaza Sevilla",,€318,5,,"Historical Center, Seville ·  0.69 km from city centre",Sevilla,Edreams,4.6
 CoolRooms Palacio Villapanés 5 GL,,€309,5,,"Historical Center, Seville ·  0.78 km from city centre",Sevilla,Edreams,4.7
 Las Casas de El Arenal,,€184,4,,"Historical Center, Seville ·  0.44 km from city centre",Sevilla,Edreams,4.7
 Murillo,,€121,2,,"Historical Center, Seville ·  0.24 km from city centre",Sevilla,Edreams,5.0
 Cristine Bedfor Guest Houses Sevilla,,€234,4,,"Historical Center, Seville ·  1.02 km from city centre",Sevilla,Edreams,
 Hotel Boutique Elvira Plaza,,€148,4,,"Historical Center, Seville ·  0.20 km from city centre",Sevilla,Edreams,4.2
 Hotel Boutique Casa del Poeta Sevilla,,€229,4,,"Historical Center, Seville ·  0.24 km from city centre",Sevilla,Edreams,4.9
 Hotel Doña Blanca,,€116,2,,"Historical Center, Seville ·  0.91 km from city centre",Sevilla,Edreams,3.7
 Hostal Casa Blanca,,€81,3,,"Distrito Cerro-Amate, Seville ·  5.27 km from city centre",Sevilla,Edreams,
 Catedral Boutique,,€105,1,,"Historical Center, Seville ·  0.19 km from city centre",Sevilla,Edreams,3.1
 Plácido y Grata,,€241,4,,"Historical Center, Seville ·  0.83 km from city centre",Sevilla,Edreams,4.9
 Apartamentos Boutique Vida,,€143,3,,"Historical Center, Seville ·  0.25 km from city centre",Sevilla,Edreams,3.8
 Soho Boutique Sevilla,,€185,3,,"Historical Center, Seville ·  0.86 km from city centre",Sevilla,Edreams,4.5
 The Spot Central Hostel,,€87,3,,"Historical Center, Seville ·  0.43 km from city centre",Sevilla,Edreams,4.0
 El Rey Moro Hotel Boutique,,€250,4,,"Historical Center, Seville ·  0.22 km from city centre",Sevilla,Edreams,4.6
 Hotel Legado Magdalena,,€208,4,,"Historical Center, Seville ·  0.75 km from city centre",Sevilla,Edreams,
 Hotel Baco Sevilla,,€129,2,,"Historical Center, Seville ·  0.86 km from city centre",Sevilla,Edreams,3.5
 Hotel Colón Gran Meliá,,€290,5,,"Historical Center, Seville ·  0.79 km from city centre",Sevilla,Edreams,4.6
 Hotel Boutique Triana House,,€165,3,,"Triana, Seville ·  0.90 km from city centre",Sevilla,Edreams,4.9
 Slow Suites Maestranza,,€110,3,,"Historical Center, Seville ·  0.61 km from city centre",Sevilla,Edreams,3.1
 Casa ART Sevilla,,€210,4,,"Historical Center, Seville ·  0.08 km from city centre",Sevilla,Edreams,4.5
 Hotel Gravina 51,,€242,4,,"Historical Center, Seville ·  0.83 km from city centre",Sevilla,Edreams,5.0
 Casa Alhaja by Shiadu,,€151,3,,"Historical Center, Seville ·  0.16 km from city centre",Sevilla,Edreams,4.8
 Cavalta Boutique Hotel – Small Luxury Hotel,,€252,5,,"Triana, Seville ·  1.56 km from city centre",Sevilla,Edreams,4.9
 Hostal Hom Museo,,€127,3,,"Historical Center, Seville ·  1.05 km from city centre",Sevilla,Edreams,4.0
 Magno Apartments Clavellinas,,€123,3,,"Historical Center, Seville ·  1.26 km from city centre",Sevilla,Edreams,
 Mercer Residences Sevilla,,€198,4,,"Historical Center, Seville ·  0.91 km from city centre",Sevilla,Edreams,
 U-Sense Sevilla Catedral,,€150,3,,"Historical Center, Seville ·  0.12 km from city centre",Sevilla,Edreams,
 Hotel Mercer Sevilla 5 GL,,€315,5,,"Historical Center, Seville ·  0.51 km from city centre",Sevilla,Edreams,4.9
 The Level at Melia Sevilla,,€199,4,,"Sur, Seville ·  1.19 km from city centre",Sevilla,Edreams,4.4
 Hotel Murillo Reinoso,,€162,2,,"Historical Center, Seville ·  0.25 km from city centre",Sevilla,Edreams,
 Legado Alcázar Hotel,,€212,4,,"Historical Center, Seville ·  0.34 km from city centre",Sevilla,Edreams,4.8
 MDD4 Health Experience Hotel Sevilla - Adults Only,,€155,2,,"Historical Center, Seville ·  0.28 km from city centre",Sevilla,Edreams,5.0
 Aquitania Home Suites,,€158,3,,"Historical Center, Seville ·  0.75 km from city centre",Sevilla,Edreams,4.8
 Vincci Molviedro Suites Apartments,,€275,4,,"Historical Center, Seville ·  0.56 km from city centre",Sevilla,Edreams,4.9
 Suites Murillo Plaza Sta Cruz,,€180,4,,"Historical Center, Seville ·  0.32 km from city centre",Sevilla,Edreams,4.8
 Iberflat Fabiola,,€224,4,,"Historical Center, Seville ·  0.28 km from city centre",Sevilla,Edreams,
 Aguilas5 SevillaSuites,,€220,4,,"Historical Center, Seville ·  0.48 km from city centre",Sevilla,Edreams,5.0
 Posada Pilatos,,€167,4,,"Historical Center, Seville ·  0.76 km from city centre",Sevilla,Edreams,4.7
 Smartr Sevilla Las Dueñas,,€176,2,,"Historical Center, Seville ·  0.99 km from city centre",Sevilla,Edreams,
 The Corner House,,€118,3,,"Historical Center, Seville ·  1.37 km from city centre",Sevilla,Edreams,4.4
 The Boutike Guesthouse - Hostel,,€150,1,,"Historical Center, Seville ·  0.54 km from city centre",Sevilla,Edreams,4.2
 Hotel Casa Palacio Don Ramón 5* GL by Kaizen Hoteles,,€378,5,,"Historical Center, Seville ·  0.89 km from city centre",Sevilla,Edreams,4.8
 Limehome Sevilla Ronda de Capuchinos,,€136,3,,"Macarena, Seville ·  1.64 km from city centre",Sevilla,Edreams,
 Hotel Boutique Corral del Rey by ALUZ Collection,,€163,3,,"Historical Center, Seville ·  0.33 km from city centre",Sevilla,Edreams,4.8
 Limehome Sevilla Calle Granada,,€152,4,,"Historical Center, Seville ·  0.41 km from city centre",Sevilla,Edreams,3.3
 Suites Murillo Alcazar,,€180,4,,"Historical Center, Seville ·  0.22 km from city centre",Sevilla,Edreams,4.8
 Welldone Metropol,,€126,1,,"Historical Center, Seville ·  0.79 km from city centre",Sevilla,Edreams,4.5
 Puerta Catedral Indias Lofts,,€236,4,,"Historical Center, Seville ·  0.22 km from city centre",Sevilla,Edreams,4.6
 Suites Murillo Catedral,,€162,4,,"Historical Center, Seville ·  0.15 km from city centre",Sevilla,Edreams,4.7
 Hotel Lobby,,€327,5,,"Historical Center, Seville ·  0.81 km from city centre",Sevilla,Edreams,4.6
" Hotel Alfonso XIII, a Luxury Collection Hotel, Seville",,€962,5,,"Sur, Seville ·  0.47 km from city centre",Sevilla,Edreams,4.5
 Limehome Sevilla Calle Pureza,,€171,3,,"Triana, Seville ·  0.80 km from city centre",Sevilla,Edreams,
 Apartamentos Los Ángeles,,€223,3,,"Historical Center, Seville ·  0.76 km from city centre",Sevilla,Edreams,3.5
 Overland Suites Catedral,,€185,4,,"Historical Center, Seville ·  0.20 km from city centre",Sevilla,Edreams,4.7
 Casa de Triana Luxury Suites by Casa del Poeta,,€291,4,,"Triana, Seville ·  0.78 km from city centre",Sevilla,Edreams,4.8
 Ocean Drive Sevilla,,"€5,000",4,,"Historical Center, Seville ·  0.77 km from city centre",Sevilla,Edreams,4.7
 Hotel Don Jaime 54,,€60,4,,"Zaragoza Old Town, Zaragoza ·  0.45 km from city centre",Zaragoza,Edreams,4.3
 Eurostars Rey Fernando,,€57,4,,Zaragoza ·  8.46 km from city centre,Zaragoza,Edreams,4.0
 Eurostars Zaragoza,,€57,4,,"La Almozara, Zaragoza ·  2.39 km from city centre",Zaragoza,Edreams,3.5
 Paris Centro,,€46,2,,"San Pablo, Zaragoza ·  0.51 km from city centre",Zaragoza,Edreams,3.1
 Exe Boston,,€69,4,,"La Magdalena, Zaragoza ·  0.83 km from city centre",Zaragoza,Edreams,3.5
 Hotel Pilar Plaza,,€60,3,,"Zaragoza Old Town, Zaragoza ·  0.55 km from city centre",Zaragoza,Edreams,3.8
 Hotel YIT Ciudad de Zaragoza​​​​​​​,,€64,3,,Zaragoza ·  3.05 km from city centre,Zaragoza,Edreams,3.3
 Hotel Cesaraugusta,,€60,3,,"Delicias, Zaragoza ·  1.11 km from city centre",Zaragoza,Edreams,3.4
 Hotel Silken Reino de Aragón,,€99,4,,"Zaragoza Old Town, Zaragoza ·  0.20 km from city centre",Zaragoza,Edreams,4.0
 Hotel Inca,,€68,3,,"Zaragoza Old Town, Zaragoza ·  0.39 km from city centre",Zaragoza,Edreams,3.9
 Catalonia El Pilar,,€100,4,,"Zaragoza Old Town, Zaragoza ·  0.45 km from city centre",Zaragoza,Edreams,4.5
 Hotel & Spa Real Ciudad De Zaragoza,,€62,4,,Zaragoza ·  8.05 km from city centre,Zaragoza,Edreams,3.7
 Hotel Goya,,€89,4,,"Zaragoza Old Town, Zaragoza ·  0.13 km from city centre",Zaragoza,Edreams,3.4
 Hotel Hiberus,,€82,4,,"La Almozara, Zaragoza ·  2.44 km from city centre",Zaragoza,Edreams,4.1
 Zentral Ave,,€89,4,,"La Almozara, Zaragoza ·  2.42 km from city centre",Zaragoza,Edreams,4.4
 NH Sport,,€49,3,,"Delicias, Zaragoza ·  1.22 km from city centre",Zaragoza,Edreams,3.8
 B&B Hotel Zaragoza Royal,,€62,3,,"Zaragoza Centro, Zaragoza ·  0.94 km from city centre",Zaragoza,Edreams,
 NH Collection Gran Hotel de Zaragoza,,€98,4,,"Zaragoza Old Town, Zaragoza ·  0.37 km from city centre",Zaragoza,Edreams,4.4
 Vincci Zaragoza Zentro,,€127,4,,"Zaragoza Old Town, Zaragoza ·  0.30 km from city centre",Zaragoza,Edreams,4.1
 Hotel Palafox,,€135,5,,"Zaragoza Old Town, Zaragoza ·  0.41 km from city centre",Zaragoza,Edreams,4.0
 B&B Hotel Zaragoza Plaza Mozart,,€63,0,,"La Jota, Zaragoza ·  1.75 km from city centre",Zaragoza,Edreams,3.9
 Eurostars Plaza Delicias,,€65,3,,"Delicias, Zaragoza ·  2.88 km from city centre",Zaragoza,Edreams,3.7
 Hotel Oriente,,€87,3,,"Zaragoza Old Town, Zaragoza ·  0.19 km from city centre",Zaragoza,Edreams,3.9
 U Hotel Villa - Gomá,,€101,3,,"Romareda, Zaragoza ·  2.64 km from city centre",Zaragoza,Edreams,3.3
 NH Ciudad de Zaragoza,,€114,4,,"Zaragoza Old Town, Zaragoza ·  0.61 km from city centre",Zaragoza,Edreams,4.3
 Exe Zaragoza WTC,,€65,4,,"Actur, Zaragoza ·  1.89 km from city centre",Zaragoza,Edreams,4.3
 ibis Styles Zaragoza Ramiro I,,€98,3,,"La Magdalena, Zaragoza ·  0.52 km from city centre",Zaragoza,Edreams,3.7
 Hotel Diagonal Plaza,,€72,4,,Zaragoza ·  9.50 km from city centre,Zaragoza,Edreams,4.3
 Hotel Río Arga,,€72,2,,"Zaragoza Old Town, Zaragoza ·  0.29 km from city centre",Zaragoza,Edreams,3.7
 Tibur,,€77,3,,"Zaragoza Old Town, Zaragoza ·  0.49 km from city centre",Zaragoza,Edreams,3.3
 Sercotel Plaza Feria,,€79,4,,Zaragoza ·  9.31 km from city centre,Zaragoza,Edreams,3.8
 Reina Petronila,,€137,5,,"Romareda, Zaragoza ·  2.73 km from city centre",Zaragoza,Edreams,4.3
 Hotel Alfonso,,€139,4,,"Zaragoza Old Town, Zaragoza ·  0.17 km from city centre",Zaragoza,Edreams,4.1
 Hotel Avenida,,€104,3,,"San Pablo, Zaragoza ·  0.44 km from city centre",Zaragoza,Edreams,4.0
 Hotel ILUNION Romareda,,€99,4,,"Romareda, Zaragoza ·  2.52 km from city centre",Zaragoza,Edreams,4.1
 INNSiDE by Meliá Zaragoza,,€125,4,,"San Pablo, Zaragoza ·  0.43 km from city centre",Zaragoza,Edreams,4.5
 Hotel Monumento Almenara de Copau,,€144,3,,Zaragoza ·  9.05 km from city centre,Zaragoza,Edreams,4.1
 VTZ Hotel El Príncipe,,€96,3,,"Zaragoza Old Town, Zaragoza ·  0.39 km from city centre",Zaragoza,Edreams,3.0
 Casa Palacios de los Sitios,,€180,2,,"La Magdalena, Zaragoza ·  0.69 km from city centre",Zaragoza,Edreams,4.1
 Apartamentos Zaragoza Suites El Pilar 3000,,"€2,700",0,,"Actur, Zaragoza ·  2.70 km from city centre",Zaragoza,Edreams,
