Nombre,Puntuacion,Precio,Estrellas,Llaves,Direccion,web,zona,Nombre_norm
Vertice Sevilla,8.2,62.0,4 estrellas,0 llaves,Sevilla,Amimir,Sevilla,vertice
Virgen de los Reyes Affiliated by Senator,8.4,85.0,4 estrellas,0 llaves,Sevilla,Amimir,Sevilla,virgen reyes
Hotel Sevilla Center,9.0,114.0,4 estrellas,0 llaves,Sevilla,Amimir,Sevilla,center
abba Sevilla Hotel,8.8,168.0,4 estrellas,0 llaves,Sevilla,Amimir,Sevilla,abba
Macià Sevilla Kubb,8.6,84.0,4 estrellas,0 llaves,Sevilla,Amimir,Sevilla,macià kubb
Vértice Sevilla Aljarafe,8.8,51.0,4 estrellas,0 llaves,Bormujos,Amimir,Sevilla,vertice aljarafe
Hotel YIT Via Sevilla Mairena,7.9,61.0,4 estrellas,0 llaves,Mairena del Aljarafe,Amimir,Sevilla,yit via mairena
Manolo Mayo,8.4,59.0,4 estrellas,0 llaves,Los Palacios y Villafranca,Amimir,Sevilla,manolo mayo
Hotel Abades Benacazon,8.0,52.0,4 estrellas,0 llaves,Benacazón,Amimir,Sevilla,abades benacazon
Hostel One Catedral,7.8,18.0,2 estrellas,0 llaves,Sevilla,Amimir,Sevilla,one catedral
Domocenter Apartamentos Turísticos,7.6,37.0,0 estrellas,3 llaves,Bormujos,Amimir,Sevilla,domocenter turisticos
Apartamentos Vértice Sevilla Aljarafe,8.3,51.0,0 estrellas,3 llaves,Bormujos,Amimir,Sevilla,vertice aljarafe
Don Paco,8.0,67.0,3 estrellas,0 llaves,Sevilla,Amimir,Sevilla,don paco
Exe Gran Hotel Solúcar,8.1,43.0,4 estrellas,0 llaves,Sanlúcar la Mayor,Amimir,Sevilla,exe gran solucar
Exe Sevilla Macarena,8.0,79.0,4 estrellas,0 llaves,Sevilla,Amimir,Sevilla,exe macarena
Alcazar De La Reina,8.8,61.0,4 estrellas,0 llaves,Carmona,Amimir,Sevilla,alcazar reina
Catalonia Giralda,9.2,108.0,4 estrellas,0 llaves,Sevilla,Amimir,Sevilla,catalonia giralda
El Ancla,7.7,30.0,2 estrellas,0 llaves,Alcalá del Río,Amimir,Sevilla,ancla
The Nomad Hostel,8.7,18.0,2 estrellas,0 llaves,Sevilla,Amimir,Sevilla,the nomad
Hotel Infanta Leonor,9.0,97.0,4 estrellas,0 llaves,Écija,Amimir,Sevilla,infanta leonor
Ilunion Alcora Sevilla,8.1,67.0,4 estrellas,0 llaves,San Juan de Aznalfarache,Amimir,Sevilla,ilunion alcora
Hotel Sol Sanlucar,7.5,49.0,3 estrellas,0 llaves,Sanlúcar la Mayor,Amimir,Sevilla,sol sanlucar
Sevilla Kitsch Hostel Art,7.1,20.0,2 estrellas,0 llaves,Sevilla,Amimir,Sevilla,kitsch art
La Casona de Calderon,7.5,60.0,4 estrellas,0 llaves,Osuna,Amimir,Sevilla,casona calderon
Las Casas De La Judería Sevilla,8.3,117.0,4 estrellas,0 llaves,Sevilla,Amimir,Sevilla,las casas juderia
Hotel Veracruz,8.9,62.0,3 estrellas,0 llaves,Utrera,Amimir,Sevilla,veracruz
Platería,8.2,53.0,2 estrellas,0 llaves,Écija,Amimir,Sevilla,plateria
Apartamentos Turisticos La Terraza,8.3,66.0,0 estrellas,3 llaves,Las Cabezas de San Juan,Amimir,Sevilla,turisticos terraza
La Flamenka Hostel,8.2,16.0,2 estrellas,0 llaves,Sevilla,Amimir,Sevilla,flamenka
Catalonia Santa Justa,9.0,77.0,4 estrellas,0 llaves,Sevilla,Amimir,Sevilla,catalonia santa justa
Hotel Palacio del Marqués de la Gomera,8.8,80.0,4 estrellas,0 llaves,Osuna,Amimir,Sevilla,palacio marques gomera
CoolRooms Palacio Villapanés 5 GL,9.2,349.0,5 estrellas,0 llaves,Sevilla,Amimir,Sevilla,coolrooms palacio panes gl
Posada Pilatos,9.4,149.0,0 estrellas,4 llaves,Sevilla,Amimir,Sevilla,posada pilatos
Énfasis Hotel,10.0,53.0,2 estrellas,0 llaves,El Cuervo de Sevilla,Amimir,Sevilla,enfasis
Apartamentos Singular Pilatos,7.8,89.0,0 estrellas,3 llaves,Sevilla,Amimir,Sevilla,singular pilatos
Fernando III,9.3,127.0,4 estrellas,0 llaves,Sevilla,Amimir,Sevilla,fernando iii
Hotel Colón Gran Meliá,9.1,333.0,5 estrellas,0 llaves,Sevilla,Amimir,Sevilla,colon gran melia
El Rincon de las Descalzas,8.1,49.0,3 estrellas,0 llaves,Carmona,Amimir,Sevilla,rincon las descalzas
La Casa del Duque,8.3,75.0,3 estrellas,0 llaves,Osuna,Amimir,Sevilla,casa duque
Casa Palacio La Casa Blanca,9.6,148.0,0 estrellas,4 llaves,Sevilla,Amimir,Sevilla,casa palacio casa blanca
Hotel ELE Santa Bárbara Sevilla,8.9,56.0,2 estrellas,0 llaves,Castilleja de la Cuesta,Amimir,Sevilla,ele santa barbara
Itaca Boutique Artemisa,8.9,78.0,3 estrellas,0 llaves,Sevilla,Amimir,Sevilla,itaca artemisa
Hotel M.A. Sevilla Congresos,8.9,65.0,4 estrellas,0 llaves,Sevilla,Amimir,Sevilla,m.a. congresos
Pensión Pérez Montilla,7.8,42.0,2 estrellas,0 llaves,Sevilla,Amimir,Sevilla,perez montilla
Pension Azahar,7.1,45.0,2 estrellas,0 llaves,Sevilla,Amimir,Sevilla,azahar
Slow Suites Setas,8.6,102.0,0 estrellas,4 llaves,Sevilla,Amimir,Sevilla,slow setas
Acetres 5,8.6,83.0,0 estrellas,4 llaves,Sevilla,Amimir,Sevilla,acetres
Black Swan Hostel Sevilla,8.6,22.0,2 estrellas,0 llaves,Sevilla,Amimir,Sevilla,black swan
Rey Alfonso X,9.2,119.0,4 estrellas,0 llaves,Sevilla,Amimir,Sevilla,rey alfonso x
Hotel Barrio Nuevo,8.8,55.0,2 estrellas,0 llaves,Lebrija,Amimir,Sevilla,barrio nuevo
Hostel A2C,7.6,18.0,2 estrellas,0 llaves,Sevilla,Amimir,Sevilla,ac
Hacienda De Oran,8.5,135.0,4 estrellas,0 llaves,Utrera,Amimir,Sevilla,hacienda oran
Novotel Sevilla,8.7,101.0,4 estrellas,0 llaves,Sevilla,Amimir,Sevilla,novotel
Barceló Sevilla Renacimiento,8.7,128.0,5 estrellas,0 llaves,Sevilla,Amimir,Sevilla,barcelo renacimiento
Pasarela,8.0,70.0,4 estrellas,0 llaves,Sevilla,Amimir,Sevilla,pasarela
San Pablo,8.1,53.0,3 estrellas,0 llaves,Sevilla,Amimir,Sevilla,san pablo
Goya,8.6,54.0,2 estrellas,0 llaves,Sevilla,Amimir,Sevilla,goya
Petit Palace Santa Cruz,8.6,154.0,4 estrellas,0 llaves,Sevilla,Amimir,Sevilla,petit palace santa cruz
Meliá Sevilla,9.2,135.0,4 estrellas,0 llaves,Sevilla,Amimir,Sevilla,melia
Hostal Don Julio,9.2,63.0,2 estrellas,0 llaves,Sanlúcar la Mayor,Amimir,Sevilla,don julio
Singular Virgenes,7.8,125.0,0 estrellas,3 llaves,Sevilla,Amimir,Sevilla,singular virgenes
Cortijo Torre de la Reina,8.9,103.0,3 estrellas,0 llaves,Torre de la Reina,Amimir,Sevilla,cortijo torre reina
Hotel Vía Sevilla Cádiz Alojamiento Y Restaurante,8.1,40.0,1 estrellas,0 llaves,El Cuervo de Sevilla,Amimir,Sevilla,via cadiz alojamiento restaurante
Meliá Lebreros,9.3,133.0,4 estrellas,0 llaves,Sevilla,Amimir,Sevilla,melia lebreros
Don Juan,8.5,60.0,2 estrellas,0 llaves,El Coronil,Amimir,Sevilla,don juan
Overland Suites Catedral,8.9,128.0,0 estrellas,4 llaves,Sevilla,Amimir,Sevilla,overland catedral
Abanico,8.4,113.0,3 estrellas,0 llaves,Sevilla,Amimir,Sevilla,abanico
ibis Styles Sevilla Santa Justa,8.7,80.0,3 estrellas,0 llaves,Sevilla,Amimir,Sevilla,ibis styles santa justa
YIT Vereda Real,8.1,55.0,4 estrellas,0 llaves,Valencina de la Concepción,Amimir,Sevilla,yit vereda real
Apartamentos Metropolis,8.8,91.0,0 estrellas,4 llaves,Sevilla,Amimir,Sevilla,metropolis
Aguilas5 SevillaSuites,9.4,183.0,0 estrellas,4 llaves,Sevilla,Amimir,Sevilla,aguilas
Hotel Servilia,8.2,70.0,2 estrellas,0 llaves,Carmona,Amimir,Sevilla,servilia
Hotel Doña Blanca,8.3,73.0,2 estrellas,0 llaves,Sevilla,Amimir,Sevilla,doña blanca
Doña Manuela,8.9,95.0,2 estrellas,0 llaves,Sevilla,Amimir,Sevilla,doña manuela
Alcántara,8.6,77.0,2 estrellas,0 llaves,Sevilla,Amimir,Sevilla,alcantara
Hostal Albero By Eme Hoteles,7.8,69.0,2 estrellas,0 llaves,Sanlúcar la Mayor,Amimir,Sevilla,albero
Baco,7.3,68.0,2 estrellas,0 llaves,Sevilla,Amimir,Sevilla,baco
Rey Don Pedro Luxury Home,8.9,125.0,3 estrellas,0 llaves,Sevilla,Amimir,Sevilla,rey don pedro luxury home
Amadeus,9.3,299.0,4 estrellas,0 llaves,Sevilla,Amimir,Sevilla,amadeus
Pensión Javier,5.8,27.0,1 estrellas,0 llaves,Sevilla,Amimir,Sevilla,javier
Eurostars Sevilla Boutique,9.2,156.0,4 estrellas,0 llaves,Sevilla,Amimir,Sevilla,eurostars
Alcazar,6.6,70.0,3 estrellas,0 llaves,Sevilla,Amimir,Sevilla,alcazar
Casa Sevilla 1855 Suites by Época,8.9,145.0,0 estrellas,4 llaves,Sevilla,Amimir,Sevilla,casa
Simón Verde Hotel Apartamentos,7.5,55.0,0 estrellas,3 llaves,Mairena del Aljarafe,Amimir,Sevilla,simon verde
Apartamentos Boutique Vida,8.0,101.0,0 estrellas,3 llaves,Sevilla,Amimir,Sevilla,vida
Un Patio en Santa Cruz,8.0,97.0,2 estrellas,0 llaves,Sevilla,Amimir,Sevilla,un patio
MDD4 Health Experience Hotel,9.0,100.0,2 estrellas,0 llaves,Sevilla,Amimir,Sevilla,mdd health experience
Hospes Las Casas del Rey de Baeza,8.9,412.0,4 estrellas,0 llaves,Sevilla,Amimir,Sevilla,hospes las casas rey baeza
Plaza Santa Lucia,9.1,73.0,3 estrellas,0 llaves,Sevilla,Amimir,Sevilla,plaza santa lucia
Catalonia Hispalis,8.2,57.0,3 estrellas,0 llaves,Sevilla,Amimir,Sevilla,catalonia hispalis
Zenit Sevilla,9.4,107.0,4 estrellas,0 llaves,Sevilla,Amimir,Sevilla,zenit
Casual Sevilla de las Letras,8.7,68.0,2 estrellas,0 llaves,Sevilla,Amimir,Sevilla,casual las letras
NH Collection Sevilla,9.0,126.0,4 estrellas,0 llaves,Sevilla,Amimir,Sevilla,nh collection
Hotel Cetina Sevilla,9.2,111.0,4 estrellas,0 llaves,Sevilla,Amimir,Sevilla,cetina
Parador de Carmona,9.0,98.0,4 estrellas,0 llaves,Carmona,Amimir,Sevilla,parador carmona
Holiday Rentals Tempa Museo,8.3,84.0,0 estrellas,4 llaves,Sevilla,Amimir,Sevilla,holiday rentals tempa museo
Hotel Giralda Center,9.1,160.0,4 estrellas,0 llaves,Sevilla,Amimir,Sevilla,giralda center
Only YOU Hotel Sevilla,9.5,188.0,5 estrellas,0 llaves,Sevilla,Amimir,Sevilla,only you
Vincci Selección Unuk 5* GL,9.0,264.0,5 estrellas,0 llaves,Sevilla,Amimir,Sevilla,vincci seleccion unuk gl
Los Salados Holiday Rentals,8.9,81.0,0 estrellas,4 llaves,Sevilla,Amimir,Sevilla,salados holiday rentals
Hostal Sevilla Santa Justa,8.6,58.0,1 estrellas,0 llaves,Sevilla,Amimir,Sevilla,santa justa
Lince,8.6,46.0,1 estrellas,0 llaves,Aznalcázar,Amimir,Sevilla,lince
Hotel Casa del Poeta,9.3,393.0,4 estrellas,0 llaves,Sevilla,Amimir,Sevilla,casa poeta
Ítaca Sevilla,8.2,108.0,3 estrellas,0 llaves,Sevilla,Amimir,Sevilla,itaca
H10 Casa de la Plata,9.3,232.0,4 estrellas,0 llaves,Sevilla,Amimir,Sevilla,h casa plata
Hacienda Olontigi,8.2,48.0,0 estrellas,0 llaves,Aznalcázar,Amimir,Sevilla,hacienda olontigi
Posada Del Lucero,9.3,137.0,4 estrellas,0 llaves,Sevilla,Amimir,Sevilla,posada lucero
Hostal Bar Mellizo,8.4,37.0,1 estrellas,0 llaves,Lebrija,Amimir,Sevilla,bar mellizo
Hotel Ciudad Del Sol,8.2,67.0,3 estrellas,0 llaves,Écija,Amimir,Sevilla,ciudad sol
Singular Metropol,8.5,104.0,0 estrellas,3 llaves,Sevilla,Amimir,Sevilla,singular metropol
On Suites Sevilla,8.4,94.0,0 estrellas,4 llaves,Sevilla,Amimir,Sevilla,on
Reservaloen Plaza del Salvador,8.0,115.0,0 estrellas,3 llaves,Sevilla,Amimir,Sevilla,reservaloen plaza salvador
NH Sevilla Plaza de Armas,9.0,148.0,4 estrellas,0 llaves,Sevilla,Amimir,Sevilla,nh plaza armas
Hotel Boutique Palacio Pinello,8.8,194.0,4 estrellas,0 llaves,Sevilla,Amimir,Sevilla,palacio pinello
Palacio Alcazar,8.5,143.0,4 estrellas,0 llaves,Sevilla,Amimir,Sevilla,palacio alcazar
Basic Hotel Puerta de Sevilla,8.3,98.0,1 estrellas,0 llaves,Sevilla,Amimir,Sevilla,basic puerta
Cool Sevilla Hotel,8.0,55.0,2 estrellas,0 llaves,Sevilla,Amimir,Sevilla,cool
Eurostars Torre Sevilla,8.2,121.0,5 estrellas,0 llaves,Sevilla,Amimir,Sevilla,eurostars torre
Casa Quintero Apartments,8.5,157.0,0 estrellas,4 llaves,Sevilla,Amimir,Sevilla,casa quintero
Slow Suites Maestranza,8.4,110.0,0 estrellas,4 llaves,Sevilla,Amimir,Sevilla,slow maestranza
Apartamentos Sevilla Palace,8.5,85.0,0 estrellas,3 llaves,Sevilla,Amimir,Sevilla,palace
Silken Al-Andalus Palace,8.6,223.0,4 estrellas,0 llaves,Sevilla,Amimir,Sevilla,silken al andalus palace
Hotel Palacio de San Fernando,8.9,67.0,3 estrellas,0 llaves,Utrera,Amimir,Sevilla,palacio san fernando
Hesperia Sevilla,8.5,126.0,4 estrellas,0 llaves,Sevilla,Amimir,Sevilla,hesperia
Ardea Purpurea,8.9,80.0,4 estrellas,0 llaves,Villamanrique de la Condesa,Amimir,Sevilla,ardea purpurea
Leflet Valme,8.7,79.0,3 estrellas,0 llaves,Dos Hermanas,Amimir,Sevilla,leflet valme
Hotel Bécquer,9.0,121.0,4 estrellas,0 llaves,Sevilla,Amimir,Sevilla,becquer
Duquesa Hotel,7.8,50.0,3 estrellas,0 llaves,Sevilla,Amimir,Sevilla,duquesa
Pension Santa Maria La Blanca,3.5,69.0,2 estrellas,0 llaves,Sevilla,Amimir,Sevilla,santa maria blanca
Eurostars Guadalquivir,9.3,102.0,4 estrellas,0 llaves,Sevilla,Amimir,Sevilla,eurostars guadalquivir
Ribera de Triana,8.8,105.0,4 estrellas,0 llaves,Sevilla,Amimir,Sevilla,ribera triana
Dona Maria,8.6,150.0,4 estrellas,0 llaves,Sevilla,Amimir,Sevilla,dona maria
Pensión Vergara,5.8,32.0,1 estrellas,0 llaves,Sevilla,Amimir,Sevilla,vergara
Occidental Sevilla Viapol,9.0,115.0,4 estrellas,0 llaves,Sevilla,Amimir,Sevilla,occidental viapol
Hoteles Del Sur,8.3,62.0,0 estrellas,3 llaves,Sevilla,Amimir,Sevilla,sur
Hotel Leflet Sanlúcar,8.1,48.0,3 estrellas,0 llaves,Sanlúcar la Mayor,Amimir,Sevilla,leflet sanlucar
Apartamentos Luxsevilla Palacio,6.8,60.0,0 estrellas,3 llaves,Sevilla,Amimir,Sevilla,lux palacio
Apartamentos Magna Sevilla,7.5,75.0,0 estrellas,3 llaves,Sevilla,Amimir,Sevilla,magna
La Casa del Maestro,9.1,84.0,1 estrellas,0 llaves,Sevilla,Amimir,Sevilla,casa maestro
Exe Sevilla Palmera,8.5,64.0,4 estrellas,0 llaves,Sevilla,Amimir,Sevilla,exe palmera
Convento La Gloria,8.1,118.0,3 estrellas,0 llaves,Sevilla,Amimir,Sevilla,convento gloria
Casa Bailén Apartamentos,9.4,141.0,0 estrellas,4 llaves,Sevilla,Amimir,Sevilla,casa bailen
Apartamentos Santiago by OYO Rooms,8.6,58.0,2 estrellas,0 llaves,Écija,Amimir,Sevilla,santiago
Casa Romana Hotel Boutique,9.0,100.0,4 estrellas,0 llaves,Sevilla,Amimir,Sevilla,casa romana
Sercotel Las Casas de los Mercaderes,8.7,134.0,3 estrellas,0 llaves,Sevilla,Amimir,Sevilla,sercotel las casas mercaderes
Hostal Santa Catalina,8.1,55.0,1 estrellas,0 llaves,Sevilla,Amimir,Sevilla,santa catalina
EME Catedral Mercer,8.2,183.0,5 estrellas,0 llaves,Sevilla,Amimir,Sevilla,eme catedral mercer
Ritual Sevilla Suites - Centro Historico,8.6,149.0,0 estrellas,4 llaves,Sevilla,Amimir,Sevilla,ritual centro historico
Halo Boutique Hotel,8.5,152.0,4 estrellas,0 llaves,Sevilla,Amimir,Sevilla,halo
Iberflat Vega de Triana,8.4,80.0,0 estrellas,3 llaves,Camas,Amimir,Sevilla,iberflat vega triana
Hotel Plaza Sevilla,8.1,56.0,3 estrellas,0 llaves,Sevilla,Amimir,Sevilla,plaza
U-Sense Sevilla Centro,9.4,96.0,3 estrellas,0 llaves,Sevilla,Amimir,Sevilla,u sense centro
Monte Carmelo,9.5,96.0,4 estrellas,0 llaves,Sevilla,Amimir,Sevilla,monte carmelo
Sevilla Central Suites Apartamentos,9.3,163.0,0 estrellas,4 llaves,Sevilla,Amimir,Sevilla,central
El Rey Moro Hotel,8.9,375.0,4 estrellas,0 llaves,Sevilla,Amimir,Sevilla,rey moro
Fontecruz Sevilla Seises,8.4,206.0,4 estrellas,0 llaves,Sevilla,Amimir,Sevilla,fontecruz seises
Casa Senorial Del Siglo XVIII,9.0,122.0,0 estrellas,4 llaves,Sevilla,Amimir,Sevilla,casa senorial siglo xviii
Pierre & Vacances Sevilla,8.7,95.0,0 estrellas,4 llaves,Sevilla,Amimir,Sevilla,pierre & vacances
Casa Alhaja By Shiadu,9.2,202.0,3 estrellas,0 llaves,Sevilla,Amimir,Sevilla,casa alhaja
Hotel Boutique Casas de Santa Cruz,8.0,118.0,3 estrellas,0 llaves,Sevilla,Amimir,Sevilla,casas santa cruz
Hostal San Francisco,8.5,222.0,1 estrellas,0 llaves,Sevilla,Amimir,Sevilla,san francisco
Abril,9.0,82.0,2 estrellas,0 llaves,Sevilla,Amimir,Sevilla,abril
Legado Oromana Hotel,6.3,43.0,3 estrellas,0 llaves,Alcalá de Guadaira,Amimir,Sevilla,legado oromana
San Gil,7.4,87.0,4 estrellas,0 llaves,Sevilla,Amimir,Sevilla,san gil
Casa Gloria Apartments,9.2,128.0,0 estrellas,4 llaves,Sevilla,Amimir,Sevilla,casa gloria
Palace Sevilla,8.2,78.0,3 estrellas,0 llaves,Sevilla,Amimir,Sevilla,palace
Murillo Hotel,8.4,98.0,2 estrellas,0 llaves,Sevilla,Amimir,Sevilla,murillo
La Hostería de Doña Lina,8.7,71.0,2 estrellas,0 llaves,Sevilla,Amimir,Sevilla,hosteria doña lina
America,8.7,145.0,4 estrellas,0 llaves,Sevilla,Amimir,Sevilla,america
Soho Boutique Catedral,9.1,143.0,4 estrellas,0 llaves,Sevilla,Amimir,Sevilla,soho catedral
Elvira Plaza,8.2,115.0,3 estrellas,0 llaves,Sevilla,Amimir,Sevilla,elvira plaza
Ocean Drive Sevilla,8.8,119.0,4 estrellas,0 llaves,Sevilla,Amimir,Sevilla,ocean drive
Joya del Casco Boutique Hotel,9.2,183.0,3 estrellas,0 llaves,Sevilla,Amimir,Sevilla,joya casco
B&b Hotel Sevilla Bormujos,8.8,62.0,2 estrellas,0 llaves,Bormujos,Amimir,Sevilla,b&b bormujos
Murillo Hotel & Apartamentos,8.8,88.0,0 estrellas,0 llaves,Sevilla,Amimir,Sevilla,murillo &
Casa Palacio Don Pedro,8.7,62.0,1 estrellas,0 llaves,Sevilla,Amimir,Sevilla,casa palacio don pedro
Oak & Sandstone,9.0,188.0,0 estrellas,4 llaves,Sevilla,Amimir,Sevilla,oak & sandstone
Hostal Lis,7.5,45.0,1 estrellas,0 llaves,Sevilla,Amimir,Sevilla,lis
Hotel H28 Camas,7.0,53.0,3 estrellas,0 llaves,Camas,Amimir,Sevilla,h camas
Welldone Cathedral,8.3,162.0,0 estrellas,3 llaves,Sevilla,Amimir,Sevilla,welldone cathedral
Welldone Metropol,8.1,94.0,1 estrellas,0 llaves,Sevilla,Amimir,Sevilla,welldone metropol
B&b Hotel Écija,9.2,62.0,3 estrellas,0 llaves,Écija,Amimir,Sevilla,b&b ecija
Petit Palace Marqués Santa Ana,8.8,158.0,4 estrellas,0 llaves,Sevilla,Amimir,Sevilla,petit palace marques santa ana
Nqn Aparts & Suites Sevilla,9.5,247.0,0 estrellas,4 llaves,Sevilla,Amimir,Sevilla,nqn aparts &
The Zentral Plaza De Armas,9.0,129.0,0 estrellas,4 llaves,Sevilla,Amimir,Sevilla,the zentral plaza armas
Mercer Plaza Sevilla 5 GL,9.1,295.0,5 estrellas,0 llaves,Sevilla,Amimir,Sevilla,mercer plaza gl
Leflet Gran Avenida,8.0,70.0,1 estrellas,0 llaves,Coria del Río,Amimir,Sevilla,leflet gran avenida
Apartamento El Museo Écija,9.8,63.0,0 estrellas,0 llaves,Écija,Amimir,Sevilla,museo ecija
Urban Cube Hostel Sevilla,8.8,35.0,0 estrellas,0 llaves,Sevilla,Amimir,Sevilla,urban cube
Intelier Casa de Indias Hotel,9.2,140.0,4 estrellas,0 llaves,Sevilla,Amimir,Sevilla,intelier casa indias
Hilton Garden Inn Sevilla,8.9,96.0,4 estrellas,0 llaves,Sevilla,Amimir,Sevilla,hilton garden inn
Hotel Cervantes,8.7,110.0,4 estrellas,0 llaves,Sevilla,Amimir,Sevilla,cervantes
Casa del Pozo Santo,8.1,116.0,0 estrellas,3 llaves,Sevilla,Amimir,Sevilla,casa pozo santo
Posada Pilatos,9.5,155.0,0 estrellas,0 llaves,Sevilla,Amimir,Sevilla,posada pilatos
TRH La Motilla Business & Cultural Hotel,8.4,96.0,4 estrellas,0 llaves,Dos Hermanas,Amimir,Sevilla,trh motilla business & cultural
Suites Machado,9.4,205.0,0 estrellas,0 llaves,Sevilla,Amimir,Sevilla,machado
Apartamento Puerta Carmona,9.5,708.0,0 estrellas,0 llaves,Sevilla,Amimir,Sevilla,puerta carmona
Hotel Rural Hoyo Bautista,8.9,50.0,0 estrellas,0 llaves,Martín de la Jara,Amimir,Sevilla,rural hoyo bautista
Derby,8.8,103.0,3 estrellas,0 llaves,Sevilla,Amimir,Sevilla,derby
Ritual Sevilla Suites,8.4,113.0,0 estrellas,3 llaves,Sevilla,Amimir,Sevilla,ritual
Mairena,7.9,49.0,2 estrellas,0 llaves,Mairena del Alcor,Amimir,Sevilla,mairena
Catedral Boutique,8.0,65.0,2 estrellas,0 llaves,Sevilla,Amimir,Sevilla,catedral
Lirium Casa Patio,9.2,76.0,0 estrellas,0 llaves,Sevilla,Amimir,Sevilla,lirium casa patio
Casa Rural Sierra Morena,9.3,90.0,0 estrellas,0 llaves,Cazalla de la Sierra,Amimir,Sevilla,casa rural sierra morena
Vincci La Rábida,8.9,176.0,4 estrellas,0 llaves,Sevilla,Amimir,Sevilla,vincci rabida
Apartahotel Sevilla Salado,7.7,60.0,3 estrellas,0 llaves,Sevilla,Amimir,Sevilla,aparta salado
Isg Apartments La Florida,9.2,156.0,0 estrellas,0 llaves,Sevilla,Amimir,Sevilla,isg florida
Sevilla Home Center Suites,9.4,173.0,0 estrellas,4 llaves,Sevilla,Amimir,Sevilla,home center
Welldone Sierpes Boutique,8.7,75.0,1 estrellas,0 llaves,Sevilla,Amimir,Sevilla,welldone sierpes
Vista Corral Del Conde,9.2,112.0,0 estrellas,0 llaves,Sevilla,Amimir,Sevilla,vista corral conde
Hotel Kivir,9.7,162.0,4 estrellas,0 llaves,Sevilla,Amimir,Sevilla,kivir
Samay Hostel,8.6,24.0,0 estrellas,0 llaves,Sevilla,Amimir,Sevilla,samay
Hotel Torre de los Guzmanes,7.6,56.0,3 estrellas,0 llaves,La Algaba,Amimir,Sevilla,torre guzmanes
Hotel Bellavista Sevilla,7.2,71.0,4 estrellas,0 llaves,Sevilla,Amimir,Sevilla,bellavista
La Casa Del Conde - Un Alojamiento único En Écija,9.1,99.0,0 estrellas,0 llaves,Écija,Amimir,Sevilla,casa conde un alojamiento unico
Pórtico Del Azahín,9.0,17.0,0 estrellas,0 llaves,Cazalla de la Sierra,Amimir,Sevilla,portico azahin
Petit Palace Puerta de Triana,8.8,111.0,3 estrellas,0 llaves,Sevilla,Amimir,Sevilla,petit palace puerta triana
Inglaterra,9.5,143.0,4 estrellas,0 llaves,Sevilla,Amimir,Sevilla,inglaterra
Hotel Tayko Sevilla,9.3,153.0,4 estrellas,0 llaves,Sevilla,Amimir,Sevilla,tayko
Tu Rincón Sevillano,9.0,104.0,0 estrellas,0 llaves,Sevilla,Amimir,Sevilla,tu rincon no
Patio Rialto Apartment,9.0,150.0,0 estrellas,0 llaves,Sevilla,Amimir,Sevilla,patio rialto
Apartamento Entero A 10 Minutos En Coche De Sevilla Centro,9.0,124.0,0 estrellas,0 llaves,Camas,Amimir,Sevilla,entero a minutos
Apartamentos Vértice Bib-Rambla,9.2,63.0,0 estrellas,2 llaves,Sevilla,Amimir,Sevilla,vertice bib rambla
Hotel Casa De Colon,8.2,140.0,3 estrellas,0 llaves,Sevilla,Amimir,Sevilla,casa colon
Radisson Collection Hotel Magdalena Plaza Sevilla,9.0,261.0,5 estrellas,0 llaves,Sevilla,Amimir,Sevilla,radisson collection magdalena plaza
Hostal Alcobia,5.2,33.0,0 estrellas,0 llaves,Sevilla,Amimir,Sevilla,alcobia
Soho Boutique Sevilla,8.4,103.0,3 estrellas,0 llaves,Sevilla,Amimir,Sevilla,soho
Doña Lola,8.5,60.0,2 estrellas,0 llaves,Sevilla,Amimir,Sevilla,doña lola
Monte Triana,9.5,114.0,4 estrellas,0 llaves,Sevilla,Amimir,Sevilla,monte triana
Mare Hotel,7.2,97.0,4 estrellas,0 llaves,Dos Hermanas,Amimir,Sevilla,mare
Apartamento El Teatro,8.6,85.0,0 estrellas,0 llaves,Écija,Amimir,Sevilla,teatro
Apartamento Chic Centro,8.6,99.0,0 estrellas,0 llaves,Dos Hermanas,Amimir,Sevilla,chic centro
Atico Caleria Con Vistas A La Giralda,8.6,110.0,0 estrellas,0 llaves,Sevilla,Amimir,Sevilla,atico caleria con vistas a giralda
Sevilla Centro Histórico Cerca Estación Ave,8.6,204.0,0 estrellas,0 llaves,Sevilla,Amimir,Sevilla,centro historico cerca estacion ave
Paraná Center Apartment,8.6,120.0,0 estrellas,0 llaves,Sevilla,Amimir,Sevilla,parana center
Alojamiento Seda,8.6,63.0,0 estrellas,0 llaves,Alcalá de Guadaira,Amimir,Sevilla,alojamiento seda
H10 Corregidor Boutique Hotel,9.0,127.0,3 estrellas,0 llaves,Sevilla,Amimir,Sevilla,h corregidor
Nine O Clock San Agustin,8.5,132.0,0 estrellas,0 llaves,Sevilla,Amimir,Sevilla,nine o clock san agustin
Triana Apartahotel,8.4,64.0,3 estrellas,0 llaves,Sevilla,Amimir,Sevilla,triana aparta
Apartamento El Salón,8.5,85.0,0 estrellas,0 llaves,Écija,Amimir,Sevilla,salon
Abreu Suites,9.2,124.0,0 estrellas,4 llaves,Sevilla,Amimir,Sevilla,abreu
Porcel Torneo,8.3,97.0,4 estrellas,0 llaves,Sevilla,Amimir,Sevilla,porcel torneo
Legado Alcázar,9.1,194.0,4 estrellas,0 llaves,Sevilla,Amimir,Sevilla,legado alcazar
Alojamiento Lanza En El CorazÓn De Sevilla,8.4,150.0,0 estrellas,0 llaves,Sevilla,Amimir,Sevilla,alojamiento lanza
Terrazas De La Catedral,8.4,129.0,0 estrellas,3 llaves,Sevilla,Amimir,Sevilla,terrazas catedral
Hostal La Muralla,7.4,52.0,1 estrellas,0 llaves,Sevilla,Amimir,Sevilla,muralla
Basic Hotel Sevilla Catedral,8.7,88.0,1 estrellas,0 llaves,Sevilla,Amimir,Sevilla,basic catedral
"Querencia de Sevilla, Autograph Collection",9.5,232.0,4 estrellas,0 llaves,Sevilla,Amimir,Sevilla,querencia autograph collection
"Hotel Alfonso XIII, a Luxury Collection Hotel, Sevilla",9.1,532.0,5 estrellas,0 llaves,Sevilla,Amimir,Sevilla,alfonso xiii a luxury collection
El Corral de San Jose by Singular Apartments,5.7,121.0,0 estrellas,3 llaves,Sevilla,Amimir,Sevilla,corral san jose
Casa Rural La Plazuela,8.0,45.0,0 estrellas,0 llaves,Cazalla de la Sierra,Amimir,Sevilla,casa rural plazuela
Apartamentos Doña Lola,7.2,69.0,0 estrellas,2 llaves,Sevilla,Amimir,Sevilla,doña lola
Pensión Montoreña,7.5,30.0,0 estrellas,0 llaves,Sevilla,Amimir,Sevilla,montoreña
Tourist House Casa Pilatos,8.0,560.0,0 estrellas,0 llaves,Sevilla,Amimir,Sevilla,tourist house casa pilatos
Zaida,8.5,90.0,3 estrellas,0 llaves,Sevilla,Amimir,Sevilla,zaida
Casona de San Andrés,8.3,124.0,3 estrellas,0 llaves,Sevilla,Amimir,Sevilla,casona san andres
Las Casas de El Arenal,8.6,152.0,4 estrellas,0 llaves,Sevilla,Amimir,Sevilla,las casas arenal
Very Nice Apartament. City Center. Private Parking,8.7,108.0,0 estrellas,0 llaves,Sevilla,Amimir,Sevilla,very nice apartament. city center. private parking
Leon Centro Apartment,8.1,90.0,0 estrellas,0 llaves,Sevilla,Amimir,Sevilla,leon centro
Alojamientos El Carmen,7.7,80.0,0 estrellas,0 llaves,Écija,Amimir,Sevilla,alojamientos carmen
Eurostars Regina,8.6,125.0,3 estrellas,0 llaves,Sevilla,Amimir,Sevilla,eurostars regina
Hotel Ateneo Sevilla,9.0,198.0,4 estrellas,0 llaves,Sevilla,Amimir,Sevilla,ateneo
Welldone Quality-Crystal Pool,8.5,78.0,2 estrellas,0 llaves,Sevilla,Amimir,Sevilla,welldone quality crystal pool
Santa Catalina Center Apartment,7.9,100.0,0 estrellas,0 llaves,Sevilla,Amimir,Sevilla,santa catalina center
Exe Isla Cartuja,8.2,71.0,4 estrellas,0 llaves,Sevilla,Amimir,Sevilla,exe isla cartuja
Isg Apartments Mezquita 5,7.9,197.0,0 estrellas,0 llaves,Sevilla,Amimir,Sevilla,isg mezquita
Sercotel Sevilla Guadalquivir Suites,8.6,119.0,4 estrellas,0 llaves,Sevilla,Amimir,Sevilla,sercotel guadalquivir
Apartamento Civitas,8.6,85.0,0 estrellas,0 llaves,Écija,Amimir,Sevilla,civitas
Numa Seville Jondo,8.9,171.0,0 estrellas,0 llaves,Sevilla,Amimir,Sevilla,numa jondo
Pensión Catedral,7.1,40.0,0 estrellas,0 llaves,Sevilla,Amimir,Sevilla,catedral
Apartamentos Los Angeles,8.5,144.0,0 estrellas,3 llaves,Sevilla,Amimir,Sevilla,angeles
San Esteban Adg,7.3,85.0,0 estrellas,0 llaves,Sevilla,Amimir,Sevilla,san esteban adg
Bypillow Residence April,8.7,128.0,0 estrellas,0 llaves,Sevilla,Amimir,Sevilla,bypillow residence april
Reyes Católicos,6.6,67.0,3 estrellas,0 llaves,Sevilla,Amimir,Sevilla,reyes catolicos
Apartamento Nuevo En Pleno Centro De Localización Perfecta,9.8,125.0,0 estrellas,0 llaves,Sevilla,Amimir,Sevilla,nuevo
AC Hotel Sevilla Fórum,8.3,98.0,4 estrellas,0 llaves,Sevilla,Amimir,Sevilla,ac forum
The Level at Meliá Sevilla,9.0,211.0,4 estrellas,0 llaves,Sevilla,Amimir,Sevilla,the level at melia
Legado Magdalena Hotel,9.4,132.0,4 estrellas,0 llaves,Sevilla,Amimir,Sevilla,legado magdalena
Hotel Patio de la Alameda,9.2,97.0,3 estrellas,0 llaves,Sevilla,Amimir,Sevilla,patio alameda
Sol y Luna de Triana,8.4,110.0,0 estrellas,3 llaves,Sevilla,Amimir,Sevilla,sol luna triana
Albergue Inturjoven Sevilla,7.8,59.0,2 estrellas,0 llaves,Sevilla,Amimir,Sevilla,albergue inturjoven
Casa Palacio Don Ramon,9.4,378.0,5 estrellas,0 llaves,Sevilla,Amimir,Sevilla,casa palacio don ramon
Aacr Museo,8.2,76.0,3 estrellas,0 llaves,Sevilla,Amimir,Sevilla,aacr museo
Casa Triana 1888 Suites by Época,9.0,112.0,0 estrellas,4 llaves,Sevilla,Amimir,Sevilla,casa triana
Petit Palace Canalejas,8.5,90.0,2 estrellas,0 llaves,Sevilla,Amimir,Sevilla,petit palace canalejas
El Molino,8.3,63.0,2 estrellas,0 llaves,Osuna,Amimir,Sevilla,molino
Mar - Beautiful Apartment With Two Bedrooms And Two Bathrooms,7.4,177.0,0 estrellas,0 llaves,Sevilla,Amimir,Sevilla,mar beautiful
Apartments Poemas & Rimas de Becquer,8.8,130.0,0 estrellas,4 llaves,Sevilla,Amimir,Sevilla,poemas & rimas becquer
The Boutike Guesthouse,8.4,131.0,0 estrellas,0 llaves,Sevilla,Amimir,Sevilla,the boutike
Hotel Lobby,9.6,433.0,5 estrellas,0 llaves,Sevilla,Amimir,Sevilla,lobby
Hotel Mercer Sevilla,9.1,305.0,5 estrellas,0 llaves,Sevilla,Amimir,Sevilla,mercer
LB Lebrija,7.8,59.0,2 estrellas,0 llaves,Lebrija,Amimir,Sevilla,lb lebrija
Vincci Molviedro,9.6,195.0,4 estrellas,0 llaves,Sevilla,Amimir,Sevilla,vincci molviedro
Plácido Y Grata,9.2,240.0,4 estrellas,0 llaves,Sevilla,Amimir,Sevilla,placido grata
B&b Hotel Sevilla Bormujos,9.2,59.0,3 estrellas,0 llaves,Bormujos,Amimir,Sevilla,b&b bormujos
Apartamento A Estrenar En San Bernardo,8.3,127.0,0 estrellas,0 llaves,Sevilla,Amimir,Sevilla,a estrenar
Murillo Apartamentos,8.8,139.0,0 estrellas,0 llaves,Sevilla,Amimir,Sevilla,murillo
Gollum-goretti House,7.2,102.0,0 estrellas,0 llaves,Mairena del Aljarafe,Amimir,Sevilla,gollum goretti house
Hotel Un Patio al Sur,8.6,73.0,2 estrellas,0 llaves,Sevilla,Amimir,Sevilla,un patio al sur
The Honest Hotel San Pedro,8.5,116.0,3 estrellas,0 llaves,Sevilla,Amimir,Sevilla,the honest san pedro
Casa de Zalamea,9.1,154.0,4 estrellas,0 llaves,Sevilla,Amimir,Sevilla,casa zalamea
Tourist House Alfalfa,8.0,595.0,0 estrellas,0 llaves,Sevilla,Amimir,Sevilla,tourist house alfalfa
"Sercotel Dona Carmela, Ascend Hotel Collection",8.7,61.0,3 estrellas,0 llaves,Sevilla,Amimir,Sevilla,sercotel dona carmela ascend collection
Cavalta Boutique Hotel,9.6,215.0,5 estrellas,0 llaves,Sevilla,Amimir,Sevilla,cavalta
Imagen Suite,9.0,116.0,0 estrellas,0 llaves,Sevilla,Amimir,Sevilla,imagen
The Old Print House - Space Maison Apartments,9.2,212.0,0 estrellas,0 llaves,Sevilla,Amimir,Sevilla,the old print house space maison
Hotel Gravina 51,9.7,235.0,4 estrellas,0 llaves,Sevilla,Amimir,Sevilla,gravina
Suites Sevilla Plaza,8.6,151.0,0 estrellas,2 llaves,Sevilla,Amimir,Sevilla,plaza
Sevilla Green Suites,9.1,87.0,4 estrellas,0 llaves,Alcalá de Guadaira,Amimir,Sevilla,green
Hospederia Santa Clara,9.0,78.0,0 estrellas,0 llaves,Utrera,Amimir,Sevilla,hospederia santa clara
Casa de Triana Suite & Homes Seville,9.2,273.0,0 estrellas,4 llaves,Sevilla,Amimir,Sevilla,casa triana & homes
AC Hotel Ciudad de Sevilla,8.5,129.0,4 estrellas,0 llaves,Sevilla,Amimir,Sevilla,ac ciudad
Isg Apartments Cedaceros 12,9.3,322.0,0 estrellas,0 llaves,Sevilla,Amimir,Sevilla,isg cedaceros
Luxurious & Spacious 4br Apt Next To Cathedral,8.3,431.0,0 estrellas,0 llaves,Sevilla,Amimir,Sevilla,luxurious & spacious br apt next to cathedral
U-Sense Sevilla Catedral,8.6,261.0,0 estrellas,0 llaves,Sevilla,Amimir,Sevilla,u sense catedral
Vincci Molviedro Suites Apartments,9.0,315.0,4 estrellas,0 llaves,Sevilla,Amimir,Sevilla,vincci molviedro
Adriano,8.9,95.0,2 estrellas,0 llaves,Sevilla,Amimir,Sevilla,adriano
Buen Viaje/san Esteban,9.0,111.0,0 estrellas,0 llaves,Sevilla,Amimir,Sevilla,buen viaje/san esteban
Petit Palace Vargas,9.1,107.0,2 estrellas,0 llaves,Sevilla,Amimir,Sevilla,petit palace vargas
Pensión Gala,6.8,29.0,1 estrellas,0 llaves,Sevilla,Amimir,Sevilla,gala
Sf - Shiny Apartment In City Centre,7.7,214.0,0 estrellas,0 llaves,Sevilla,Amimir,Sevilla,sf shiny in city centre
El Palomar,8.4,202.0,0 estrellas,0 llaves,Sevilla,Amimir,Sevilla,palomar
Turistic Apartment Sevillamos SL,8.5,65.0,0 estrellas,0 llaves,Sevilla,Amimir,Sevilla,turistic mos sl
Isg Apartments Cedaceros,8.5,271.0,0 estrellas,0 llaves,Sevilla,Amimir,Sevilla,isg cedaceros
Apartamento Entero En Los Jardines De Murillo,8.4,240.0,0 estrellas,0 llaves,Sevilla,Amimir,Sevilla,entero
Precioso Piso En Sevilla,8.8,185.0,0 estrellas,0 llaves,Sevilla,Amimir,Sevilla,precioso piso
Piso Luminoso Y Acogedor,8.7,105.0,0 estrellas,0 llaves,Alcalá de Guadaira,Amimir,Sevilla,piso luminoso acogedor
Simon,8.6,70.0,1 estrellas,0 llaves,Sevilla,Amimir,Sevilla,simon
Apartamentos Sevilla Centro,8.6,170.0,0 estrellas,2 llaves,Sevilla,Amimir,Sevilla,centro
Apartamento Casa Callejón Del Agua,9.1,548.0,0 estrellas,0 llaves,Sevilla,Amimir,Sevilla,casa callejon agua
Casa Señorial Piedrachica,8.4,109.0,0 estrellas,0 llaves,Sevilla,Amimir,Sevilla,casa señorial piedrachica
Numa Seville Molina,9.1,192.0,0 estrellas,0 llaves,Sevilla,Amimir,Sevilla,numa molina
Apartamento Duplex En Centro De Sevilla,8.3,195.0,0 estrellas,0 llaves,Sevilla,Amimir,Sevilla,duplex
Ático Lujo Junto A La Catedral. Giralda,8.8,125.0,0 estrellas,0 llaves,Sevilla,Amimir,Sevilla,atico lujo junto a catedral. giralda
La Parada Del Marqués,9.2,145.0,3 estrellas,0 llaves,Sevilla,Amimir,Sevilla,parada marques
Noches de Triana,8.1,65.0,2 estrellas,0 llaves,Sevilla,Amimir,Sevilla,noches triana
Liam Studio In Sevilla Centric,7.7,90.0,0 estrellas,0 llaves,Sevilla,Amimir,Sevilla,liam studio in centric
Jdc1c - Beautiful Apartment In Sevilla,8.4,200.0,0 estrellas,0 llaves,Sevilla,Amimir,Sevilla,jdcc beautiful in
Dúplex Donkey Parking,8.2,130.0,0 estrellas,0 llaves,Sevilla,Amimir,Sevilla,duplex donkey parking
Cristine Bedfor Sevilla Boutique Hotel,9.3,207.0,4 estrellas,0 llaves,Sevilla,Amimir,Sevilla,cristine bedfor
Apartamentos Juan RamÓn JimÉnez 3,9.0,89.0,0 estrellas,0 llaves,Utrera,Amimir,Sevilla,juan ramon jimenez
Nochela Sevilla,8.2,90.0,2 estrellas,0 llaves,Sevilla,Amimir,Sevilla,nochela
Europa Sevilla,8.4,95.0,1 estrellas,0 llaves,Sevilla,Amimir,Sevilla,europa
Castella Art,8.5,146.0,0 estrellas,0 llaves,Sevilla,Amimir,Sevilla,castella art
Sol Centro Apartment A,8.6,115.0,0 estrellas,0 llaves,Sevilla,Amimir,Sevilla,sol centro a
Lantana Garden,7.4,50.0,0 estrellas,0 llaves,Pilas,Amimir,Sevilla,lantana garden
Sol Centro Apartment B,8.3,115.0,0 estrellas,0 llaves,Sevilla,Amimir,Sevilla,sol centro b
Tourist House Francos,8.7,368.0,0 estrellas,0 llaves,Sevilla,Amimir,Sevilla,tourist house francos
Acogedor Apartamento En La Buhaira,8.8,109.0,0 estrellas,0 llaves,Sevilla,Amimir,Sevilla,acogedor
Lovely Apartment In The Old Town Of Seville,7.2,139.0,0 estrellas,0 llaves,Sevilla,Amimir,Sevilla,lovely in the old town of
Room007 Select Tetuán,9.2,76.0,0 estrellas,0 llaves,Sevilla,Amimir,Sevilla,room select tetuan
Oasis Backpackers Hostel Sevilla,8.6,18.0,0 estrellas,0 llaves,Sevilla,Amimir,Sevilla,oasis backpackers
Lukanda Luxury,9.3,175.0,0 estrellas,0 llaves,Sevilla,Amimir,Sevilla,lukanda luxury
B&B HOTEL Écija,9.0,57.0,3 estrellas,0 llaves,Écija,Amimir,Sevilla,b&b ecija
Amazing Sevilla Apartamento,7.6,535.0,0 estrellas,0 llaves,Sevilla,Amimir,Sevilla,amazing
Room00 Sevilla,8.6,24.0,0 estrellas,0 llaves,Sevilla,Amimir,Sevilla,room
Isg Apartments Cuna,8.3,211.0,0 estrellas,0 llaves,Sevilla,Amimir,Sevilla,isg cuna
Casa Del Contratador By Época Suites,9.9,414.0,0 estrellas,0 llaves,Sevilla,Amimir,Sevilla,casa contratador
Apartamento Living By Cathedral,9.3,190.0,0 estrellas,0 llaves,Sevilla,Amimir,Sevilla,living
ibis budget Sevilla Aeropuerto,7.9,59.0,1 estrellas,0 llaves,Sevilla,Amimir,Sevilla,ibis budget aeropuerto
Conteros Centro Apartment,7.6,105.0,0 estrellas,0 llaves,Sevilla,Amimir,Sevilla,conteros centro
Mercer Residences Sevilla,9.8,194.0,0 estrellas,0 llaves,Sevilla,Amimir,Sevilla,mercer residences
Micampus Armendariz Students Residence SOLO ESTUDIANTES,8.0,63.0,2 estrellas,0 llaves,Sevilla,Amimir,Sevilla,micampus armendariz students residence solo estudiantes
Apartamentos Setas Center,8.7,162.0,0 estrellas,0 llaves,Sevilla,Amimir,Sevilla,setas center
"Homeyseville-precioso Apartamento San Juan De La Palma, Parking Optional",8.8,145.0,0 estrellas,0 llaves,Sevilla,Amimir,Sevilla,homey precioso san juan palma parking optional
Limehome Sevilla Calle Granada,9.0,129.0,0 estrellas,0 llaves,Sevilla,Amimir,Sevilla,limehome calle granada
Portico Sevilla,9.1,100.0,0 estrellas,0 llaves,Sevilla,Amimir,Sevilla,portico
Letoh Letoh Sevilla,8.7,123.0,0 estrellas,0 llaves,Sevilla,Amimir,Sevilla,letoh letoh
Hostal Museo,8.7,57.0,1 estrellas,0 llaves,Sevilla,Amimir,Sevilla,museo
Apartamentos Torre de la Plata,8.6,139.0,0 estrellas,0 llaves,Sevilla,Amimir,Sevilla,torre plata
Numa Seville Prestigio,9.5,420.0,0 estrellas,0 llaves,Sevilla,Amimir,Sevilla,numa prestigio
Sevilla San Bernardo Apartamento,9.6,229.0,0 estrellas,0 llaves,Sevilla,Amimir,Sevilla,san bernardo
Castellar Centro Apartment,8.8,140.0,0 estrellas,0 llaves,Sevilla,Amimir,Sevilla,castellar centro
Mini Estudio Lovely Sevilla Con Baño Compartido,,273.0,0 estrellas,0 llaves,Camas,Amimir,Sevilla,mini estudio lovely con baño compartido
Apartment Mosaic Giralda,8.3,203.0,0 estrellas,0 llaves,Sevilla,Amimir,Sevilla,mosaic giralda
Aquitania Home Suites,9.2,202.0,0 estrellas,0 llaves,Sevilla,Amimir,Sevilla,aquitania home
Sevilla Deluxe Suites,9.2,350.0,0 estrellas,0 llaves,Sevilla,Amimir,Sevilla,deluxe
Hotel Los Girasoles,6.5,70.0,2 estrellas,0 llaves,Valencina de la Concepción,Amimir,Sevilla,girasoles
Apartamento El Pasaje,8.6,134.0,0 estrellas,0 llaves,Sevilla,Amimir,Sevilla,pasaje
Alcázar de Eva María,8.5,132.0,0 estrellas,0 llaves,Sevilla,Amimir,Sevilla,alcazar eva maria
La Puerta de Palacio,8.4,58.0,0 estrellas,0 llaves,Sevilla,Amimir,Sevilla,puerta palacio
Toc Sevilla,8.5,30.0,0 estrellas,0 llaves,Sevilla,Amimir,Sevilla,toc
H Boutique Voluve,8.0,87.0,0 estrellas,0 llaves,Sevilla,Amimir,Sevilla,h voluve
Mercer Residences Sevilla,9.2,198.0,0 estrellas,0 llaves,Sevilla,Amimir,Sevilla,mercer residences
Vac Luxury Home Sevilla,8.8,168.0,0 estrellas,0 llaves,Sevilla,Amimir,Sevilla,vac luxury home
Real Casa De La Moneda Deluxe Apartments,9.7,400.0,0 estrellas,0 llaves,Sevilla,Amimir,Sevilla,real casa moneda deluxe
Banana Gay House - Only Men,9.1,80.0,0 estrellas,0 llaves,Sevilla,Amimir,Sevilla,banana gay house only men
Arc House Plaza,6.1,46.0,1 estrellas,0 llaves,Sevilla,Amimir,Sevilla,arc house plaza
Feria,9.0,204.0,0 estrellas,0 llaves,Sevilla,Amimir,Sevilla,feria
Bajo Gerona,9.7,150.0,0 estrellas,0 llaves,Sevilla,Amimir,Sevilla,bajo gerona
Enladrillada Apartment,8.6,150.0,0 estrellas,0 llaves,Sevilla,Amimir,Sevilla,enladrillada
Hostel One Sevilla Centro,8.2,19.0,0 estrellas,0 llaves,Sevilla,Amimir,Sevilla,one centro
Isg Apartments Catedral,8.7,316.0,0 estrellas,0 llaves,Sevilla,Amimir,Sevilla,isg catedral
Lovely Apt In The City Center - 15m Walk Giralda,7.2,129.0,0 estrellas,0 llaves,Sevilla,Amimir,Sevilla,lovely apt in the city center m walk giralda
Pension Riosol,6.9,55.0,1 estrellas,0 llaves,Sevilla,Amimir,Sevilla,riosol
19th Century Sevillian Apartment,8.6,120.0,0 estrellas,0 llaves,Sevilla,Amimir,Sevilla,th century sevillian
Komodo Goyeneta - Central Duplex With Pool & Patio.,8.8,201.0,0 estrellas,0 llaves,Sevilla,Amimir,Sevilla,komodo goyeneta central duplex
Apartamento Acogedor Y Moderno En Pleno Centro De Sevilla Con Parking Gratis,9.1,180.0,0 estrellas,0 llaves,Sevilla,Amimir,Sevilla,acogedor moderno
Casa Nueva Con Piscina Privada Y Solárium,9.8,189.0,0 estrellas,0 llaves,Alcalá de Guadaira,Amimir,Sevilla,casa nueva con piscina privada solarium
Limehome Sevilla Ronda De Capuchinos,9.0,118.0,0 estrellas,0 llaves,Sevilla,Amimir,Sevilla,limehome ronda capuchinos
Mara Arenal Sevilla,9.4,365.0,0 estrellas,0 llaves,Sevilla,Amimir,Sevilla,mara arenal
Tourist House Odonell,9.0,293.0,0 estrellas,0 llaves,Sevilla,Amimir,Sevilla,tourist house odonell
City Rooftop Paradise - Space Maison Apartments,8.7,278.0,0 estrellas,0 llaves,Sevilla,Amimir,Sevilla,city rooftop paradise space maison
Isg Apartments Apartamento Cerca De La Catedral,8.7,187.0,0 estrellas,0 llaves,Sevilla,Amimir,Sevilla,isg cerca catedral
Pension Santiago,7.2,44.0,0 estrellas,0 llaves,Écija,Amimir,Sevilla,santiago
Luxury Rooftop - Space Maison Apartments,8.9,209.0,0 estrellas,0 llaves,Sevilla,Amimir,Sevilla,luxury rooftop space maison
San Luis Downtown & Pool Apartment,9.4,117.0,0 estrellas,0 llaves,Sevilla,Amimir,Sevilla,san luis downtown & pool
Pensión Nuevo Suizo,7.8,16.0,0 estrellas,0 llaves,Sevilla,Amimir,Sevilla,nuevo suizo
Centro Luxe 3 Rooms,8.3,179.0,0 estrellas,0 llaves,Sevilla,Amimir,Sevilla,centro luxe rooms
La Banda Rooftop Hostel,8.8,33.0,0 estrellas,0 llaves,Sevilla,Amimir,Sevilla,banda rooftop
Tourist House Trajano Terraza-piscina,8.7,301.0,0 estrellas,0 llaves,Sevilla,Amimir,Sevilla,tourist house trajano terraza piscina
The Spot Central Hostel,8.3,39.0,0 estrellas,0 llaves,Sevilla,Amimir,Sevilla,the spot central
Eme Sevilla Turistica,8.7,80.0,0 estrellas,0 llaves,Sevilla,Amimir,Sevilla,eme turistica
Feria Palace Apartment,9.2,178.0,0 estrellas,0 llaves,Sevilla,Amimir,Sevilla,feria palace
U-Sense For You Hostel Sevilla,8.9,33.0,0 estrellas,0 llaves,Sevilla,Amimir,Sevilla,u sense for you
More Center Apartment,9.0,125.0,0 estrellas,0 llaves,Sevilla,Amimir,Sevilla,more center
"Eleven Real De La Carretería, By Homing U",8.8,246.0,0 estrellas,0 llaves,Sevilla,Amimir,Sevilla,eleven real carreteria
Lolita's House Torre Del Oro,9.1,145.0,0 estrellas,0 llaves,Sevilla,Amimir,Sevilla,lolita's house torre oro
Hotel Roomsole,7.8,63.0,0 estrellas,0 llaves,Sevilla,Amimir,Sevilla,roomsole
Ático Campana Donkey Terraza Privada,7.7,127.0,0 estrellas,0 llaves,Sevilla,Amimir,Sevilla,atico campana donkey terraza privada
Casa Pepita Gutiérrez,9.1,221.0,0 estrellas,0 llaves,Sevilla,Amimir,Sevilla,casa pepita gutierrez
Luz De Sevilla Free Parking,9.7,285.0,0 estrellas,0 llaves,Sevilla,Amimir,Sevilla,luz free parking
El Viajero En Sevilla,8.4,54.0,0 estrellas,0 llaves,Sevilla,Amimir,Sevilla,viajero
Apartamento Casa Curro Sevilla,9.6,145.0,0 estrellas,0 llaves,Sevilla,Amimir,Sevilla,casa curro
Luxury Maestranza Donkey,7.8,191.0,0 estrellas,0 llaves,Sevilla,Amimir,Sevilla,luxury maestranza donkey
San Pagés 3br Apartment,7.9,135.0,0 estrellas,0 llaves,Sevilla,Amimir,Sevilla,san pages br
Calle Harinas 23,7.2,169.0,0 estrellas,0 llaves,Sevilla,Amimir,Sevilla,calle harinas
Lolita's House Alhambra,8.7,111.0,0 estrellas,0 llaves,Sevilla,Amimir,Sevilla,lolita's house alhambra
Apartamentos San Roque,8.7,97.0,0 estrellas,0 llaves,Sevilla,Amimir,Sevilla,san roque
Isg Apartments Zaragoza-free Parking,8.0,167.0,0 estrellas,0 llaves,Sevilla,Amimir,Sevilla,isg free parking
Isg Apartments The Most Exclusive Apartment In Sevillaparking,9.6,655.0,0 estrellas,0 llaves,Sevilla,Amimir,Sevilla,isg the most exclusive in parking
"Soleado, Familiar, Alegre Y Tranquilo A Un Paseo De Catedral",9.6,231.0,0 estrellas,0 llaves,Sevilla,Amimir,Sevilla,soleado familiar alegre tranquilo a un paseo catedral
Apartamento San Roque 5,8.6,108.0,0 estrellas,0 llaves,Sevilla,Amimir,Sevilla,san roque
"Center Sevilla Magdalena Premium, Free Parking",8.0,182.0,0 estrellas,0 llaves,Sevilla,Amimir,Sevilla,center magdalena premium free parking
Isg Apartments Puerta Jerez Sevilla 02,7.4,200.0,0 estrellas,0 llaves,Sevilla,Amimir,Sevilla,isg puerta jerez
Apartamentos Plaza Nueva,8.2,222.0,0 estrellas,0 llaves,Sevilla,Amimir,Sevilla,plaza nueva
JOY Plaza de Armas ,7.1,18.0,0 estrellas,0 llaves,Sevilla,Amimir,Sevilla,joy plaza armas
Isg Apartments Downtown Family Haven Free Parking Spot,8.5,729.0,0 estrellas,0 llaves,Sevilla,Amimir,Sevilla,isg downtown family haven free parking spot
Elegant Suite,8.7,335.0,0 estrellas,0 llaves,Sevilla,Amimir,Sevilla,elegant
Nice Apartment In The Center Of Seville,8.4,70.0,0 estrellas,0 llaves,Sevilla,Amimir,Sevilla,nice in the center of
Genteel Home Betis 67,9.4,621.0,0 estrellas,0 llaves,Sevilla,Amimir,Sevilla,genteel home betis
By Plaza De España Overlooking Parque María Luisa,9.1,120.0,0 estrellas,0 llaves,Sevilla,Amimir,Sevilla,by plaza españa overlooking parque maria luisa
Isg Apartments Precioso ático Con Terraza Privada En El Centro,7.7,180.0,0 estrellas,0 llaves,Sevilla,Amimir,Sevilla,isg precioso atico con terraza privada
Apartamentos Gravina 56,9.5,255.0,0 estrellas,0 llaves,Sevilla,Amimir,Sevilla,gravina
Solea,8.7,189.0,0 estrellas,0 llaves,Sevilla,Amimir,Sevilla,solea
Las Columnas De Hércules - Great Location!,9.3,155.0,0 estrellas,0 llaves,Sevilla,Amimir,Sevilla,las columnas hercules great location!
Loft Duplex Sevilla Wall,8.8,142.0,0 estrellas,0 llaves,Sevilla,Amimir,Sevilla,loft duplex wall
Smartr Sevilla Puente De Triana,9.6,132.0,0 estrellas,0 llaves,Sevilla,Amimir,Sevilla,smartr puente triana
ibis Sevilla,7.9,64.0,1 estrellas,0 llaves,Sevilla,Amimir,Sevilla,ibis
The Corner House,9.2,110.0,0 estrellas,0 llaves,Sevilla,Amimir,Sevilla,the corner house
Hotel Restaurante Los Molinos,8.7,46.0,1 estrellas,0 llaves,Écija,Amimir,Sevilla,restaurante molinos
Siesta Andaluza,9.1,150.0,0 estrellas,0 llaves,Sevilla,Amimir,Sevilla,siesta andaluza
Magno Apartments Casa Del Correo Mayor I,9.1,208.0,0 estrellas,0 llaves,Sevilla,Amimir,Sevilla,magno casa correo mayor i
Suite Center San Lorenzo 35,8.6,135.0,0 estrellas,0 llaves,Sevilla,Amimir,Sevilla,center san lorenzo
Suites San Pablo,8.3,138.0,0 estrellas,0 llaves,Sevilla,Amimir,Sevilla,san pablo
San Lorenzo Collection Homes - Space Maison Apartments,8.5,151.0,0 estrellas,0 llaves,Sevilla,Amimir,Sevilla,san lorenzo collection homes space maison
Casas Del Madroño,8.6,60.0,0 estrellas,0 llaves,Cazalla de la Sierra,Amimir,Sevilla,casas madroño
Sirena Center Apartment,9.0,150.0,0 estrellas,0 llaves,Sevilla,Amimir,Sevilla,sirena center
Enjoy Sevilla,8.1,177.0,0 estrellas,0 llaves,Sevilla,Amimir,Sevilla,enjoy
Apartamento Faustino Alvarez,9.1,129.0,0 estrellas,0 llaves,Sevilla,Amimir,Sevilla,faustino alvarez
Apartamentos Puerta del Sur,6.1,49.0,0 estrellas,0 llaves,Sevilla,Amimir,Sevilla,puerta sur
Nuevo Apartamento Alameda,8.6,100.0,0 estrellas,0 llaves,Sevilla,Amimir,Sevilla,nuevo alameda
Bambu Hostel Capsules,6.4,28.0,0 estrellas,0 llaves,Sevilla,Amimir,Sevilla,bambu capsules
Letoh Letoh Sevilla,8.0,104.0,0 estrellas,0 llaves,Sevilla,Amimir,Sevilla,letoh letoh
Precioso Apartamento En El Corazon De Sevilla,9.0,235.0,0 estrellas,0 llaves,Sevilla,Amimir,Sevilla,precioso
Casa Pureza,8.9,108.0,0 estrellas,0 llaves,Sevilla,Amimir,Sevilla,casa pureza
Palacio Bucarelli,9.0,174.0,0 estrellas,0 llaves,Sevilla,Amimir,Sevilla,palacio bucarelli
Pnp17 Bi,8.9,129.0,0 estrellas,0 llaves,Sevilla,Amimir,Sevilla,pnp bi
Magno Apartments Pureza Suites,9.0,133.0,0 estrellas,0 llaves,Sevilla,Amimir,Sevilla,magno pureza
Torneo 48 Suite,9.7,179.0,0 estrellas,0 llaves,Sevilla,Amimir,Sevilla,torneo
Luis Montoto,9.3,157.0,0 estrellas,0 llaves,Sevilla,Amimir,Sevilla,luis montoto
Serendipity Hispalis Nervión,8.8,162.0,0 estrellas,0 llaves,Sevilla,Amimir,Sevilla,serendipity hispalis nervion
Enjoy Sevilla Familia,7.5,202.0,0 estrellas,0 llaves,Sevilla,Amimir,Sevilla,enjoy familia
Pensión Romero,8.5,127.0,0 estrellas,0 llaves,Sevilla,Amimir,Sevilla,romero
Atlumbreras16,9.1,143.0,0 estrellas,0 llaves,Sevilla,Amimir,Sevilla,atlumbreras
La Casa Del Corral Triana Collection Apartment,9.2,201.0,0 estrellas,0 llaves,Sevilla,Amimir,Sevilla,casa corral triana collection
New! Luxurious & Chic Duplex Next To The Cathedral,7.8,170.0,0 estrellas,0 llaves,Sevilla,Amimir,Sevilla,new! luxurious & chic duplex next to the cathedral
Apartamento Macarena Junto A La Basílica De La Macarena,8.9,166.0,0 estrellas,0 llaves,Sevilla,Amimir,Sevilla,macarena junto a basilica macarena
Bella Vista Modern & Luxury,7.1,149.0,0 estrellas,0 llaves,Sevilla,Amimir,Sevilla,bella vista modern & luxury
Nice Apartment Centro Histórico,8.7,140.0,0 estrellas,0 llaves,Sevilla,Amimir,Sevilla,nice centro historico
Triana,8.9,115.0,0 estrellas,0 llaves,Sevilla,Amimir,Sevilla,triana
Hostel Ikigai,9.0,32.0,0 estrellas,0 llaves,Sevilla,Amimir,Sevilla,ikigai
Carmen De Triana,9.7,191.0,0 estrellas,0 llaves,Sevilla,Amimir,Sevilla,carmen triana
A3 Estudio Centro Alameda Feria,8.0,141.0,0 estrellas,0 llaves,Sevilla,Amimir,Sevilla,a estudio centro alameda feria
Segura Donkey,8.5,114.0,0 estrellas,0 llaves,Sevilla,Amimir,Sevilla,segura donkey
"Lumbreras 42 Apartamento, Desayuno De Cortesía, Cerca De Isla Mágica",9.3,111.0,0 estrellas,0 llaves,Sevilla,Amimir,Sevilla,lumbreras desayuno cortesia cerca isla magica
Enorme Y Luminoso Apartamento Para 13 Personas Con Balcones En El Corazón De Sevilla,7.5,762.0,0 estrellas,0 llaves,Sevilla,Amimir,Sevilla,enorme luminoso para personas con balcones
Penthouse Asuncion Feria,9.3,195.0,0 estrellas,0 llaves,Sevilla,Amimir,Sevilla,penthouse asuncion feria
Futurotel Sevilla,7.7,63.0,0 estrellas,0 llaves,Sevilla,Amimir,Sevilla,futurotel
Modern Spacious Apartment Central Of Seville,9.3,141.0,0 estrellas,0 llaves,Sevilla,Amimir,Sevilla,modern spacious central of
Hostal San Vicente II,9.1,66.0,0 estrellas,0 llaves,Sevilla,Amimir,Sevilla,san vicente ii
Apartamento San Jacinto III,9.3,129.0,0 estrellas,0 llaves,Sevilla,Amimir,Sevilla,san jacinto iii
Triana Riverside,8.7,58.0,0 estrellas,0 llaves,Sevilla,Amimir,Sevilla,triana riverside
"Apartamento Torneo, Aires De Guadalquivir",9.0,116.0,0 estrellas,0 llaves,Sevilla,Amimir,Sevilla,torneo aires guadalquivir
Apartamentos Terra Triana,9.3,185.0,0 estrellas,0 llaves,Sevilla,Amimir,Sevilla,terra triana
Le Petit Paris,7.8,45.0,0 estrellas,0 llaves,Sevilla,Amimir,Sevilla,le petit paris
Hotel Isla Menor,7.9,70.0,1 estrellas,0 llaves,Dos Hermanas,Amimir,Sevilla,isla menor
"Apartamento Céntrico En La Calle Cruz Verde, 10",7.8,151.0,0 estrellas,0 llaves,Sevilla,Amimir,Sevilla,centrico
Apartamentos Montevideo 6,8.6,174.0,0 estrellas,0 llaves,Sevilla,Amimir,Sevilla,montevideo
Apartamento San Jacinto,9.0,129.0,0 estrellas,0 llaves,Sevilla,Amimir,Sevilla,san jacinto
Isg Apartments Faustino 45,8.4,277.0,0 estrellas,0 llaves,Sevilla,Amimir,Sevilla,isg faustino
Ático Terraza Privada Tetuán,9.3,430.0,0 estrellas,0 llaves,Sevilla,Amimir,Sevilla,atico terraza privada tetuan
Fray Isidoro Apartment,8.5,115.0,0 estrellas,0 llaves,Sevilla,Amimir,Sevilla,fray isidoro
Isg Apartments Estudio En La Alameda 2,8.6,155.0,0 estrellas,0 llaves,Sevilla,Amimir,Sevilla,isg estudio
Isg Apartments Faustino 45-3,8.3,178.0,0 estrellas,0 llaves,Sevilla,Amimir,Sevilla,isg faustino
Alfareria Ocho,9.1,99.0,0 estrellas,0 llaves,Sevilla,Amimir,Sevilla,alfareria ocho
El Castillo,6.1,61.0,0 estrellas,0 llaves,Alcalá de Guadaira,Amimir,Sevilla,castillo
Isg Apartments Lovely Duplex,8.3,162.0,0 estrellas,0 llaves,Sevilla,Amimir,Sevilla,isg lovely duplex
Triana Backpackers,8.2,20.0,0 estrellas,0 llaves,Sevilla,Amimir,Sevilla,triana backpackers
Pretty Duplex In Bohemian District-city Center,7.9,100.0,0 estrellas,0 llaves,Sevilla,Amimir,Sevilla,pretty duplex in bohemian district city center
Dolium Apartments,8.3,65.0,0 estrellas,0 llaves,Sevilla,Amimir,Sevilla,dolium
Alfareria-sol,8.9,188.0,0 estrellas,0 llaves,Sevilla,Amimir,Sevilla,alfareria sol
Treetriana,8.3,491.0,0 estrellas,0 llaves,Sevilla,Amimir,Sevilla,treetriana
La Casa De Luis De Vargas,8.1,188.0,0 estrellas,0 llaves,Sevilla,Amimir,Sevilla,casa luis vargas
Apartamento San Juan De Dios,8.1,100.0,0 estrellas,0 llaves,Sevilla,Amimir,Sevilla,san juan dios
Epicenter,9.9,455.0,0 estrellas,0 llaves,Sevilla,Amimir,Sevilla,epicenter
Moderno Estudio Junto Al Río,8.2,180.0,0 estrellas,0 llaves,Sevilla,Amimir,Sevilla,moderno estudio junto al rio
Isg Apartments Encantador Estudio En Alameda De Hércules,8.0,151.0,0 estrellas,0 llaves,Sevilla,Amimir,Sevilla,isg encantador estudio
Isg Apartments Modern Atticpool At The Cathedralfree Parking,8.7,934.0,0 estrellas,0 llaves,Sevilla,Amimir,Sevilla,isg modern atticpool at the cathedralfree parking
"Apartamento Macarena, En El Centro De Sevilla",8.0,95.0,0 estrellas,0 llaves,Sevilla,Amimir,Sevilla,macarena
"Apartamento Triana, 5 Mins Centro",8.0,60.0,0 estrellas,0 llaves,Sevilla,Amimir,Sevilla,triana mins centro
El Apartamento De Rosi,7.9,180.0,0 estrellas,0 llaves,Sevilla,Amimir,Sevilla,rosi
Hostal Nervion,7.7,60.0,0 estrellas,0 llaves,Sevilla,Amimir,Sevilla,nervion
Mi Rincon En Triana,8.7,90.0,0 estrellas,0 llaves,Sevilla,Amimir,Sevilla,mi rincon
"Tkm Home Amplió Y Familiar, Terraza Privada",9.8,299.0,0 estrellas,0 llaves,Sevilla,Amimir,Sevilla,tkm home amplio familiar terraza privada
Urban Triana Sevilla,7.7,60.0,0 estrellas,0 llaves,Sevilla,Amimir,Sevilla,urban triana
Serenity Retreat At Seville - Free Parking,7.9,130.0,0 estrellas,0 llaves,Sevilla,Amimir,Sevilla,serenity retreat at free parking
Isg Apartments Luxury Apartment By The Cathedral,8.6,764.0,0 estrellas,0 llaves,Sevilla,Amimir,Sevilla,isg luxury
Charming Apt In The Center - 10m Walk Isla Mágica,7.0,124.0,0 estrellas,0 llaves,Sevilla,Amimir,Sevilla,charming apt in the center m walk isla magica
Cozy&quiet Apt In Sanvicente St Andalusian Patio,8.7,147.0,0 estrellas,0 llaves,Sevilla,Amimir,Sevilla,cozy&quiet apt in sanvicente st andalusian patio
#3# Apartamento Bañera Hidromasaje Sevilla Centro,7.7,182.0,0 estrellas,0 llaves,Sevilla,Amimir,Sevilla,## bañera hidromasaje centro
Apartamento El Cachorro De Triana,8.7,85.0,0 estrellas,0 llaves,Sevilla,Amimir,Sevilla,cachorro triana
Apartamento Celia,9.2,157.0,0 estrellas,0 llaves,Sevilla,Amimir,Sevilla,celia
Luxor 7,7.3,76.0,0 estrellas,0 llaves,Sevilla,Amimir,Sevilla,luxor
Loft Familiar piscina Sevilla Centro,7.5,408.0,0 estrellas,0 llaves,Sevilla,Amimir,Sevilla,loft familiar piscina centro
Isg Apartments Triana 1,9.1,190.0,0 estrellas,0 llaves,Sevilla,Amimir,Sevilla,isg triana
Resolana Home Sevilla,8.1,201.0,0 estrellas,0 llaves,Sevilla,Amimir,Sevilla,resolana home
Rincón De Esperanza,8.3,71.0,0 estrellas,0 llaves,Sevilla,Amimir,Sevilla,rincon esperanza
Apartamento Sevilla Enzo,8.7,100.0,0 estrellas,0 llaves,Sevilla,Amimir,Sevilla,enzo
Estudio Sevilla Centro,7.3,182.0,0 estrellas,0 llaves,Sevilla,Amimir,Sevilla,estudio centro
Apartamento Privado En Triana Full Equip,8.5,120.0,0 estrellas,0 llaves,Sevilla,Amimir,Sevilla,privado
Triana 3 Wifi,8.1,86.0,0 estrellas,0 llaves,Sevilla,Amimir,Sevilla,triana wifi
Estudio Completo A Estrenar En Triana,8.4,89.0,0 estrellas,0 llaves,Sevilla,Amimir,Sevilla,estudio completo a estrenar
Ole Triana,8.6,175.0,0 estrellas,0 llaves,Sevilla,Amimir,Sevilla,ole triana
Urban House Siurot 33,9.0,110.0,0 estrellas,0 llaves,Sevilla,Amimir,Sevilla,urban house siurot
Matisse,8.7,135.0,0 estrellas,0 llaves,Sevilla,Amimir,Sevilla,matisse
Diseño Triana 2 Rooms,8.2,133.0,0 estrellas,0 llaves,Sevilla,Amimir,Sevilla,diseño triana rooms
Isg Apartments Triana Estudio 2,8.4,167.0,0 estrellas,0 llaves,Sevilla,Amimir,Sevilla,isg triana estudio
Resitur Luxury Suit 2,6.5,710.0,0 estrellas,0 llaves,Sevilla,Amimir,Sevilla,resitur luxury suit
Flamenco B&B,8.7,88.0,0 estrellas,0 llaves,Sevilla,Amimir,Sevilla,flamenco b&b
Futurotel Sevilla,6.4,59.0,0 estrellas,0 llaves,Sevilla,Amimir,Sevilla,futurotel
Apartamento Arrayan,7.0,175.0,0 estrellas,0 llaves,Sevilla,Amimir,Sevilla,arrayan
Canvas Sevilla Lago,8.2,70.0,0 estrellas,0 llaves,Sevilla,Amimir,Sevilla,canvas lago
Apartamento Asturias,7.5,71.0,0 estrellas,0 llaves,Sevilla,Amimir,Sevilla,asturias
Limehome Sevilla Calle Torcuato Luca de Tena,8.1,69.0,0 estrellas,0 llaves,Sevilla,Amimir,Sevilla,limehome calle torcuato luca tena
Isg Apartments O'donnell 2-1-free Parking,8.9,429.0,0 estrellas,0 llaves,Sevilla,Amimir,Sevilla,isg o'donnell free parking
Rabadan Brand New Amazing House With Terrace Parking,10.0,835.0,0 estrellas,0 llaves,Sevilla,Amimir,Sevilla,rabadan brand new amazing house
Loft Suite Frutos,8.6,119.0,0 estrellas,0 llaves,Sevilla,Amimir,Sevilla,loft frutos
New Gorgeous 2-bed Apt In Seville Center,8.6,178.0,0 estrellas,0 llaves,Sevilla,Amimir,Sevilla,new gorgeous bed apt in center
Isg Apartments Casa Virginia-alameda,9.4,156.0,0 estrellas,0 llaves,Sevilla,Amimir,Sevilla,isg casa virginia alameda
Isg Puerta Jerez Sevilla 21,9.9,314.0,0 estrellas,0 llaves,Sevilla,Amimir,Sevilla,isg puerta jerez
Tourist House San Eloy,8.7,371.0,0 estrellas,0 llaves,Sevilla,Amimir,Sevilla,tourist house san eloy
Piso Reformado 3 Habitaciones,7.5,125.0,0 estrellas,0 llaves,Sevilla,Amimir,Sevilla,piso reformado habitaciones
Casa Unifamiliar,8.8,134.0,0 estrellas,0 llaves,Sevilla,Amimir,Sevilla,casa unifamiliar
Vice Apartment Seville Centre Alameda Hercules Square,8.4,104.0,0 estrellas,0 llaves,Sevilla,Amimir,Sevilla,vice centre alameda hercules square
Apartamento Manzana,9.5,149.0,0 estrellas,0 llaves,Sevilla,Amimir,Sevilla,manzana
Fibes Lux Sevilla Este.,8.6,78.0,0 estrellas,0 llaves,Sevilla,Amimir,Sevilla,fibes lux este.
Apto Lux Sevilla,8.5,80.0,0 estrellas,0 llaves,Sevilla,Amimir,Sevilla,apto lux
Micampus Rector Estanislao Del Campo,7.6,58.0,0 estrellas,0 llaves,Sevilla,Amimir,Sevilla,micampus rector estanislao campo
Apartamento Doctor Eusebio Leon,7.0,134.0,0 estrellas,0 llaves,Sevilla,Amimir,Sevilla,doctor eusebio leon
Hacienda La Indiana,8.9,117.0,0 estrellas,0 llaves,Los Palacios y Villafranca,Amimir,Sevilla,hacienda indiana
Apartamento Fibes Edificio Lux Sevilla,8.3,75.0,0 estrellas,0 llaves,Sevilla,Amimir,Sevilla,fibes edificio lux
Urbion Home,8.7,115.0,0 estrellas,0 llaves,Sevilla,Amimir,Sevilla,urbion home
Whitey Aparment In Triana,7.1,308.0,0 estrellas,0 llaves,Sevilla,Amimir,Sevilla,whitey in triana
Alojamiento Rural Finca Barral,9.1,145.0,0 estrellas,0 llaves,Sevilla,Amimir,Sevilla,alojamiento rural finca barral
Se - Peaceful Shiny Apartment Near Fibes,7.5,101.0,0 estrellas,0 llaves,Sevilla,Amimir,Sevilla,se peaceful shiny near fibes
Apartamento Reformado Parking Gratis,7.4,115.0,0 estrellas,0 llaves,Sevilla,Amimir,Sevilla,reformado parking gratis
Arte Y Descanso En Sevilla,8.1,224.0,0 estrellas,0 llaves,Sevilla,Amimir,Sevilla,arte descanso
Camping Cuevas Mar,8.1,47.0,0 estrellas,0 llaves,Palomares del Río,Amimir,Sevilla,camping cuevas mar
Hostal Nueva Andalucia,6.9,35.0,0 estrellas,0 llaves,Alcalá de Guadaira,Amimir,Sevilla,nueva andalucia
La Casa De Los Viajantes,6.6,405.0,0 estrellas,0 llaves,Sevilla,Amimir,Sevilla,casa viajantes
Apartamento Brisas,7.9,108.0,0 estrellas,0 llaves,Sevilla,Amimir,Sevilla,brisas
Apartamento Cerca Del Aereopuerto,6.7,64.0,0 estrellas,0 llaves,Sevilla,Amimir,Sevilla,cerca aereopuerto
Abba,8.3,76.0,0 estrellas,0 llaves,Sevilla,Amimir,Sevilla,abba
"Casa Rural Familiar , Castilleja Del Campo , Sevilla",8.4,97.0,0 estrellas,0 llaves,Sevilla,Amimir,Sevilla,casa rural familiar castilleja campo
El Rincón De Leandro By Shs,,207.0,0 estrellas,0 llaves,Sevilla,Amimir,Sevilla,rincon leandro
Refugio Vanguardista En Calle Feria,9.2,199.0,0 estrellas,0 llaves,Sevilla,Amimir,Sevilla,refugio vanguardista
Magdalena Luxury House,,309.0,0 estrellas,0 llaves,Sevilla,Amimir,Sevilla,magdalena luxury house
Apartamentos Turisticos Resitur,7.6,58.0,0 estrellas,0 llaves,Sevilla,Amimir,Sevilla,turisticos resitur
El Mirador Del Castillo,7.2,57.0,0 estrellas,0 llaves,Constantina,Amimir,Sevilla,mirador castillo
Suite Triana Sevilla,8.8,67.0,0 estrellas,0 llaves,Sevilla,Amimir,Sevilla,triana
180home Glamuroso Apartamento En Triana,8.4,170.0,0 estrellas,0 llaves,Sevilla,Amimir,Sevilla,home glamuroso
Loft Acogedor,9.6,94.0,0 estrellas,0 llaves,Sevilla,Amimir,Sevilla,loft acogedor
Oasis Sevilla Congresos,8.6,64.0,0 estrellas,0 llaves,Sevilla,Amimir,Sevilla,oasis congresos
Estudio La Casa Del Museo,,178.0,0 estrellas,0 llaves,Sevilla,Amimir,Sevilla,estudio casa museo
Apartamento Industrial 1 Dormitorio Y Garaje,9.0,134.0,0 estrellas,0 llaves,Sevilla,Amimir,Sevilla,industrial dormitorio garaje
Tiny House El Sol,9.1,95.0,0 estrellas,0 llaves,Sevilla,Amimir,Sevilla,tiny house sol
Reflection,,110.0,0 estrellas,0 llaves,Sevilla,Amimir,Sevilla,reflection
Piso En La Oliva Bien Comunicado,7.5,199.0,0 estrellas,0 llaves,Sevilla,Amimir,Sevilla,piso
Petit Apartment Los Remedios,,171.0,0 estrellas,0 llaves,Sevilla,Amimir,Sevilla,petit remedios
J&n Apartament La Palmera 2,7.1,114.0,0 estrellas,0 llaves,Sevilla,Amimir,Sevilla,j&n apartament palmera
Campanilla N`28,9.5,170.0,0 estrellas,0 llaves,Sevilla,Amimir,Sevilla,campanilla n`
La Clara Domus,9.1,81.0,0 estrellas,0 llaves,Sevilla,Amimir,Sevilla,clara domus
Limehome Sevilla Ronda de Capuchinos,8.8,118.0,4,,"Centro histórico de Sevilla, Sevilla",Booking,Sevilla,limehome ronda capuchinos
Basic Hotel Doña Manuela,8.8,95.0,2,,"Centro histórico de Sevilla, Sevilla",Booking,Sevilla,basic doña manuela
Catalonia Santa Justa,9.0,80.0,4,,"San Pablo-Santa Justa, Sevilla",Booking,Sevilla,catalonia santa justa
Hotel Pasarela,7.8,81.0,4,,"Sur, Sevilla",Booking,Sevilla,pasarela
Pensión Javier,7.4,26.0,1,,"Centro histórico de Sevilla, Sevilla",Booking,Sevilla,javier
M.A. Hotel Sevilla Congresos,8.4,77.0,4,,"Este, Sevilla",Booking,Sevilla,m.a. congresos
Exe Sevilla Palmera,8.2,111.0,4,,"Sur, Sevilla",Booking,Sevilla,exe palmera
Hostal Trajano,7.9,35.0,1,,"Centro histórico de Sevilla, Sevilla",Booking,Sevilla,trajano
Hostal Sierpes,8.0,45.0,1,,"Centro histórico de Sevilla, Sevilla",Booking,Sevilla,sierpes
Hotel Macià Sevilla Kubb,8.6,96.0,4,,"Nervión, Sevilla",Booking,Sevilla,macià kubb
La Puerta de Palacio - Adults Only,8.6,59.0,0,,"Centro histórico de Sevilla, Sevilla",Booking,Sevilla,puerta palacio
Vértice Sevilla,8.4,81.0,4,,"Este, Sevilla",Booking,Sevilla,vertice
Hostal La Muralla,7.6,47.0,1,,"Centro histórico de Sevilla, Sevilla",Booking,Sevilla,muralla
Monte Carmelo,9.1,96.0,4,,"Los Remedios, Sevilla",Booking,Sevilla,monte carmelo
Hotel Patio de las Cruces,8.0,59.0,1,,"Centro histórico de Sevilla, Sevilla",Booking,Sevilla,patio las cruces
"Micampus Estanislao del Campo, Student Residence",7.4,56.0,0,,"Bellavista - Palmera, Sevilla",Booking,Sevilla,micampus estanislao campo student residence
Hotel Alcázar,8.2,80.0,3,,"Centro histórico de Sevilla, Sevilla",Booking,Sevilla,alcazar
Hostal Sevilla Santa Justa - Adults only,8.7,59.0,1,,"Nervión, Sevilla",Booking,Sevilla,santa justa
Apartamentos Sevilla Este by QHotels,8.6,64.0,4,,"Este, Sevilla",Booking,Sevilla,este
Cool Sevilla Hotel,8.0,60.0,2,,"Centro histórico de Sevilla, Sevilla",Booking,Sevilla,cool
nüa alameda,8.3,65.0,4,,"Centro histórico de Sevilla, Sevilla",Booking,Sevilla,nüa alameda
Virgen de los Reyes,8.3,106.0,4,,"San Pablo-Santa Justa, Sevilla",Booking,Sevilla,virgen reyes
Novotel Sevilla,8.5,109.0,4,,"Nervión, Sevilla",Booking,Sevilla,novotel
Hostal Hom Museo,8.7,55.0,1,,"Centro histórico de Sevilla, Sevilla",Booking,Sevilla,hom museo
Zaida Boutique Hotel,8.3,81.0,3,,"Centro histórico de Sevilla, Sevilla",Booking,Sevilla,zaida
Hotel Goya,8.2,55.0,2,,"Centro histórico de Sevilla, Sevilla",Booking,Sevilla,goya
Petit Palace Vargas,8.9,108.0,2,,"Centro histórico de Sevilla, Sevilla",Booking,Sevilla,petit palace vargas
Reyes Católicos,8.0,90.0,3,,"Centro histórico de Sevilla, Sevilla",Booking,Sevilla,reyes catolicos
Zenit Sevilla,9.0,112.0,4,,"Triana, Sevilla",Booking,Sevilla,zenit
Ibis Styles Sevilla City Santa Justa,8.7,81.0,3,,"Nervión, Sevilla",Booking,Sevilla,ibis styles city santa justa
NH Collection Sevilla,8.8,120.0,4,,"Nervión, Sevilla",Booking,Sevilla,nh collection
Occidental Sevilla Viapol,8.9,115.0,4,,"Nervión, Sevilla",Booking,Sevilla,occidental viapol
Hotel Don Paco,8.1,65.0,3,,"Centro histórico de Sevilla, Sevilla",Booking,Sevilla,don paco
Hostal Jentoft,7.8,44.0,2,,"Centro histórico de Sevilla, Sevilla",Booking,Sevilla,jentoft
Apartamentos Resitur,7.8,65.0,3,,"Triana, Sevilla",Booking,Sevilla,resitur
AC Hotel Ciudad de Sevilla by Marriott,8.6,130.0,4,,"Sur, Sevilla",Booking,Sevilla,ac ciudad
Hostal San Vicente II,8.9,67.0,4,,"Nervión, Sevilla",Booking,Sevilla,san vicente ii
Hesperia Sevilla,8.9,133.0,4,,"Nervión, Sevilla",Booking,Sevilla,hesperia
AC Hotel Sevilla Fórum by Marriott,8.2,98.0,4,,"Este, Sevilla",Booking,Sevilla,ac forum
Casa Boutique La Pila del Pato,8.6,59.0,1,,"Centro histórico de Sevilla, Sevilla",Booking,Sevilla,casa pila pato
Hotel Sevilla Center,8.8,122.0,4,,"Nervión, Sevilla",Booking,Sevilla,center
Porcel Torneo,8.6,97.0,4,,"Macarena, Sevilla",Booking,Sevilla,porcel torneo
Hotel Doña Blanca,8.1,73.0,2,,"Centro histórico de Sevilla, Sevilla",Booking,Sevilla,doña blanca
Hemd Hotels Puerta Real Boutique,8.5,114.0,2,,"Centro histórico de Sevilla, Sevilla",Booking,Sevilla,hemd puerta real
Ibis Budget Sevilla Aeropuerto,7.6,60.0,1,,"Macarena Norte, Sevilla",Booking,Sevilla,ibis budget aeropuerto
HOSTAL NERVION,7.7,60.0,4,,"Nervión, Sevilla",Booking,Sevilla,nervion
Le Petit Paris,7.9,51.0,3,,"Centro histórico de Sevilla, Sevilla",Booking,Sevilla,le petit paris
Urban Cube Hostel Sevilla,8.8,36.0,0,,"Nervión, Sevilla",Booking,Sevilla,urban cube
Ribera de Triana Hotel,9.0,116.0,4,,"Triana, Sevilla",Booking,Sevilla,ribera triana
Petit Palace Canalejas Sevilla,8.3,90.0,2,,"Centro histórico de Sevilla, Sevilla",Booking,Sevilla,petit palace canalejas
El Viajero en Sevilla,8.6,54.0,0,,"Centro histórico de Sevilla, Sevilla",Booking,Sevilla,viajero
Apartamentos Vértice Bib Rambla,8.6,70.0,2,,"Este, Sevilla",Booking,Sevilla,vertice bib rambla
Catalonia Hispalis,8.2,60.0,3,,"Cerro - Amate, Sevilla",Booking,Sevilla,catalonia hispalis
Hilton Garden Inn Sevilla,8.6,97.0,4,,"Macarena Norte, Sevilla",Booking,Sevilla,hilton garden inn
Hotel Cervantes,8.7,129.0,4,,"Centro histórico de Sevilla, Sevilla",Booking,Sevilla,cervantes
Urban House Siurot 33,8.8,110.0,4,,"Sur, Sevilla",Booking,Sevilla,urban house siurot
Hotel San Pablo Sevilla,8.0,62.0,3,,"Este, Sevilla",Booking,Sevilla,san pablo
Exe Isla Cartuja,8.3,123.0,4,,"Isla de La Cartuja, Sevilla",Booking,Sevilla,exe isla cartuja
Pensión Riosol,7.0,52.0,1,,"Centro histórico de Sevilla, Sevilla",Booking,Sevilla,riosol
Casona de San Andrés Boutique Hotel,8.5,112.0,3,,"Centro histórico de Sevilla, Sevilla",Booking,Sevilla,casona san andres
Melia Sevilla,8.6,135.0,4,,"Sur, Sevilla",Booking,Sevilla,melia
Petit Palace Puerta de Triana,8.7,112.0,3,,"Centro histórico de Sevilla, Sevilla",Booking,Sevilla,petit palace puerta triana
Melia Lebreros,8.8,133.0,4,,"Nervión, Sevilla",Booking,Sevilla,melia lebreros
Pensión La Montoreña,7.4,30.0,0,,"Centro histórico de Sevilla, Sevilla",Booking,Sevilla,montoreña
Exe Sevilla Macarena,8.1,136.0,4,,"Macarena, Sevilla",Booking,Sevilla,exe macarena
CSE Casa Catedral,7.9,70.0,4,,"Centro histórico de Sevilla, Sevilla",Booking,Sevilla,cse casa catedral
Monte Triana,9.0,114.0,4,,"Triana, Sevilla",Booking,Sevilla,monte triana
Catalonia Giralda,8.8,115.0,4,,"Centro histórico de Sevilla, Sevilla",Booking,Sevilla,catalonia giralda
Hotel Plaza,8.3,74.0,3,,"Centro histórico de Sevilla, Sevilla",Booking,Sevilla,plaza
nüa cicerone,8.2,75.0,3,,"Centro histórico de Sevilla, Sevilla",Booking,Sevilla,nüa cicerone
Hostal Callejon del Agua,8.3,65.0,4,,"Centro histórico de Sevilla, Sevilla",Booking,Sevilla,callejon agua
Futurotel Sevilla,7.6,55.0,0,,"Los Remedios, Sevilla",Booking,Sevilla,futurotel
Hotel Derby Sevilla,8.6,114.0,3,,"Centro histórico de Sevilla, Sevilla",Booking,Sevilla,derby
Hotel AACR Museo,8.4,81.0,3,,"Centro histórico de Sevilla, Sevilla",Booking,Sevilla,aacr museo
Hotel Baco,7.7,68.0,2,,"Centro histórico de Sevilla, Sevilla",Booking,Sevilla,baco
Hotel Alcántara,8.7,79.0,2,,"Centro histórico de Sevilla, Sevilla",Booking,Sevilla,alcantara
NH Sevilla Plaza de Armas,8.7,149.0,4,,"Centro histórico de Sevilla, Sevilla",Booking,Sevilla,nh plaza armas
Suites Hom Sevilla,9.0,90.0,4,,"Centro histórico de Sevilla, Sevilla",Booking,Sevilla,hom
Adriano Boutique Sevilla,9.0,95.0,3,,"Centro histórico de Sevilla, Sevilla",Booking,Sevilla,adriano
Hostal Santa Catalina,7.4,55.0,1,,"Centro histórico de Sevilla, Sevilla",Booking,Sevilla,santa catalina
Barceló Sevilla Renacimiento,8.8,129.0,5,,"Triana, Sevilla",Booking,Sevilla,barcelo renacimiento
Welldone Sierpes Boutique,8.8,91.0,1,,"Centro histórico de Sevilla, Sevilla",Booking,Sevilla,welldone sierpes
nüa santiago15,8.6,75.0,4,,"Centro histórico de Sevilla, Sevilla",Booking,Sevilla,nüa santiago
Basic Hotel Puerta de Sevilla,8.3,115.0,1,,"Centro histórico de Sevilla, Sevilla",Booking,Sevilla,basic puerta
Apartamentos Puerta del Sur,7.7,55.0,3,,"Bellavista - Palmera, Sevilla",Booking,Sevilla,puerta sur
Hotel Venecia,8.4,58.0,3,,"Centro histórico de Sevilla, Sevilla",Booking,Sevilla,venecia
Apartamentos Dolium,8.3,65.0,4,,"Triana, Sevilla",Booking,Sevilla,dolium
Hotel Boutique Casa de Colón,8.5,120.0,3,,"Centro histórico de Sevilla, Sevilla",Booking,Sevilla,casa colon
BYPILLOW Abril,9.0,86.0,2,,"Centro histórico de Sevilla, Sevilla",Booking,Sevilla,bypillow abril
Colectia Hotel Santa Lucía,8.3,82.0,3,,"Centro histórico de Sevilla, Sevilla",Booking,Sevilla,colectia santa lucia
Hotel Simon,8.6,61.0,1,,"Centro histórico de Sevilla, Sevilla",Booking,Sevilla,simon
Un Patio al Sur,8.8,76.0,2,,"Centro histórico de Sevilla, Sevilla",Booking,Sevilla,un patio al sur
Catedral Boutique,8.1,66.0,2,,"Centro histórico de Sevilla, Sevilla",Booking,Sevilla,catedral
Eurostars Guadalquivir,9.1,177.0,4,,"Los Remedios, Sevilla",Booking,Sevilla,eurostars guadalquivir
Apartamentos Magna Sevilla,7.8,87.0,3,,"Centro histórico de Sevilla, Sevilla",Booking,Sevilla,magna
Hotel Doña Lina,8.7,92.0,2,,"Centro histórico de Sevilla, Sevilla",Booking,Sevilla,doña lina
MDD4 Health Experience Hotel - Adults Only,8.9,100.0,2,,"Centro histórico de Sevilla, Sevilla",Booking,Sevilla,mdd health experience
room00 Salvador Hostel,8.7,25.0,0,,"Centro histórico de Sevilla, Sevilla",Booking,Sevilla,room salvador
Letoh Letoh Sevilla,8.9,107.0,0,,"Centro histórico de Sevilla, Sevilla",Booking,Sevilla,letoh letoh
Soho Boutique Sevilla,8.5,129.0,3,,"Centro histórico de Sevilla, Sevilla",Booking,Sevilla,soho
Ibis Sevilla,8.0,65.0,1,,"Macarena Norte, Sevilla",Booking,Sevilla,ibis
nüa santa cruz,8.2,81.0,4,,"Centro histórico de Sevilla, Sevilla",Booking,Sevilla,nüa santa cruz
Eurostars Al-Ándalus Palace,8.5,223.0,4,,"Bellavista - Palmera, Sevilla",Booking,Sevilla,eurostars al andalus palace
Hotel Bécquer,9.2,144.0,4,,"Centro histórico de Sevilla, Sevilla",Booking,Sevilla,becquer
Hotel Tayko Sevilla,9.4,163.0,4,,"Centro histórico de Sevilla, Sevilla",Booking,Sevilla,tayko
room Select Tetuán,8.6,85.0,4,,"Centro histórico de Sevilla, Sevilla",Booking,Sevilla,room select tetuan
Itaca Artemisa by Soho Boutique,8.2,94.0,3,,"Centro histórico de Sevilla, Sevilla",Booking,Sevilla,itaca artemisa
Serendipity Hispalis Nervión,8.9,162.0,4,,"Nervión, Sevilla",Booking,Sevilla,serendipity hispalis nervion
Welldone Quality - Crystal pool,8.7,95.0,2,,"Centro histórico de Sevilla, Sevilla",Booking,Sevilla,welldone quality crystal pool
Hotel Duquesa,7.8,66.0,3,,"Centro histórico de Sevilla, Sevilla",Booking,Sevilla,duquesa
LIRIUM Casa Patio,9.2,77.0,4,,"Centro histórico de Sevilla, Sevilla",Booking,Sevilla,lirium casa patio
Black Swan Hostel Sevilla,8.6,20.0,0,,"Centro histórico de Sevilla, Sevilla",Booking,Sevilla,black swan
Hostal Roma,7.0,50.0,3,,"Centro histórico de Sevilla, Sevilla",Booking,Sevilla,roma
The Nomad Hostel&Pension,8.5,19.0,0,,"Centro histórico de Sevilla, Sevilla",Booking,Sevilla,the nomad &
U-Sense Sevilla Centro,8.9,96.0,3,,"Centro histórico de Sevilla, Sevilla",Booking,Sevilla,u sense centro
ON Suites Sevilla Apartments,8.9,95.0,4,,"Centro histórico de Sevilla, Sevilla",Booking,Sevilla,on
Hotel Doña María,8.8,157.0,4,,"Centro histórico de Sevilla, Sevilla",Booking,Sevilla,doña maria
Hotel Europa Boutique Sevilla,8.2,75.0,1,,"Centro histórico de Sevilla, Sevilla",Booking,Sevilla,europa
Micampus Armendariz Student Residence,7.8,60.0,0,,"Bellavista - Palmera, Sevilla",Booking,Sevilla,micampus armendariz student residence
Hotel Palacio Alcázar,8.5,129.0,4,,"Centro histórico de Sevilla, Sevilla",Booking,Sevilla,palacio alcazar
Hostal Lis,7.3,45.0,1,,"Centro histórico de Sevilla, Sevilla",Booking,Sevilla,lis
Singular Corral de San José,8.2,115.0,4,,"Centro histórico de Sevilla, Sevilla",Booking,Sevilla,singular corral san jose
Canvas Sevilla Lago,7.7,70.0,0,,"Triana, Sevilla",Booking,Sevilla,canvas lago
Nuevo Suizo,7.4,16.0,0,,"Centro histórico de Sevilla, Sevilla",Booking,Sevilla,nuevo suizo
Singular Metropol,8.7,101.0,4,,"Centro histórico de Sevilla, Sevilla",Booking,Sevilla,singular metropol
Hostal Casa Del Buen Viaje,8.2,65.0,1,,"Centro histórico de Sevilla, Sevilla",Booking,Sevilla,casa buen viaje
nüa giralda,8.4,81.0,2,,"Centro histórico de Sevilla, Sevilla",Booking,Sevilla,nüa giralda
Hostal Roomsole,7.6,63.0,3,,"Centro histórico de Sevilla, Sevilla",Booking,Sevilla,roomsole
Welldone Metropol,8.2,120.0,1,,"Centro histórico de Sevilla, Sevilla",Booking,Sevilla,welldone metropol
BYPILLOW Residence Abril,8.8,110.0,4,,"Centro histórico de Sevilla, Sevilla",Booking,Sevilla,bypillow residence abril
Casa Palacio Don Pedro,8.1,62.0,2,,"Centro histórico de Sevilla, Sevilla",Booking,Sevilla,casa palacio don pedro
Welldone Cathedral,8.5,177.0,4,,"Centro histórico de Sevilla, Sevilla",Booking,Sevilla,welldone cathedral
Smartr Sevilla Puente de Triana,9.1,132.0,4,,"Centro histórico de Sevilla, Sevilla",Booking,Sevilla,smartr puente triana
Plaza de Armas,8.8,131.0,4,,"Centro histórico de Sevilla, Sevilla",Booking,Sevilla,plaza armas
"Alysé Apartments Alfalfa, by Homing U",9.2,125.0,4,,"Centro histórico de Sevilla, Sevilla",Booking,Sevilla,alyse alfalfa
Holiday Rentals Los Salados,8.2,130.0,4,,"Centro histórico de Sevilla, Sevilla",Booking,Sevilla,holiday rentals salados
Un Patio en Santa Cruz,8.4,90.0,2,,"Centro histórico de Sevilla, Sevilla",Booking,Sevilla,un patio
Turistic Apartment Sevillanos SL,8.6,65.0,0,,"Centro histórico de Sevilla, Sevilla",Booking,Sevilla,turistic nos sl
Apartamentos Los Angeles,8.6,130.0,4,,"Centro histórico de Sevilla, Sevilla",Booking,Sevilla,angeles
Noches en Triana,7.9,69.0,2,,"Triana, Sevilla",Booking,Sevilla,noches
Reservaloen Terrazas de la Catedral,8.4,130.0,4,,"Centro histórico de Sevilla, Sevilla",Booking,Sevilla,reservaloen terrazas catedral
"PENSION VERGARA , Sevilla",6.0,32.0,1,,"Centro histórico de Sevilla, Sevilla",Booking,Sevilla,vergara
Sercotel Las Casas de los Mercaderes,8.6,149.0,3,,"Centro histórico de Sevilla, Sevilla",Booking,Sevilla,sercotel las casas mercaderes
Pension Gala,6.7,30.0,1,,"Centro histórico de Sevilla, Sevilla",Booking,Sevilla,gala
Rooms Cruz Roja,9.0,43.0,0,,"Macarena, Sevilla",Booking,Sevilla,rooms cruz roja
Suites Sevilla Plaza,9.2,155.0,2,,"Centro histórico de Sevilla, Sevilla",Booking,Sevilla,plaza
Hotel América Sevilla,8.7,158.0,4,,"Centro histórico de Sevilla, Sevilla",Booking,Sevilla,america
Hotel Giralda Center,9.2,166.0,4,,"Nervión, Sevilla",Booking,Sevilla,giralda center
bambu hostel capsules,6.4,29.0,0,,"San Pablo-Santa Justa, Sevilla",Booking,Sevilla,bambu capsules
Guesthouse Room & Studio Seville La Flamenka,8.1,90.0,0,,"Centro histórico de Sevilla, Sevilla",Booking,Sevilla,room & studio flamenka
Smartr Sevilla Las Dueñas,8.1,127.0,4,,"Centro histórico de Sevilla, Sevilla",Booking,Sevilla,smartr las dueñas
Hostel Ikigai,9.1,29.0,0,,"Los Remedios, Sevilla",Booking,Sevilla,ikigai
One Shot Conde Torrejón,8.7,105.0,4,,"Centro histórico de Sevilla, Sevilla",Booking,Sevilla,one shot conde torrejon
Hotel Palace Sevilla,8.2,88.0,3,,"Centro histórico de Sevilla, Sevilla",Booking,Sevilla,palace
Singular Virgenes,7.9,119.0,3,,"Centro histórico de Sevilla, Sevilla",Booking,Sevilla,singular virgenes
Casual de las Letras Sevilla,8.6,86.0,2,,"Centro histórico de Sevilla, Sevilla",Booking,Sevilla,casual las letras
Eurostars Sevilla Boutique,9.0,270.0,4,,"Centro histórico de Sevilla, Sevilla",Booking,Sevilla,eurostars
Soho Boutique Catedral,9.0,175.0,4,,"Centro histórico de Sevilla, Sevilla",Booking,Sevilla,soho catedral
Apartamentos Setas Center,8.8,146.0,4,,"Centro histórico de Sevilla, Sevilla",Booking,Sevilla,setas center
Hostal Paco´s,7.1,50.0,0,,"Centro histórico de Sevilla, Sevilla",Booking,Sevilla,paco´s
Reservaloen Plaza del Salvador,8.1,115.0,4,,"Centro histórico de Sevilla, Sevilla",Booking,Sevilla,reservaloen plaza salvador
ISA Sevilla Suites,7.8,94.0,0,,"Centro histórico de Sevilla, Sevilla",Booking,Sevilla,isa
La Flamenka Hostel,8.1,17.0,0,,"Centro histórico de Sevilla, Sevilla",Booking,Sevilla,flamenka
La Casa del Maestro Boutique,8.9,90.0,1,,"Centro histórico de Sevilla, Sevilla",Booking,Sevilla,casa maestro
Hoteles del Sur,8.3,74.0,4,,"Centro histórico de Sevilla, Sevilla",Booking,Sevilla,sur
Hotel Las Casas de la Judería,8.8,134.0,4,,"Centro histórico de Sevilla, Sevilla",Booking,Sevilla,las casas juderia
Lolita's house torre del oro,8.8,145.0,4,,"Centro histórico de Sevilla, Sevilla",Booking,Sevilla,lolita's house torre oro
Petit Palace Marques Santa Ana,8.7,158.0,4,,"Centro histórico de Sevilla, Sevilla",Booking,Sevilla,petit palace marques santa ana
Terra Triana Apartments,9.4,185.0,4,,"Triana, Sevilla",Booking,Sevilla,terra triana
Mercer Residences Sevilla,9.2,198.0,4,,"Centro histórico de Sevilla, Sevilla",Booking,Sevilla,mercer residences
Basic Hotel Sevilla Catedral,8.6,99.0,0,,"Centro histórico de Sevilla, Sevilla",Booking,Sevilla,basic catedral
"Apartamento Triana, 5 mins centro",8.1,61.0,4,,"Triana, Sevilla",Booking,Sevilla,triana mins centro
Only YOU Hotel Sevilla,9.4,270.0,5,,"Nervión, Sevilla",Booking,Sevilla,only you
Hotel Boutique Elvira Plaza,8.2,104.0,3,,"Centro histórico de Sevilla, Sevilla",Booking,Sevilla,elvira plaza
Hotel Murillo,8.3,294.0,2,,"Centro histórico de Sevilla, Sevilla",Booking,Sevilla,murillo
Hotel Boutique Triana House,9.2,317.0,0,,"Triana, Sevilla",Booking,Sevilla,triana house
Itaca Sevilla by Soho Boutique,8.6,140.0,3,,"Centro histórico de Sevilla, Sevilla",Booking,Sevilla,itaca
Apartamentos Core Suite Sevilla,9.0,95.0,4,,"Centro histórico de Sevilla, Sevilla",Booking,Sevilla,core
Apartamentos Luxsevilla Palacio,7.0,60.0,3,,"Este, Sevilla",Booking,Sevilla,lux palacio
Vincci Selección Unuk 5 GL,9.1,309.0,5,,"Centro histórico de Sevilla, Sevilla",Booking,Sevilla,vincci seleccion unuk gl
Mylu Suites by Puerta Catedral,9.2,171.0,4,,"Centro histórico de Sevilla, Sevilla",Booking,Sevilla,mylu
Hotel y Apartamentos Doña Lola,7.7,63.0,2,,"Centro histórico de Sevilla, Sevilla",Booking,Sevilla,doña lola
New Samay Hostel,8.7,24.0,0,,"Centro histórico de Sevilla, Sevilla",Booking,Sevilla,new samay
Hotel San Gil,8.3,102.0,4,,"Centro histórico de Sevilla, Sevilla",Booking,Sevilla,san gil
Las Atarazanas - Design Hostal,8.5,58.0,4,,"Centro histórico de Sevilla, Sevilla",Booking,Sevilla,las atarazanas design
Hotel Gravina 51,9.5,256.0,4,,"Centro histórico de Sevilla, Sevilla",Booking,Sevilla,gravina
Intelier Casa de Indias,9.2,140.0,4,,"Centro histórico de Sevilla, Sevilla",Booking,Sevilla,intelier casa indias
Hotel Rey Alfonso X,9.4,143.0,4,,"Centro histórico de Sevilla, Sevilla",Booking,Sevilla,rey alfonso x
LA SUITE DEL CONDE LUXURY SUITES,9.8,101.0,0,,"Centro histórico de Sevilla, Sevilla",Booking,Sevilla,conde luxury
Sevilla Home Center Suites,9.2,174.0,4,,"Centro histórico de Sevilla, Sevilla",Booking,Sevilla,home center
Hostal Alcobia,5.8,40.0,2,,"Centro histórico de Sevilla, Sevilla",Booking,Sevilla,alcobia
Apartamentos Plaza Nueva,8.3,222.0,4,,"Centro histórico de Sevilla, Sevilla",Booking,Sevilla,plaza nueva
Apartamentos RG Suites Jardines de Murillo,8.7,300.0,4,,"Nervión, Sevilla",Booking,Sevilla,rg jardines murillo
La Banda Suites,8.7,87.0,3,,"Centro histórico de Sevilla, Sevilla",Booking,Sevilla,banda
Triana Riverside,8.7,58.0,0,,"Triana, Sevilla",Booking,Sevilla,triana riverside
"ELEVEN Real de la Carretería, by Homing U",9.0,247.0,4,,"Centro histórico de Sevilla, Sevilla",Booking,Sevilla,eleven real carreteria
Sol y Luna de Triana,8.6,110.0,4,,"Triana, Sevilla",Booking,Sevilla,sol luna triana
Hotel Lobby,9.4,468.0,5,,"Centro histórico de Sevilla, Sevilla",Booking,Sevilla,lobby
Palacio Bucarelli,9.1,206.0,4,,"Centro histórico de Sevilla, Sevilla",Booking,Sevilla,palacio bucarelli
Aguilas5 SevillaSuites,9.5,229.0,4,,"Centro histórico de Sevilla, Sevilla",Booking,Sevilla,aguilas
EME Catedral Mercer Hotel,8.4,198.0,5,,"Centro histórico de Sevilla, Sevilla",Booking,Sevilla,eme catedral mercer
Hotel Amadeus Sevilla,9.1,306.0,4,,"Centro histórico de Sevilla, Sevilla",Booking,Sevilla,amadeus
Apartamentos Gravina 56,9.4,236.0,4,,"Centro histórico de Sevilla, Sevilla",Booking,Sevilla,gravina
Hotel Murillo Reinoso,9.3,429.0,2,,"Centro histórico de Sevilla, Sevilla",Booking,Sevilla,murillo reinoso
Casa Palacio La Casa Blanca Suites,9.2,198.0,4,,"Centro histórico de Sevilla, Sevilla",Booking,Sevilla,casa palacio casa blanca
Alojamiento Rural Finca Barral,9.1,145.0,0,,Sevilla,Booking,Sevilla,alojamiento rural finca barral
Onefam Catedral,7.9,21.0,0,,"Centro histórico de Sevilla, Sevilla",Booking,Sevilla,onefam catedral
Casa del Contratador by Época Suites,9.6,414.0,4,,"Centro histórico de Sevilla, Sevilla",Booking,Sevilla,casa contratador
Patio de La Alameda,8.7,116.0,3,,"Centro histórico de Sevilla, Sevilla",Booking,Sevilla,patio alameda
Apartamentos La Vistosona,9.5,384.0,4,,"Centro histórico de Sevilla, Sevilla",Booking,Sevilla,vistosona
Toc Hostel Sevilla,8.5,30.0,0,,"Centro histórico de Sevilla, Sevilla",Booking,Sevilla,toc
Hostal Puerta Carmona,7.8,55.0,2,,"Centro histórico de Sevilla, Sevilla",Booking,Sevilla,puerta carmona
EME SEVILLA TURISTICA,8.6,80.0,4,,"Centro histórico de Sevilla, Sevilla",Booking,Sevilla,eme turistica
Apartamento San Juan de Dios,8.3,91.0,4,,"Nervión, Sevilla",Booking,Sevilla,san juan dios
Rio Hostel,7.1,20.0,0,,"Centro histórico de Sevilla, Sevilla",Booking,Sevilla,rio
Suite Triana Sevilla,8.6,68.0,4,,"Triana, Sevilla",Booking,Sevilla,triana
Roberta's Guest House,8.4,64.0,0,,"Centro histórico de Sevilla, Sevilla",Booking,Sevilla,roberta's guest house
Suites Murillo Catedral,9.3,564.0,2,,"Centro histórico de Sevilla, Sevilla",Booking,Sevilla,murillo catedral
Apartamento Puerta Carmona,9.5,709.0,4,,"Centro histórico de Sevilla, Sevilla",Booking,Sevilla,puerta carmona
Legado Magdalena Hotel,9.3,147.0,4,,"Centro histórico de Sevilla, Sevilla",Booking,Sevilla,legado magdalena
Hotel Fernando III,9.4,154.0,4,,"Centro histórico de Sevilla, Sevilla",Booking,Sevilla,fernando iii
Galera Rooms by SHS,8.4,106.0,0,,"Centro histórico de Sevilla, Sevilla",Booking,Sevilla,galera rooms
Ocean Drive Sevilla,9.0,171.0,4,,"Centro histórico de Sevilla, Sevilla",Booking,Sevilla,ocean drive
Triana Apartahotel,8.5,64.0,3,,"Triana, Sevilla",Booking,Sevilla,triana aparta
U-Sense For You Hostel Sevilla,8.4,36.0,0,,"Centro histórico de Sevilla, Sevilla",Booking,Sevilla,u sense for you
H10 Corregidor Boutique Hotel,9.1,128.0,3,,"Centro histórico de Sevilla, Sevilla",Booking,Sevilla,h corregidor
Apartamento Centro de Sevilla Histórico,8.1,80.0,4,,"Centro histórico de Sevilla, Sevilla",Booking,Sevilla,centro historico
Habitaciones Casa Sevillana Centro,7.8,61.0,0,,"Centro histórico de Sevilla, Sevilla",Booking,Sevilla,habitaciones casa na centro
Petit Palace Santa Cruz,8.9,155.0,4,,"Centro histórico de Sevilla, Sevilla",Booking,Sevilla,petit palace santa cruz
Apartahotel Sevilla Salado,7.8,61.0,3,,"Triana, Sevilla",Booking,Sevilla,aparta salado
Onefam Centro,8.3,19.0,0,,"Centro histórico de Sevilla, Sevilla",Booking,Sevilla,onefam centro
Hotel Boutique Casa Romana Villa,8.7,182.0,4,,"Centro histórico de Sevilla, Sevilla",Booking,Sevilla,casa romana
Arc House Plaza,6.3,43.0,0,,"Centro histórico de Sevilla, Sevilla",Booking,Sevilla,arc house plaza
Vincci La Rabida,8.9,206.0,4,,"Centro histórico de Sevilla, Sevilla",Booking,Sevilla,vincci rabida
Limehome Sevilla Calle Torcuato Luca de Tena - Digital Access,8.0,99.0,4,,"Sur, Sevilla",Booking,Sevilla,limehome calle torcuato luca tena digital access
Urban Triana Sevilla,7.2,61.0,0,,"Triana, Sevilla",Booking,Sevilla,urban triana
Hotel Maestranza,8.4,59.0,1,,"Centro histórico de Sevilla, Sevilla",Booking,Sevilla,maestranza
Dulcinea,9.0,45.0,0,,"Macarena Norte, Sevilla",Booking,Sevilla,dulcinea
Hotel Posada del Lucero,9.5,165.0,4,,"Centro histórico de Sevilla, Sevilla",Booking,Sevilla,posada lucero
Casa Pureza,9.1,108.0,4,,"Triana, Sevilla",Booking,Sevilla,casa pureza
Hotel Inglaterra,9.1,206.0,4,,"Centro histórico de Sevilla, Sevilla",Booking,Sevilla,inglaterra
Hostel Triana Backpackers,8.5,21.0,0,,"Triana, Sevilla",Booking,Sevilla,triana backpackers
The Corner House,9.0,110.0,4,,"Centro histórico de Sevilla, Sevilla",Booking,Sevilla,the corner house
Honest Sevilla,8.7,129.0,3,,"Centro histórico de Sevilla, Sevilla",Booking,Sevilla,honest
Pension Gran Plaza,5.8,45.0,0,,"Nervión, Sevilla",Booking,Sevilla,gran plaza
Hotel Cetina Casa de las Telas Sevilla,9.2,161.0,4,,"Centro histórico de Sevilla, Sevilla",Booking,Sevilla,cetina casa las telas
Singular Pilatos,7.8,85.0,3,,"Centro histórico de Sevilla, Sevilla",Booking,Sevilla,singular pilatos
Rey Don Pedro Luxury Home,9.0,125.0,0,,"Centro histórico de Sevilla, Sevilla",Booking,Sevilla,rey don pedro luxury home
Casa Romana Hotel Boutique,8.8,149.0,4,,"Centro histórico de Sevilla, Sevilla",Booking,Sevilla,casa romana
Portico Sevilla,9.0,101.0,4,,"San Pablo-Santa Justa, Sevilla",Booking,Sevilla,portico
Casa Gloria Apartments,8.9,128.0,4,,"Centro histórico de Sevilla, Sevilla",Booking,Sevilla,casa gloria
Casa ART Sevilla,8.3,147.0,0,,"Centro histórico de Sevilla, Sevilla",Booking,Sevilla,casa art
Pierre & Vacances Sevilla,8.3,111.0,4,,"Triana, Sevilla",Booking,Sevilla,pierre & vacances
Eurostars Regina,8.4,217.0,3,,"Centro histórico de Sevilla, Sevilla",Booking,Sevilla,eurostars regina
Suites San Pablo,8.4,139.0,4,,"Centro histórico de Sevilla, Sevilla",Booking,Sevilla,san pablo
Triana House,8.8,163.0,4,,"Triana, Sevilla",Booking,Sevilla,triana house
Hotel Sercotel Doña Carmela,8.6,75.0,3,,"Bellavista - Palmera, Sevilla",Booking,Sevilla,sercotel doña carmela
apartamentos montevideo 6,8.4,174.0,4,,"Sur, Sevilla",Booking,Sevilla,montevideo
Colectia Hotel Parada del Marqués,9.0,182.0,3,,"Centro histórico de Sevilla, Sevilla",Booking,Sevilla,colectia parada marques
Ikigai House,8.4,32.0,0,,"Cerro - Amate, Sevilla",Booking,Sevilla,ikigai house
Mi rincon en Triana,8.5,90.0,4,,"Triana, Sevilla",Booking,Sevilla,mi rincon
Hotel Convento La Gloria,8.1,119.0,3,,"Centro histórico de Sevilla, Sevilla",Booking,Sevilla,convento gloria
Apartamento El Cachorro de Triana,8.5,85.0,4,,"Triana, Sevilla",Booking,Sevilla,cachorro triana
AZZ Sevilla Torre de la Plata Apartamentos,8.4,153.0,2,,"Centro histórico de Sevilla, Sevilla",Booking,Sevilla,azz torre plata
Sercotel Sevilla Guadalquivir Suites,8.4,157.0,4,,"Centro histórico de Sevilla, Sevilla",Booking,Sevilla,sercotel guadalquivir
Pension Perez Montilla,7.8,44.0,2,,"Centro histórico de Sevilla, Sevilla",Booking,Sevilla,perez montilla
Apartamentos Sevilla Palace,8.7,86.0,3,,"Centro histórico de Sevilla, Sevilla",Booking,Sevilla,palace
Casa Señorial del Siglo XVIII,9.1,123.0,4,,"Centro histórico de Sevilla, Sevilla",Booking,Sevilla,casa señorial siglo xviii
Apartamentos Boutique Vida,7.8,99.0,4,,"Centro histórico de Sevilla, Sevilla",Booking,Sevilla,vida
Apartamento Brisas,7.8,108.0,4,,Sevilla,Booking,Sevilla,brisas
Lukanda Hospec Olehousing,9.1,144.0,4,,"Centro histórico de Sevilla, Sevilla",Booking,Sevilla,lukanda hospec olehousing
Hotel Boutique Casas de Santa Cruz,8.3,106.0,3,,"Centro histórico de Sevilla, Sevilla",Booking,Sevilla,casas santa cruz
Vincci Molviedro,9.2,224.0,4,,"Centro histórico de Sevilla, Sevilla",Booking,Sevilla,vincci molviedro
JOY Setas Coworking,8.5,18.0,0,,"Centro histórico de Sevilla, Sevilla",Booking,Sevilla,joy setas coworking
Casa Salma,8.4,43.0,0,,"Cerro - Amate, Sevilla",Booking,Sevilla,casa salma
By Plaza de España overlooking Parque María Luisa,9.4,120.0,4,,"Sur, Sevilla",Booking,Sevilla,by plaza españa overlooking parque maria luisa
Legado Alcazar Hotel,9.3,220.0,4,,"Centro histórico de Sevilla, Sevilla",Booking,Sevilla,legado alcazar
Palacio Pinello,9.0,214.0,4,,"Centro histórico de Sevilla, Sevilla",Booking,Sevilla,palacio pinello
Hotel Kivir,9.5,232.0,4,,"Centro histórico de Sevilla, Sevilla",Booking,Sevilla,kivir
Apartamentos Metrópolis,8.8,158.0,4,,"Centro histórico de Sevilla, Sevilla",Booking,Sevilla,metropolis
Albergue Inturjoven Sevilla,7.6,67.0,2,,"Bellavista - Palmera, Sevilla",Booking,Sevilla,albergue inturjoven
Casa Triana 1888 Suites by Época,8.8,175.0,4,,"Triana, Sevilla",Booking,Sevilla,casa triana
Luxor 7,7.5,77.0,3,,"Triana, Sevilla",Booking,Sevilla,luxor
The Spot Central Hostel,8.2,40.0,0,,"Centro histórico de Sevilla, Sevilla",Booking,Sevilla,the spot central
Julia home,,45.0,0,,Sevilla,Booking,Sevilla,julia home
Apartamento Orilla de Triana,9.1,58.0,0,,"Triana, Sevilla",Booking,Sevilla,orilla triana
Casa Señorial Piedrachica,8.2,98.0,4,,"Centro histórico de Sevilla, Sevilla",Booking,Sevilla,casa señorial piedrachica
Hub Hostel Seville,7.0,14.0,0,,"Centro histórico de Sevilla, Sevilla",Booking,Sevilla,hub
Casa San Roque,8.6,97.0,4,,"Centro histórico de Sevilla, Sevilla",Booking,Sevilla,casa san roque
Apartamentos Abreu Suites,9.2,135.0,4,,"Centro histórico de Sevilla, Sevilla",Booking,Sevilla,abreu
Sevilla Central,6.0,62.0,2,,"Centro histórico de Sevilla, Sevilla",Booking,Sevilla,central
Nice apartment in the center of Seville,8.4,70.0,4,,"Centro histórico de Sevilla, Sevilla",Booking,Sevilla,nice in the center of
Halo Boutique Hotel,8.3,143.0,4,,"Centro histórico de Sevilla, Sevilla",Booking,Sevilla,halo
Acetres 5 Boutique,8.8,84.0,4,,"Centro histórico de Sevilla, Sevilla",Booking,Sevilla,acetres
atLumbreras16,9.0,156.0,4,,"Centro histórico de Sevilla, Sevilla",Booking,Sevilla,atlumbreras
Coliseo setas,9.3,66.0,4,,"Centro histórico de Sevilla, Sevilla",Booking,Sevilla,coliseo setas
JOY Plaza de Armas,8.3,20.0,0,,"Centro histórico de Sevilla, Sevilla",Booking,Sevilla,joy plaza armas
Hotel Ateneo Sevilla,9.2,214.0,4,,"Centro histórico de Sevilla, Sevilla",Booking,Sevilla,ateneo
"Radisson Collection Hotel, Magdalena Plaza Sevilla",9.0,261.0,5,,"Centro histórico de Sevilla, Sevilla",Booking,Sevilla,radisson collection magdalena plaza
Casa Sevilla 1920 Suites by Época,8.9,147.0,4,,"Centro histórico de Sevilla, Sevilla",Booking,Sevilla,casa
TRIANA 3 WIFI,8.0,87.0,0,,"Triana, Sevilla",Booking,Sevilla,triana wifi
Slow Suites Maestranza,8.4,111.0,4,,"Centro histórico de Sevilla, Sevilla",Booking,Sevilla,slow maestranza
Nine O Clock San Agustin,8.5,132.0,4,,"Centro histórico de Sevilla, Sevilla",Booking,Sevilla,nine o clock san agustin
Overland Suites Catedral,9.1,131.0,4,,"Centro histórico de Sevilla, Sevilla",Booking,Sevilla,overland catedral
Apartamentos Sevilla Centro,8.3,153.0,2,,"Centro histórico de Sevilla, Sevilla",Booking,Sevilla,centro
VAC LUXURY HOME SEVILLA,9.0,169.0,4,,"Centro histórico de Sevilla, Sevilla",Booking,Sevilla,vac luxury home
Slow Suites Setas,8.7,104.0,4,,"Centro histórico de Sevilla, Sevilla",Booking,Sevilla,slow setas
Casa Bailen Sevilla,9.2,149.0,4,,"Centro histórico de Sevilla, Sevilla",Booking,Sevilla,casa bailen
Sevilla Central Suites Apartamentos Puerta Jerez,9.2,163.0,4,,"Centro histórico de Sevilla, Sevilla",Booking,Sevilla,central puerta jerez
Hotel Casa Palacio Don Ramón,9.5,420.0,5,,"Centro histórico de Sevilla, Sevilla",Booking,Sevilla,casa palacio don ramon
Las Casas de El Arenal,8.9,170.0,4,,"Centro histórico de Sevilla, Sevilla",Booking,Sevilla,las casas arenal
Hotel Colón Gran Meliá - The Leading Hotels of the World,9.0,333.0,5,,"Centro histórico de Sevilla, Sevilla",Booking,Sevilla,colon gran melia the leading of the world
Magno Apartments Casa del Correo Mayor I,9.0,176.0,4,,"Centro histórico de Sevilla, Sevilla",Booking,Sevilla,magno casa correo mayor i
Rincón de Esperanza,8.2,71.0,4,,"Triana, Sevilla",Booking,Sevilla,rincon esperanza
Hostal San Francisco,8.5,230.0,1,,"Centro histórico de Sevilla, Sevilla",Booking,Sevilla,san francisco
Vincci Molviedro Suites Apartments,9.1,330.0,4,,"Centro histórico de Sevilla, Sevilla",Booking,Sevilla,vincci molviedro
Alfareria Ocho,9.1,89.0,4,,"Triana, Sevilla",Booking,Sevilla,alfareria ocho
Oasis Sevilla Congresos,8.8,65.0,4,,"Este, Sevilla",Booking,Sevilla,oasis congresos
Apartamentos centro histórico,7.9,77.0,4,,"Centro histórico de Sevilla, Sevilla",Booking,Sevilla,centro historico
Hotel Casa 1800 Sevilla,9.3,290.0,4,,"Centro histórico de Sevilla, Sevilla",Booking,Sevilla,casa
ISG Apartments La Florida,9.4,157.0,4,,"Nervión, Sevilla",Booking,Sevilla,isg florida
Casa Alhaja by Shiadu,9.3,165.0,3,,"Centro histórico de Sevilla, Sevilla",Booking,Sevilla,casa alhaja
abba Sevilla,9.0,150.0,4,,"Centro histórico de Sevilla, Sevilla",Booking,Sevilla,abba
Hernando Colón Olehousing,9.4,175.0,4,,"Centro histórico de Sevilla, Sevilla",Booking,Sevilla,hernando colon olehousing
CoolRooms Palacio Villapanés 5 GL,9.0,375.0,5,,"Centro histórico de Sevilla, Sevilla",Booking,Sevilla,coolrooms palacio panes gl
The Old Print House - Space Maison Apartments,9.4,213.0,4,,"Centro histórico de Sevilla, Sevilla",Booking,Sevilla,the old print house space maison
Casa de La Judería,,51.0,0,,Sevilla,Booking,Sevilla,casa juderia
"Querencia de Sevilla, Autograph Collection",9.2,233.0,4,,"Centro histórico de Sevilla, Sevilla",Booking,Sevilla,querencia autograph collection
Sevilla's Bed and Terrace,6.6,60.0,3,,"Centro histórico de Sevilla, Sevilla",Booking,Sevilla,bed and terrace
Apartamento Living By Cathedral,9.3,190.0,4,,"Centro histórico de Sevilla, Sevilla",Booking,Sevilla,living
Cavalta Boutique Hotel - Small Luxury Hotels,9.3,252.0,5,,"Triana, Sevilla",Booking,Sevilla,cavalta small luxury
H10 Casa de la Plata,9.4,232.0,4,,"Centro histórico de Sevilla, Sevilla",Booking,Sevilla,h casa plata
Plácido y Grata,9.2,241.0,4,,"Centro histórico de Sevilla, Sevilla",Booking,Sevilla,placido grata
Suites Machado,9.3,209.0,4,,"Centro histórico de Sevilla, Sevilla",Booking,Sevilla,machado
Apto Lux Sevilla,8.3,80.0,4,,"Este, Sevilla",Booking,Sevilla,apto lux
"Los Seises Sevilla, a Tribute Portfolio Hotel",8.6,206.0,4,,"Centro histórico de Sevilla, Sevilla",Booking,Sevilla,seises a tribute portfolio
Posada Pilatos,9.4,155.0,4,,"Centro histórico de Sevilla, Sevilla",Booking,Sevilla,posada pilatos
Mercer Plaza Sevilla 5 GL,9.2,315.0,5,,"Centro histórico de Sevilla, Sevilla",Booking,Sevilla,mercer plaza gl
Apartamento el Pasaje,8.4,134.0,4,,"Nervión, Sevilla",Booking,Sevilla,pasaje
El Rey Moro Hotel Boutique,9.1,390.0,4,,"Centro histórico de Sevilla, Sevilla",Booking,Sevilla,rey moro
Casa Palacio Garci-Perez,8.5,90.0,3,,"Centro histórico de Sevilla, Sevilla",Booking,Sevilla,casa palacio garci perez
Apartamentos RG Dúplex San Bernardo,8.3,290.0,4,,"Nervión, Sevilla",Booking,Sevilla,rg duplex san bernardo
ISG Apartments Lovely Duplex,8.4,162.0,4,,"Centro histórico de Sevilla, Sevilla",Booking,Sevilla,isg lovely duplex
Estudio completo a estrenar en Triana,8.5,90.0,3,,"Triana, Sevilla",Booking,Sevilla,estudio completo a estrenar
Bellavista Sevilla,8.3,89.0,4,,"Bellavista - Palmera, Sevilla",Booking,Sevilla,bellavista
La Banda Rooftop Hostel,9.0,34.0,0,,"Centro histórico de Sevilla, Sevilla",Booking,Sevilla,banda rooftop
Casa Sevilla 1855 Suites by Época,8.9,227.0,4,,"Centro histórico de Sevilla, Sevilla",Booking,Sevilla,casa
Casa de Triana Luxury Suites by Casa del Poeta,9.4,359.0,4,,"Triana, Sevilla",Booking,Sevilla,casa triana luxury
Boutike Guesthouse,8.2,125.0,4,,"Centro histórico de Sevilla, Sevilla",Booking,Sevilla,boutike
Acogedor apartamento en la Buhaira,8.8,109.0,4,,"Nervión, Sevilla",Booking,Sevilla,acogedor
Mara Arenal Sevilla,9.6,365.0,4,,"Centro histórico de Sevilla, Sevilla",Booking,Sevilla,mara arenal
Hotel Mercer Sevilla 5 GL,9.3,315.0,5,,"Centro histórico de Sevilla, Sevilla",Booking,Sevilla,mercer gl
Aquitania Home Suites,9.3,248.0,4,,"Centro histórico de Sevilla, Sevilla",Booking,Sevilla,aquitania home
Hotel Casa Del Poeta,9.5,394.0,4,,"Centro histórico de Sevilla, Sevilla",Booking,Sevilla,casa poeta
Joya del Casco Boutique Hotel by Shiadu,9.4,268.0,3,,"Centro histórico de Sevilla, Sevilla",Booking,Sevilla,joya casco
ISG Apartments Mezquita 5,8.1,197.0,4,,"Centro histórico de Sevilla, Sevilla",Booking,Sevilla,isg mezquita
ISG apartments O'Donnell 2-1-FREE PARKING,9.1,429.0,3,,"Centro histórico de Sevilla, Sevilla",Booking,Sevilla,isg o'donnell free parking
Pension Azahar,7.0,45.0,0,,"Centro histórico de Sevilla, Sevilla",Booking,Sevilla,azahar
Pensión Dulces Sueños,8.2,306.0,1,,"Centro histórico de Sevilla, Sevilla",Booking,Sevilla,dulces sueños
ISG Apartments Cuna,8.4,212.0,4,,"Centro histórico de Sevilla, Sevilla",Booking,Sevilla,isg cuna
ISG Apartments Cuna 10,7.0,197.0,3,,"Centro histórico de Sevilla, Sevilla",Booking,Sevilla,isg cuna
ISG Apartments Downtown family haven Free parking spot,8.7,729.0,4,,"Centro histórico de Sevilla, Sevilla",Booking,Sevilla,isg downtown family haven free parking spot
ISG Apartments Faustino 45,8.6,277.0,4,,"Centro histórico de Sevilla, Sevilla",Booking,Sevilla,isg faustino
City Rooftop Paradise - Space Maison Apartments,8.9,279.0,4,,"Centro histórico de Sevilla, Sevilla",Booking,Sevilla,city rooftop paradise space maison
Casa San Roque Ático,8.5,108.0,4,,"Centro histórico de Sevilla, Sevilla",Booking,Sevilla,casa san roque atico
Apartamento Luxe Triana,9.9,176.0,4,,"Triana, Sevilla",Booking,Sevilla,luxe triana
ISG Apartments Cedaceros,8.7,271.0,4,,"Centro histórico de Sevilla, Sevilla",Booking,Sevilla,isg cedaceros
Apartamento Virgen de la Victoria,9.2,285.0,4,,"Los Remedios, Sevilla",Booking,Sevilla,virgen victoria
Luz de Sevilla Free parking,9.7,286.0,4,,"Centro histórico de Sevilla, Sevilla",Booking,Sevilla,luz free parking
ISG Apartments Luxury Apartment by the Cathedral,8.8,765.0,4,,"Centro histórico de Sevilla, Sevilla",Booking,Sevilla,isg luxury
ISG Apartments Catedral,8.9,316.0,4,,"Centro histórico de Sevilla, Sevilla",Booking,Sevilla,isg catedral
Hotel Boutique Corral del Rey,8.8,500.0,3,,"Centro histórico de Sevilla, Sevilla",Booking,Sevilla,corral rey
U-Sense Sevilla Catedral,8.8,262.0,4,,"Centro histórico de Sevilla, Sevilla",Booking,Sevilla,u sense catedral
"Hospes Las Casas del Rey de Baeza, a Member of Design Hotels",9.0,412.0,4,,"Centro histórico de Sevilla, Sevilla",Booking,Sevilla,hospes las casas rey baeza a member of design
Luxurious & spacious 4BR apt next to Cathedral,8.3,431.0,3,,"Centro histórico de Sevilla, Sevilla",Booking,Sevilla,luxurious & spacious br apt next to cathedral
ISG Puerta Jerez Sevilla 21,9.6,314.0,4,,"Centro histórico de Sevilla, Sevilla",Booking,Sevilla,isg puerta jerez
Genteel Home Betis 67,9.5,621.0,4,,"Triana, Sevilla",Booking,Sevilla,genteel home betis
"Loft familiar ""PISCINA SEVILLA CENTRO""",7.3,389.0,3,,"Centro histórico de Sevilla, Sevilla",Booking,Sevilla,"loft familiar ""piscina centro"""
Apartamento duplex en centro de Sevilla,8.6,195.0,4,,"Centro histórico de Sevilla, Sevilla",Booking,Sevilla,duplex
Magdalena Luxury House,9.5,260.0,4,,"Centro histórico de Sevilla, Sevilla",Booking,Sevilla,magdalena luxury house
Úrsula Triana Sevilla,6.7,61.0,2,,"Triana, Sevilla",Booking,Sevilla,ursula triana
Habitación piso compartido,8.2,36.0,0,,"Nervión, Sevilla",Booking,Sevilla,habitacion piso compartido
Divi Apartments Villa Reyes 2,8.1,1.341,3,,"Centro histórico de Sevilla, Sevilla",Booking,Sevilla,divi reyes
"Tkm home Amplió y familiar, terraza privada",9.8,299.0,4,,"Macarena, Sevilla",Booking,Sevilla,tkm home amplio familiar terraza privada
ISG Apartments Cedaceros 12,9.0,323.0,4,,"Centro histórico de Sevilla, Sevilla",Booking,Sevilla,isg cedaceros
Epicenter Lujoso apto Parking gratis Perfecta ubicación,9.9,455.0,4,,"Centro histórico de Sevilla, Sevilla",Booking,Sevilla,epicenter lujoso apto parking gratis perfecta ubicacion
ISG Apartments The most Exclusive apartment in Sevillaparking,9.4,655.0,4,,"Centro histórico de Sevilla, Sevilla",Booking,Sevilla,isg the most exclusive in parking
Hotel Abanico Casa Palacio,8.6,113.0,3,,"Centro histórico de Sevilla, Sevilla",Booking,Sevilla,abanico casa palacio
Enorme y Luminoso Apartamento para 13 personas con balcones en el corazón de Sevilla,7.1,724.0,4,,"Centro histórico de Sevilla, Sevilla",Booking,Sevilla,enorme luminoso para personas con balcones
Resitur Luxury Suit 514,6.1,667.0,3,,"Triana, Sevilla",Booking,Sevilla,resitur luxury suit
Suites Murillo Alcázar,9.2,807.0,2,,"Centro histórico de Sevilla, Sevilla",Booking,Sevilla,murillo alcazar
Suites Murillo Plaza Sta. Cruz,9.2,1.158,4,,"Centro histórico de Sevilla, Sevilla",Booking,Sevilla,murillo plaza sta. cruz
Puerta del Leon,6.7,754.0,3,,"Centro histórico de Sevilla, Sevilla",Booking,Sevilla,puerta leon
Genteel Home Campamento,7.7,1.357,4,,"Nervión, Sevilla",Booking,Sevilla,genteel home campamento
ISG Apartments Modern atticpool at the CathedralFree parking,9.3,934.0,4,,"Centro histórico de Sevilla, Sevilla",Booking,Sevilla,isg modern atticpool at the cathedralfree parking
The Loft House Sevilla,9.2,26.0,0,,"Centro histórico de Sevilla, Sevilla",Booking,Sevilla,the loft house
8 mins walk to Train Station Low Cost Youth Hostel,7.6,59.0,3,,"San Pablo-Santa Justa, Sevilla",Booking,Sevilla,mins walk to train station low cost youth
Apartamento lux capilla,8.4,75.0,4,,"Este, Sevilla",Booking,Sevilla,lux capilla
"Apartamento Macarena, en el Centro de Sevilla",8.6,95.0,4,,"Macarena, Sevilla",Booking,Sevilla,macarena
Antonia Luxury Home,,299.0,4,,"Centro histórico de Sevilla, Sevilla",Booking,Sevilla,antonia luxury home
Buen Viaje/San Esteban,8.5,100.0,3,,"Centro histórico de Sevilla, Sevilla",Booking,Sevilla,buen viaje/san esteban
SEVILLE YOUR WAY,4.9,14.0,0,,"Centro histórico de Sevilla, Sevilla",Booking,Sevilla,your way
Triana75,7.4,75.0,3,,"Triana, Sevilla",Booking,Sevilla,triana
Alcázar de María,8.5,132.0,0,,"Centro histórico de Sevilla, Sevilla",Booking,Sevilla,alcazar maria
Sevilla deluxe suites,9.0,135.0,4,,"Centro histórico de Sevilla, Sevilla",Booking,Sevilla,deluxe
Hostel A2C,7.8,19.0,0,,"Centro histórico de Sevilla, Sevilla",Booking,Sevilla,ac
Limehome Sevilla Calle Granada,9.1,129.0,4,,"Centro histórico de Sevilla, Sevilla",Booking,Sevilla,limehome calle granada
Diseño Triana 2 rooms,8.4,125.0,4,,"Triana, Sevilla",Booking,Sevilla,diseño triana rooms
Alcoba del Rey de Sevilla,8.4,135.0,3,,"Centro histórico de Sevilla, Sevilla",Booking,Sevilla,alcoba rey
Nuevo apartamento Alameda,8.7,100.0,4,,"Centro histórico de Sevilla, Sevilla",Booking,Sevilla,nuevo alameda
Apartamento Asturias,7.6,71.0,3,,"Triana, Sevilla",Booking,Sevilla,asturias
Shared accommodation a room with a view of the garden,9.2,68.0,0,,"Sur, Sevilla",Booking,Sevilla,shared accommodation a room
Maestranza modern,8.3,149.0,3,,"Centro histórico de Sevilla, Sevilla",Booking,Sevilla,maestranza modern
Conteros Centro Apartment,7.7,105.0,3,,"Centro histórico de Sevilla, Sevilla",Booking,Sevilla,conteros centro
Ático lujo junto a la catedral. Giralda,9.1,125.0,4,,"Centro histórico de Sevilla, Sevilla",Booking,Sevilla,atico lujo junto a catedral. giralda
Baños Terraza - Casa Sevillana,7.1,58.0,3,,"Centro histórico de Sevilla, Sevilla",Booking,Sevilla,baños terraza casa na
"SEVILLA ROOM, VIEW TO THE CITY",5.7,55.0,3,,"Centro histórico de Sevilla, Sevilla",Booking,Sevilla,room view to the city
Holiday Rentals Tempa Museo,8.0,113.0,4,,"Centro histórico de Sevilla, Sevilla",Booking,Sevilla,holiday rentals tempa museo
Chick,6.8,108.0,2,,"Triana, Sevilla",Booking,Sevilla,chick
J&N Apartament La Palmera 2,7.3,114.0,3,,"Bellavista - Palmera, Sevilla",Booking,Sevilla,j&n apartament palmera
Fresh & Clean Room Sevilla,8.5,55.0,0,,"Sur, Sevilla",Booking,Sevilla,fresh & clean room
Lolita's house Alhambra,8.7,111.0,4,,"Centro histórico de Sevilla, Sevilla",Booking,Sevilla,lolita's house alhambra
ViCe apartment Seville centre Alameda Hercules square,8.2,104.0,3,,"Centro histórico de Sevilla, Sevilla",Booking,Sevilla,vice centre alameda hercules square
Ritual Sevilla Suites Alameda 1,8.7,150.0,4,,"Centro histórico de Sevilla, Sevilla",Booking,Sevilla,ritual alameda
URBION HOME,8.3,115.0,4,,"Sur, Sevilla",Booking,Sevilla,urbion home
La Casa del Alfarero,10.0,132.0,4,,"Triana, Sevilla",Booking,Sevilla,casa alfarero
Slow Suites Salvador,8.7,120.0,4,,"Centro histórico de Sevilla, Sevilla",Booking,Sevilla,slow salvador
FIBES Lux Sevilla Este.,8.7,78.0,4,,"Este, Sevilla",Booking,Sevilla,fibes lux este.
Limehome Sevilla Calle Pureza,9.0,133.0,4,,"Triana, Sevilla",Booking,Sevilla,limehome calle pureza
Hospedería Monasterio de San Leandro,9.2,110.0,3,,"Centro histórico de Sevilla, Sevilla",Booking,Sevilla,hospederia monasterio san leandro
Suite Center San Lorenzo 35,8.5,135.0,4,,"Centro histórico de Sevilla, Sevilla",Booking,Sevilla,center san lorenzo
Triana,8.7,115.0,4,,"Triana, Sevilla",Booking,Sevilla,triana
Apartamento Manzana,9.7,149.0,4,,"Macarena, Sevilla",Booking,Sevilla,manzana
Modern spacious apartment central of Seville,9.1,142.0,5,,"Centro histórico de Sevilla, Sevilla",Booking,Sevilla,modern spacious central of
Ritual Sevilla Suites Centro,8.9,162.0,4,,"Centro histórico de Sevilla, Sevilla",Booking,Sevilla,ritual centro
Ritual Alameda Suites,8.7,113.0,4,,"Centro histórico de Sevilla, Sevilla",Booking,Sevilla,ritual alameda
El Apartamento de Rosi,8.2,165.0,4,,"Centro histórico de Sevilla, Sevilla",Booking,Sevilla,rosi
Central and cozy apartment in Seville,8.3,100.0,0,,"San Pablo-Santa Justa, Sevilla",Booking,Sevilla,central and cozy in
Apartamentos Flamenco B&B,8.6,88.0,4,,"Cerro - Amate, Sevilla",Booking,Sevilla,flamenco b&b
Paraná Center Apartment,8.4,120.0,4,,"Nervión, Sevilla",Booking,Sevilla,parana center
Apartamento Deluxe Triana,9.3,100.0,0,,"Triana, Sevilla",Booking,Sevilla,deluxe triana
Apartamento Santísima Trinidad,9.3,119.0,4,,"Macarena, Sevilla",Booking,Sevilla,santisima trinidad
Magnífico loft cerca del aeropuerto y palacio de congresos,5.7,50.0,3,,"Este, Sevilla",Booking,Sevilla,magnifico loft cerca aeropuerto palacio congresos
Pension Catedral,7.3,39.0,0,,"Centro histórico de Sevilla, Sevilla",Booking,Sevilla,catedral
SAN ESTEBAN adg,7.1,85.0,3,,"Centro histórico de Sevilla, Sevilla",Booking,Sevilla,san esteban adg
Loft luz del Duque,9.0,120.0,4,,"Centro histórico de Sevilla, Sevilla",Booking,Sevilla,loft luz duque
Feria Palace Apartment,9.0,161.0,4,,"Centro histórico de Sevilla, Sevilla",Booking,Sevilla,feria palace
Santillana terrazas,6.2,59.0,2,,"Centro histórico de Sevilla, Sevilla",Booking,Sevilla,santillana terrazas
apartamento sevilla enzo,8.9,100.0,4,,"Cerro - Amate, Sevilla",Booking,Sevilla,enzo
Betis 64,9.9,182.0,4,,"Triana, Sevilla",Booking,Sevilla,betis
Apartamento nuevo en pleno centro de localización perfecta,9.8,125.0,4,,"Centro histórico de Sevilla, Sevilla",Booking,Sevilla,nuevo
Apartamento a estrenar en San Bernardo,8.4,127.0,4,,"Nervión, Sevilla",Booking,Sevilla,a estrenar
Alandalus Modern,7.3,154.0,0,,"Centro histórico de Sevilla, Sevilla",Booking,Sevilla,alandalus modern
HC Luxe,9.1,105.0,0,,"Este, Sevilla",Booking,Sevilla,hc luxe
Casa unifamiliar,8.5,126.0,4,,"Cerro - Amate, Sevilla",Booking,Sevilla,casa unifamiliar
Spectacular modern apartment in the city center,7.1,139.0,3,,"Centro histórico de Sevilla, Sevilla",Booking,Sevilla,spectacular modern in the city center
"Alleanza, Aires de Guadalquivir",8.9,116.0,4,,"Centro histórico de Sevilla, Sevilla",Booking,Sevilla,alleanza aires guadalquivir
Loft Suite Frutos,8.2,120.0,4,,"Sur, Sevilla",Booking,Sevilla,loft frutos
San Pagés 3BR Apartment,7.7,135.0,4,,"San Pablo-Santa Justa, Sevilla",Booking,Sevilla,san pages br
VERY NICE APARTAMENT. CITY CENTER. PRIVATE PARKING,9.0,108.0,4,,"Centro histórico de Sevilla, Sevilla",Booking,Sevilla,very nice apartament. city center. private parking
Bajo Gerona,9.5,150.0,4,,"Centro histórico de Sevilla, Sevilla",Booking,Sevilla,bajo gerona
Pensión Santa María la Blanca,3.3,69.0,2,,"Centro histórico de Sevilla, Sevilla",Booking,Sevilla,santa maria blanca
bonita habitación el apartamento compartido con todas las comodidades se sentirán como muy bien,7.9,43.0,0,,"Macarena, Sevilla",Booking,Sevilla,bonita habitacion compartido con todas las comodidades se sentiran como muy bien
Triana modern & luxury,8.1,149.0,4,,"Centro histórico de Sevilla, Sevilla",Booking,Sevilla,triana modern & luxury
J&N Apartament La Palmera 3,7.0,114.0,3,,"Bellavista - Palmera, Sevilla",Booking,Sevilla,j&n apartament palmera
San Luis Downtown & Pool Apartment,9.5,117.0,4,,"Centro histórico de Sevilla, Sevilla",Booking,Sevilla,san luis downtown & pool
IMAGEN SUITE,9.1,117.0,4,,"Centro histórico de Sevilla, Sevilla",Booking,Sevilla,imagen
Sol Centro Apartment B,8.4,115.0,4,,"Centro histórico de Sevilla, Sevilla",Booking,Sevilla,sol centro b
Sol Centro Apartment A,8.7,115.0,4,,"Centro histórico de Sevilla, Sevilla",Booking,Sevilla,sol centro a
Acogedor Apartamento junto a calle Feria,,71.0,0,,Sevilla,Booking,Sevilla,acogedor junto a calle feria
Segura Donkey,8.7,114.0,4,,"Centro histórico de Sevilla, Sevilla",Booking,Sevilla,segura donkey
"Apartamentos Giralda, centro Histórico Sevilla",8.4,135.0,4,,"Centro histórico de Sevilla, Sevilla",Booking,Sevilla,giralda centro historico
Banana Gay House - Only Men,9.1,81.0,0,,"Centro histórico de Sevilla, Sevilla",Booking,Sevilla,banana gay house only men
"The light of Ispal, Nervión",,96.0,4,,Sevilla,Booking,Sevilla,the light of ispal nervion
More Center Apartment,8.9,125.0,4,,"Centro histórico de Sevilla, Sevilla",Booking,Sevilla,more center
180Home GLAMUROSO APARTAMENTO EN TRIANA,8.5,170.0,4,,"Triana, Sevilla",Booking,Sevilla,home glamuroso
El sur modern & luxury,7.6,149.0,3,,"Centro histórico de Sevilla, Sevilla",Booking,Sevilla,sur modern & luxury
room Martinez,8.5,100.0,0,,"Centro histórico de Sevilla, Sevilla",Booking,Sevilla,room martinez
Torneo 48 Suite,9.5,179.0,4,,"Centro histórico de Sevilla, Sevilla",Booking,Sevilla,torneo
Tu hogar en Sevilla,6.2,95.0,4,,"Macarena Norte, Sevilla",Booking,Sevilla,tu hogar
ANDALUCIA Modern & Luxury,7.2,149.0,3,,"Centro histórico de Sevilla, Sevilla",Booking,Sevilla,andalucia modern & luxury
HN Sevilla,6.7,134.0,3,,"Sur, Sevilla",Booking,Sevilla,hn
Apartamento San Jacinto III,9.5,129.0,4,,"Triana, Sevilla",Booking,Sevilla,san jacinto iii
Petit apartment LOS REMEDIOS,8.5,171.0,4,,"Los Remedios, Sevilla",Booking,Sevilla,petit remedios
Nuevo Atico En La Alfalfa,9.9,153.0,4,,"Centro histórico de Sevilla, Sevilla",Booking,Sevilla,nuevo atico
Teatinos 30,8.7,160.0,4,,"Sur, Sevilla",Booking,Sevilla,teatinos
Apartamento San Jacinto,9.0,129.0,4,,"Triana, Sevilla",Booking,Sevilla,san jacinto
Luis Montoto,9.1,157.0,4,,"San Pablo-Santa Justa, Sevilla",Booking,Sevilla,luis montoto
Numa Seville Alegre,8.3,157.0,4,,"Centro histórico de Sevilla, Sevilla",Booking,Sevilla,numa alegre
Precioso estudio con parking,,140.0,4,,"Este, Sevilla",Booking,Sevilla,precioso estudio con parking
Cristine Bedfor Sevilla Boutique Hotel,9.5,207.0,4,,"Centro histórico de Sevilla, Sevilla",Booking,Sevilla,cristine bedfor
Ole triana,8.7,176.0,4,,"Triana, Sevilla",Booking,Sevilla,ole triana
Calm,6.2,108.0,4,,"Triana, Sevilla",Booking,Sevilla,calm
"Lumbreras 42 Apartamento, cerca de Isla Mágica y Estadio de la Cartuja",9.6,112.0,4,,"Centro histórico de Sevilla, Sevilla",Booking,Sevilla,lumbreras cerca isla magica estadio cartuja
BaÑos - Casa Sevillana,6.5,75.0,2,,"Centro histórico de Sevilla, Sevilla",Booking,Sevilla,baños casa na
Apartamento Presidente 2,9.0,151.0,4,,"Los Remedios, Sevilla",Booking,Sevilla,presidente
Apartamentos Macarena Centro Histórico,9.5,102.0,4,,"Macarena, Sevilla",Booking,Sevilla,macarena centro historico
Precioso Apartamento En Triana,,155.0,4,,"Triana, Sevilla",Booking,Sevilla,precioso
Alfareria-Sol,8.8,176.0,4,,"Triana, Sevilla",Booking,Sevilla,alfareria sol
Luxury Maestranza Donkey,7.8,191.0,4,,"Centro histórico de Sevilla, Sevilla",Booking,Sevilla,luxury maestranza donkey
Enladrillada Apartment,8.8,150.0,4,,"Centro histórico de Sevilla, Sevilla",Booking,Sevilla,enladrillada
Casa del Gitano by Época Suites,9.5,175.0,4,,"Centro histórico de Sevilla, Sevilla",Booking,Sevilla,casa gitano
Antonia Global 3,,317.0,4,,"Centro histórico de Sevilla, Sevilla",Booking,Sevilla,antonia global
Resit,6.1,106.0,4,,"Triana, Sevilla",Booking,Sevilla,resit
3 bedroom apartment in the heart of Triana,8.4,212.0,4,,"Triana, Sevilla",Booking,Sevilla,in the heart of triana
Apartamento entero en los Jardines de Murillo,8.4,228.0,4,,"Nervión, Sevilla",Booking,Sevilla,entero
Casa Pureza - Apartamento,8.1,131.0,4,,"Triana, Sevilla",Booking,Sevilla,casa pureza
PNP17 BI,9.2,129.0,4,,"Centro histórico de Sevilla, Sevilla",Booking,Sevilla,pnp bi
Santa Catalina Center Apartment,7.6,100.0,4,,"Centro histórico de Sevilla, Sevilla",Booking,Sevilla,santa catalina center
CARTUJA Modern & Luxury,6.3,149.0,3,,"Centro histórico de Sevilla, Sevilla",Booking,Sevilla,cartuja modern & luxury
Apartamentos junto plaza Salvador,,124.0,4,,"Centro histórico de Sevilla, Sevilla",Booking,Sevilla,junto plaza salvador
Diamela Center Apartment,9.1,120.0,4,,"Centro histórico de Sevilla, Sevilla",Booking,Sevilla,diamela center
Apartamento Macarena junto a la Basílica de la Macarena,8.8,166.0,4,,"Centro histórico de Sevilla, Sevilla",Booking,Sevilla,macarena junto a basilica macarena
Carmen de Triana,9.6,172.0,4,,"Triana, Sevilla",Booking,Sevilla,carmen triana
SE - Peaceful Shiny Apartment Near Fibes,7.9,102.0,4,,"Este, Sevilla",Booking,Sevilla,se peaceful shiny near fibes
Betis modern & luxury,7.0,149.0,3,,"Centro histórico de Sevilla, Sevilla",Booking,Sevilla,betis modern & luxury
La Macarena,8.7,118.0,4,,"Macarena, Sevilla",Booking,Sevilla,macarena
Apartamento Calesa Centro Sevilla,6.5,149.0,3,,"Centro histórico de Sevilla, Sevilla",Booking,Sevilla,calesa centro
Apartamento PRIVADO en Triana FULL EQUIP,8.4,120.0,3,,"Triana, Sevilla",Booking,Sevilla,privado
Castellar Centro Apartment,8.6,140.0,4,,"Centro histórico de Sevilla, Sevilla",Booking,Sevilla,castellar centro
MATISSE,8.9,135.0,4,,"Macarena, Sevilla",Booking,Sevilla,matisse
PRETTY DUPLEX IN BOHEMIAN DISTRICT-CITY CENTER,8.3,100.0,4,,"Centro histórico de Sevilla, Sevilla",Booking,Sevilla,pretty duplex in bohemian district city center
Reflection,7.6,110.0,4,,"Triana, Sevilla",Booking,Sevilla,reflection
Centro Luxe 3 Rooms,8.3,179.0,4,,"Centro histórico de Sevilla, Sevilla",Booking,Sevilla,centro luxe rooms
SEVITUR Seville Comfort Apartments,8.6,120.0,4,,"Centro histórico de Sevilla, Sevilla",Booking,Sevilla,sevitur comfort
ATICO&Terraza SUPER,8.0,77.0,3,,"Centro histórico de Sevilla, Sevilla",Booking,Sevilla,atico&terraza super
Cozy&quiet Apt in SanVicente st Andalusian patio,8.4,147.0,4,,"Centro histórico de Sevilla, Sevilla",Booking,Sevilla,cozy&quiet apt in sanvicente st andalusian patio
Estudio la Casa del Museo by SHS,8.2,147.0,3,,"Centro histórico de Sevilla, Sevilla",Booking,Sevilla,estudio casa museo
19th Century Sevillian Apartment,8.8,120.0,4,,"Centro histórico de Sevilla, Sevilla",Booking,Sevilla,th century sevillian
Apartamento Presidente 3,8.6,136.0,4,,"Los Remedios, Sevilla",Booking,Sevilla,presidente
Tulip,8.9,110.0,4,,"Centro histórico de Sevilla, Sevilla",Booking,Sevilla,tulip
Fray Isidoro Apartment,8.4,115.0,4,,"Macarena, Sevilla",Booking,Sevilla,fray isidoro
ISG apartments Puerta Jerez Sevilla 02,7.5,200.0,4,,"Centro histórico de Sevilla, Sevilla",Booking,Sevilla,isg puerta jerez
Marahome,5.9,113.0,0,,"Macarena, Sevilla",Booking,Sevilla,marahome
Sevilla San Bernardo apartamento,9.5,230.0,4,,"Nervión, Sevilla",Booking,Sevilla,san bernardo
Apartamentos Poemas & Rimas de Bécquer,9.0,182.0,4,,"Centro histórico de Sevilla, Sevilla",Booking,Sevilla,poemas & rimas becquer
Duque Center Premium Suites,8.1,183.0,4,,"Centro histórico de Sevilla, Sevilla",Booking,Sevilla,duque center premium
NEW! Luxurious & chic duplex next to the Cathedral,7.3,162.0,4,,"Centro histórico de Sevilla, Sevilla",Booking,Sevilla,new! luxurious & chic duplex next to the cathedral
Leon Centro Apartment,7.7,90.0,3,,"Centro histórico de Sevilla, Sevilla",Booking,Sevilla,leon centro
Serenity retreat at Seville - FREE parking,8.0,125.0,3,,"Centro histórico de Sevilla, Sevilla",Booking,Sevilla,serenity retreat at free parking
piso reformado 3 habitaciones,7.9,125.0,3,,"Macarena, Sevilla",Booking,Sevilla,piso reformado habitaciones
"Hotel Alfonso XIII, a Luxury Collection Hotel, Seville",9.1,533.0,5,,"Centro histórico de Sevilla, Sevilla",Booking,Sevilla,alfonso xiii a luxury collection
Siesta Andaluza,8.8,150.0,4,,"Centro histórico de Sevilla, Sevilla",Booking,Sevilla,siesta andaluza
Gavidia Center Premium Suites,8.1,183.0,4,,"Centro histórico de Sevilla, Sevilla",Booking,Sevilla,gavidia center premium
Tiny House El sol,9.0,95.0,3,,"Cerro - Amate, Sevilla",Booking,Sevilla,tiny house sol
Nice Apartment Centro Histórico,8.7,140.0,4,,"Centro histórico de Sevilla, Sevilla",Booking,Sevilla,nice centro historico
Loft acogedor,9.5,94.0,4,,"Bellavista - Palmera, Sevilla",Booking,Sevilla,loft acogedor
Sirena Center apartment,9.0,150.0,4,,"Centro histórico de Sevilla, Sevilla",Booking,Sevilla,sirena center
Duplex en Alfonso XII,10.0,123.0,4,,"Centro histórico de Sevilla, Sevilla",Booking,Sevilla,duplex
Apartmento Ópalo,,88.0,0,,Sevilla,Booking,Sevilla,o opalo
Apartamento Presidente 1,8.7,151.0,4,,"Los Remedios, Sevilla",Booking,Sevilla,presidente
Loft duplex Sevilla wall,8.7,143.0,4,,"Centro histórico de Sevilla, Sevilla",Booking,Sevilla,loft duplex wall
CASA DE ZALAMEA,9.0,198.0,4,,"Centro histórico de Sevilla, Sevilla",Booking,Sevilla,casa zalamea
Apartamento Orilla de Triana Luxury,9.5,144.0,4,,"Triana, Sevilla",Booking,Sevilla,orilla triana luxury
ISG Apartments Zaragoza-FREE PARKING,7.9,167.0,3,,"Centro histórico de Sevilla, Sevilla",Booking,Sevilla,isg free parking
Triana Historic Center,8.0,161.0,4,,"Triana, Sevilla",Booking,Sevilla,triana historic center
Patio Rialto Apartment,9.1,150.0,4,,"Centro histórico de Sevilla, Sevilla",Booking,Sevilla,patio rialto
Numa Seville Solea,8.8,189.0,4,,"Centro histórico de Sevilla, Sevilla",Booking,Sevilla,numa solea
Apartamento Reformado Parking gratis,7.4,115.0,3,,"Bellavista - Palmera, Sevilla",Booking,Sevilla,reformado parking gratis
Habitación Privada Centro Histórico,8.6,120.0,0,,"Centro histórico de Sevilla, Sevilla",Booking,Sevilla,habitacion privada centro historico
Tu hogar en Triana,,175.0,4,,"Triana, Sevilla",Booking,Sevilla,tu hogar
Global Adriano luxury 1,10.0,177.0,4,,"Centro histórico de Sevilla, Sevilla",Booking,Sevilla,global adriano luxury
Refugio Vanguardista Free parking,9.2,199.0,4,,"Centro histórico de Sevilla, Sevilla",Booking,Sevilla,refugio vanguardista free parking
ISG Apartments Encantador estudio en Alameda de Hércules,8.3,140.0,4,,"Centro histórico de Sevilla, Sevilla",Booking,Sevilla,isg encantador estudio
Remolars Sevilla,9.2,190.0,4,,"Centro histórico de Sevilla, Sevilla",Booking,Sevilla,remolars
El Rincón de Leandro by SHS,9.5,175.0,4,,"Centro histórico de Sevilla, Sevilla",Booking,Sevilla,rincon leandro
Resolana Home Sevilla!,8.3,201.0,4,,"Macarena, Sevilla",Booking,Sevilla,resolana home !
Piso en La Oliva bien comunicado,7.3,199.0,4,,"Sur, Sevilla",Booking,Sevilla,piso
ISG Apartments Esencia de Triana,8.0,209.0,4,,"Triana, Sevilla",Booking,Sevilla,isg esencia triana
Panther Home Triana Deluxe,8.5,181.0,4,,"Triana, Sevilla",Booking,Sevilla,panther home triana deluxe
"10 minutos centro Sevilla, moderno y con parking gratis",9.6,190.0,4,,"Nervión, Sevilla",Booking,Sevilla,minutos centro moderno con parking gratis
Apartamento cerca del aereopuerto,6.5,65.0,3,,"Este, Sevilla",Booking,Sevilla,cerca aereopuerto
calle harinas 23,6.8,169.0,3,,"Centro histórico de Sevilla, Sevilla",Booking,Sevilla,calle harinas
Enjoy Sevilla,8.2,177.0,3,,"San Pablo-Santa Justa, Sevilla",Booking,Sevilla,enjoy
Moderno Estudio Junto Al Río,8.4,180.0,4,,"Centro histórico de Sevilla, Sevilla",Booking,Sevilla,moderno estudio junto al rio
Juderia Center Premium Suites Free,8.4,183.0,4,,"Centro histórico de Sevilla, Sevilla",Booking,Sevilla,juderia center premium free
One&Lux Goyeneta Central Duplex with pool & patio,8.6,194.0,4,,"Centro histórico de Sevilla, Sevilla",Booking,Sevilla,one&lux goyeneta central duplex
Ático cielo de la Macarena,6.2,102.0,3,,"Macarena, Sevilla",Booking,Sevilla,atico cielo macarena
FastLatin Home Sevilla,4.5,56.0,3,,"Bellavista - Palmera, Sevilla",Booking,Sevilla,fastlatin home
Apartamento Aeropuerto Sevilla,9.6,166.0,4,,"Este, Sevilla",Booking,Sevilla,aeropuerto
La Alcazaba de Triana,9.2,170.0,4,,"Triana, Sevilla",Booking,Sevilla,alcazaba triana
ATICO CALERIA CON VISTAS A LA GIRALDA,8.1,110.0,4,,"Centro histórico de Sevilla, Sevilla",Booking,Sevilla,atico caleria con vistas a giralda
Iberflat Fabiola,8.5,198.0,4,,"Centro histórico de Sevilla, Sevilla",Booking,Sevilla,iberflat fabiola
Enjoy Sevilla Familia,7.6,202.0,3,,"San Pablo-Santa Justa, Sevilla",Booking,Sevilla,enjoy familia
Panther Home Alameda II,8.1,142.0,4,,"Centro histórico de Sevilla, Sevilla",Booking,Sevilla,panther home alameda ii
Numa Seville Jondo,9.1,171.0,4,,"Centro histórico de Sevilla, Sevilla",Booking,Sevilla,numa jondo
la casita del tiro de linea,8.0,225.0,4,,"Sur, Sevilla",Booking,Sevilla,casita tiro linea
Apartamento Celia,9.1,158.0,4,,"Macarena, Sevilla",Booking,Sevilla,celia
Apartamento de la Luz en exclusividad,8.1,183.0,0,,"Macarena, Sevilla",Booking,Sevilla,luz
Penthouse Asuncion Feria,9.1,195.0,4,,"Los Remedios, Sevilla",Booking,Sevilla,penthouse asuncion feria
Santa Isabel Low Cost Rooms in private house,6.3,145.0,0,,"Centro histórico de Sevilla, Sevilla",Booking,Sevilla,santa isabel low cost rooms in private house
La Casa del Corral Triana collection apartment,9.0,202.0,4,,"Triana, Sevilla",Booking,Sevilla,casa corral triana collection
City-center stay - AC comfort & fast WiFi,7.7,133.0,3,,"Centro histórico de Sevilla, Sevilla",Booking,Sevilla,city center stay ac comfort & fast wifi
180Home INTIMO APARTAMENTO EN CALLE SIERPES,8.0,195.0,0,,"Centro histórico de Sevilla, Sevilla",Booking,Sevilla,home intimo
Shared apartment! Piso compartido! Общая квартира!,7.2,,0,,"Sur, Sevilla",Booking,Sevilla,shared ! piso compartido! общая квартира!
Apartamento Presidente 4,8.8,151.0,4,,"Los Remedios, Sevilla",Booking,Sevilla,presidente
Tu rincón sevillano,8.8,100.0,4,,"Centro histórico de Sevilla, Sevilla",Booking,Sevilla,tu rincon no
Vista Corral del Conde,9.2,112.0,4,,"Centro histórico de Sevilla, Sevilla",Booking,Sevilla,vista corral conde
Lovely apt in the city center - 15m walk Giralda,7.4,124.0,3,,"Centro histórico de Sevilla, Sevilla",Booking,Sevilla,lovely apt in the city center m walk giralda
nervion,,160.0,0,,"Nervión, Sevilla",Booking,Sevilla,nervion
En el Corazón de Sevilla,8.7,220.0,4,,"Centro histórico de Sevilla, Sevilla",Booking,Sevilla,en corazon
#3# Apartamento BAÑERA HIDROMASAJE Sevilla Centro,7.8,175.0,3,,"Centro histórico de Sevilla, Sevilla",Booking,Sevilla,## bañera hidromasaje centro
JDC1C - Beautiful Apartment in Sevilla,8.3,200.0,4,,"Centro histórico de Sevilla, Sevilla",Booking,Sevilla,jdcc beautiful in
FAM Sevillian Apartment,9.6,190.0,0,,"Centro histórico de Sevilla, Sevilla",Booking,Sevilla,fam sevillian
Apartment in La Campana city centre of Seville,,116.0,0,,"Centro histórico de Sevilla, Sevilla",Booking,Sevilla,in campana city centre of
nQn Aparts & Suites Sevilla,9.5,248.0,4,,"Centro histórico de Sevilla, Sevilla",Booking,Sevilla,nqn aparts &
Giralda modern & luxury,7.3,149.0,3,,"Centro histórico de Sevilla, Sevilla",Booking,Sevilla,giralda modern & luxury
Apartamento Familiar,7.0,103.0,3,,"Este, Sevilla",Booking,Sevilla,familiar
NEW Gorgeous 2-Bed Apt in Seville Center,8.6,170.0,4,,"Centro histórico de Sevilla, Sevilla",Booking,Sevilla,new gorgeous bed apt in center
Apartamento acogedor y moderno en pleno centro de Sevilla con Parking Gratis,8.9,180.0,4,,"Centro histórico de Sevilla, Sevilla",Booking,Sevilla,acogedor moderno
Dalia modern & luxury,8.5,149.0,4,,"Centro histórico de Sevilla, Sevilla",Booking,Sevilla,dalia modern & luxury
Ático Campana Donkey Terraza privada,7.7,128.0,3,,"Centro histórico de Sevilla, Sevilla",Booking,Sevilla,atico campana donkey terraza privada
La Casa de Luis de Vargas,8.2,157.0,3,,"Centro histórico de Sevilla, Sevilla",Booking,Sevilla,casa luis vargas
Ritual Sevilla Santa Justa 2,8.0,199.0,4,,"San Pablo-Santa Justa, Sevilla",Booking,Sevilla,ritual santa justa
ISG Apartments Estudio en La Alameda 2,8.7,156.0,4,,"Centro histórico de Sevilla, Sevilla",Booking,Sevilla,isg estudio
Tourist House Trajano Terraza-Piscina,8.7,273.0,4,,"Centro histórico de Sevilla, Sevilla",Booking,Sevilla,tourist house trajano terraza piscina
San Lorenzo Collection Homes - Space Maison Apartments,8.4,152.0,4,,"Centro histórico de Sevilla, Sevilla",Booking,Sevilla,san lorenzo collection homes space maison
Numa Seville Molina,8.9,192.0,4,,"Centro histórico de Sevilla, Sevilla",Booking,Sevilla,numa molina
Apartamento Trajano Casco Antiguo,10.0,202.0,4,,"Centro histórico de Sevilla, Sevilla",Booking,Sevilla,trajano casco antiguo
BELLA VISTA Modern & Luxury,7.1,149.0,3,,"Centro histórico de Sevilla, Sevilla",Booking,Sevilla,bella vista modern & luxury
Dúplex Donkey Parking,8.2,130.0,4,,"Centro histórico de Sevilla, Sevilla",Booking,Sevilla,duplex donkey parking
Casa Pepita Gutiérrez,8.9,221.0,4,,"Centro histórico de Sevilla, Sevilla",Booking,Sevilla,casa pepita gutierrez
"HomeySeville-Precioso Apartamento San Juan de la Palma, Parking Optional",8.9,146.0,4,,"Centro histórico de Sevilla, Sevilla",Booking,Sevilla,homey precioso san juan palma parking optional
Apartamento industrial 1 dormitorio y garaje,9.1,134.0,4,,"Triana, Sevilla",Booking,Sevilla,industrial dormitorio garaje
ISG Apartments Precioso ático con terraza privada en el centro- FREE PARKING,7.9,181.0,3,,"Centro histórico de Sevilla, Sevilla",Booking,Sevilla,isg precioso atico con terraza privada
Encarnacion modern & luxury,7.5,149.0,3,,"Centro histórico de Sevilla, Sevilla",Booking,Sevilla,encarnacion modern & luxury
Precioso Apartamento en el corazon de Sevilla,9.0,235.0,4,,"Centro histórico de Sevilla, Sevilla",Booking,Sevilla,precioso
Estudio céntrico en Puñonrostro,9.0,135.0,4,,"Centro histórico de Sevilla, Sevilla",Booking,Sevilla,estudio centrico
"Apartamento céntrico en la calle Cruz Verde, 10",7.5,151.0,4,,"Centro histórico de Sevilla, Sevilla",Booking,Sevilla,centrico
Feria modern & luxury,7.6,149.0,3,,"Centro histórico de Sevilla, Sevilla",Booking,Sevilla,feria modern & luxury
LIAM STUDIO IN SEVILLA CENTRIC,7.7,90.0,0,,"Centro histórico de Sevilla, Sevilla",Booking,Sevilla,liam studio in centric
Casa amueblado,4.6,113.0,2,,"Cerro - Amate, Sevilla",Booking,Sevilla,casa amueblado
"Soleado, familiar, alegre y tranquilo a un paseo de la Catedral",9.6,231.0,4,,"Centro histórico de Sevilla, Sevilla",Booking,Sevilla,soleado familiar alegre tranquilo a un paseo catedral
180Home IDEAL PLAZA DEL SALVADOR,6.8,163.0,0,,"Centro histórico de Sevilla, Sevilla",Booking,Sevilla,home ideal plaza salvador
Luxury apartment in city center of seville,,137.0,4,,"Centro histórico de Sevilla, Sevilla",Booking,Sevilla,luxury in city center of
ISG Apartments Triana Estudio 2,8.4,167.0,4,,"Triana, Sevilla",Booking,Sevilla,isg triana estudio
Fino modern & luxury,6.7,149.0,3,,"Centro histórico de Sevilla, Sevilla",Booking,Sevilla,fino modern & luxury
HN El Palomar,8.4,202.0,4,,"Centro histórico de Sevilla, Sevilla",Booking,Sevilla,hn palomar
ISG Apartments Apartamento cerca de la Catedral,8.6,188.0,4,,"Centro histórico de Sevilla, Sevilla",Booking,Sevilla,isg cerca catedral
Tournet Triana,4.7,106.0,2,,"Triana, Sevilla",Booking,Sevilla,tournet triana
Magnífico Ático en frente de la Feria,9.5,216.0,4,,"Los Remedios, Sevilla",Booking,Sevilla,magnifico atico
Apto En Historico Patio Andaluz,10.0,191.0,4,,"Centro histórico de Sevilla, Sevilla",Booking,Sevilla,apto
Cozy apartment in a typical Sevillian patio house,8.9,132.0,3,,"Centro histórico de Sevilla, Sevilla",Booking,Sevilla,cozy in a typical sevillian patio house
Duplex apartment in the heart of the city,,145.0,0,,"Centro histórico de Sevilla, Sevilla",Booking,Sevilla,duplex in the heart of the city
Apartamentos Gravina 31,8.7,333.0,4,,"Centro histórico de Sevilla, Sevilla",Booking,Sevilla,gravina
Abba,8.2,77.0,4,,Sevilla,Booking,Sevilla,abba
Amicorum Parking,6.9,181.0,2,,"Nervión, Sevilla",Booking,Sevilla,amicorum parking
J&N Apartament La Palmera 1,6.8,125.0,3,,"Bellavista - Palmera, Sevilla",Booking,Sevilla,j&n apartament palmera
Lofty Justa,,207.0,3,,"San Pablo-Santa Justa, Sevilla",Booking,Sevilla,lofty justa
Don Fadrique Macarena,9.6,191.0,4,,"Macarena, Sevilla",Booking,Sevilla,don fadrique macarena
Rooftop maisonette with magnificent terrace,9.5,340.0,4,,"Centro histórico de Sevilla, Sevilla",Booking,Sevilla,rooftop maisonette
Moderno y Céntrico Apartamento,8.2,109.0,4,,"Centro histórico de Sevilla, Sevilla",Booking,Sevilla,moderno centrico
"Inmogestion Integral Rentals, Paraiso 4, Sevilla",9.4,319.0,4,,"Triana, Sevilla",Booking,Sevilla,inmogestion integral rentals paraiso
Dulce modern & luxury,7.9,149.0,4,,"Centro histórico de Sevilla, Sevilla",Booking,Sevilla,dulce modern & luxury
Charming apt in the center - 10m walk Isla Mágica,7.1,119.0,3,,"Centro histórico de Sevilla, Sevilla",Booking,Sevilla,charming apt in the center m walk isla magica
ISG Apartments Campana Free Parking,9.7,365.0,4,,"Centro histórico de Sevilla, Sevilla",Booking,Sevilla,isg campana free parking
Dumonde Parking,9.0,188.0,4,,"Centro histórico de Sevilla, Sevilla",Booking,Sevilla,dumonde parking
Tourist House Francos,8.9,333.0,4,,"Centro histórico de Sevilla, Sevilla",Booking,Sevilla,tourist house francos
ISG Apartments Casa Virginia-Alameda,9.1,156.0,4,,"Centro histórico de Sevilla, Sevilla",Booking,Sevilla,isg casa virginia alameda
Suite Seville Historic Center,9.5,145.0,4,,"Centro histórico de Sevilla, Sevilla",Booking,Sevilla,historic center
Ático duplex céntrico,,238.0,3,,"Centro histórico de Sevilla, Sevilla",Booking,Sevilla,atico duplex centrico
SevillaDream,6.5,980.0,0,,"Centro histórico de Sevilla, Sevilla",Booking,Sevilla,dream
Feria,9.2,205.0,4,,"Centro histórico de Sevilla, Sevilla",Booking,Sevilla,feria
Ritual Sevilla Santa Justa,9.6,199.0,4,,"San Pablo-Santa Justa, Sevilla",Booking,Sevilla,ritual santa justa
Luxury Rooftop - Space Maison Apartments,8.9,209.0,4,,"Centro histórico de Sevilla, Sevilla",Booking,Sevilla,luxury rooftop space maison
Alameda Ático A,9.0,81.0,0,,"Centro histórico de Sevilla, Sevilla",Booking,Sevilla,alameda atico a
Ático in City Center,,152.0,0,,"Centro histórico de Sevilla, Sevilla",Booking,Sevilla,atico in city center
Las Columnas de Hércules - Great location!,9.3,155.0,4,,"Centro histórico de Sevilla, Sevilla",Booking,Sevilla,las columnas hercules great location!
ISG Apartments Triana 1,8.9,190.0,4,,"Triana, Sevilla",Booking,Sevilla,isg triana
Oasis in the heart of Seville - 2 BR apt with FREE PARKING,8.6,200.0,4,,"Centro histórico de Sevilla, Sevilla",Booking,Sevilla,oasis in the heart of br apt
180Home GLAMUROSO APARTAMENTO EN LAS SETAS,6.0,175.0,3,,"Centro histórico de Sevilla, Sevilla",Booking,Sevilla,home glamuroso
Resitur Luxury Apartment 532,7.3,390.0,3,,"Triana, Sevilla",Booking,Sevilla,resitur luxury
Precioso piso en Sevilla,8.5,185.0,4,,"Centro histórico de Sevilla, Sevilla",Booking,Sevilla,precioso piso
habitacion acogedora con limpieza incluida- buena conexion,8.7,87.0,0,,"Macarena, Sevilla",Booking,Sevilla,habitacion acogedora con limpieza incluida buena conexion
"Estadio del Sevilla, 3 hab, 8 plazas y metro",8.4,450.0,4,,"Nervión, Sevilla",Booking,Sevilla,estadio hab plazas metro
MAR - Beautiful apartment with two bedrooms and two bathrooms,7.3,177.0,3,,"Centro histórico de Sevilla, Sevilla",Booking,Sevilla,mar beautiful
Hotel Boutique Casa del Limonero,9.9,406.0,2,,"Centro histórico de Sevilla, Sevilla",Booking,Sevilla,casa limonero
ISG Apartments Faustino 45-3,8.2,179.0,4,,"Centro histórico de Sevilla, Sevilla",Booking,Sevilla,isg faustino
"Mini Estudio JACUZZI DOBLE SEVILLA ""POLIGONO INDUSTRIAL""",4.9,184.0,0,,"Macarena Norte, Sevilla",Booking,Sevilla,"mini estudio jacuzzi doble ""poligono industrial"""
"3 Double Beds - Great Area, Perfect for Families",8.8,222.0,4,,"Los Remedios, Sevilla",Booking,Sevilla,double beds great area perfect for families
ALOJAMIENTO LANZA en el CORAZÓN DE SEVILLA,8.2,150.0,4,,"Centro histórico de Sevilla, Sevilla",Booking,Sevilla,alojamiento lanza
Descanso en Sevilla,9.2,88.0,4,,Sevilla,Booking,Sevilla,descanso
Tourist House San Eloy,8.5,336.0,4,,"Centro histórico de Sevilla, Sevilla",Booking,Sevilla,tourist house san eloy
HN Arrayan,6.4,175.0,3,,"Centro histórico de Sevilla, Sevilla",Booking,Sevilla,hn arrayan
Gran Plaza,,246.0,0,,Sevilla,Booking,Sevilla,gran plaza
Apartamento Faustino Alvarez,9.1,129.0,4,,"Centro histórico de Sevilla, Sevilla",Booking,Sevilla,faustino alvarez
Ático Corazón De Sevilla,5.0,205.0,4,,"Centro histórico de Sevilla, Sevilla",Booking,Sevilla,atico corazon
La Clara Domus,8.8,82.0,4,,Sevilla,Booking,Sevilla,clara domus
PuraSevilla apartments nº4,,164.0,4,,"Centro histórico de Sevilla, Sevilla",Booking,Sevilla,pura nº
Sevilla Centro Histórico Cerca Estación AVE,8.3,204.0,3,,"Centro histórico de Sevilla, Sevilla",Booking,Sevilla,centro historico cerca estacion ave
Casa de la Moneda Residences Sevilla,9.6,400.0,4,,"Centro histórico de Sevilla, Sevilla",Booking,Sevilla,casa moneda residences
Airbhouse prívate rooms & Triana,,162.0,0,,"Triana, Sevilla",Booking,Sevilla,airbhouse private rooms & triana
SF - Shiny Apartment in City Centre,7.7,214.0,3,,"Centro histórico de Sevilla, Sevilla",Booking,Sevilla,sf shiny in city centre
Piso Próximo Basílica Macarena,7.0,172.0,4,,"Macarena, Sevilla",Booking,Sevilla,piso proximo basilica macarena
"Sunny handmade home. WI-FI, a/c & free parking",9.2,158.0,4,,"San Pablo-Santa Justa, Sevilla",Booking,Sevilla,sunny handmade home. wi fi a/c & free parking
Violeta apartment with cozy balcony Sevilla,8.3,230.0,4,,"Triana, Sevilla",Booking,Sevilla,violeta
Enjoy Sevilla Resolana,,248.0,4,,"Macarena, Sevilla",Booking,Sevilla,enjoy resolana
Oak & Sandstone Studio - Space Maison Apartments,8.9,189.0,4,,"Centro histórico de Sevilla, Sevilla",Booking,Sevilla,oak & sandstone studio space maison
NEW Luxury and sunny 2BR apartment Premium Spot,8.8,213.0,4,,"Triana, Sevilla",Booking,Sevilla,new luxury and sunny br premium spot
Apartment Mosaic Giralda,8.5,203.0,4,,"Centro histórico de Sevilla, Sevilla",Booking,Sevilla,mosaic giralda
Ático 1 Terraza y sol en el Centro de Sevilla !!,9.5,200.0,4,,"Centro histórico de Sevilla, Sevilla",Booking,Sevilla,atico terraza sol
Elegant Suite,8.9,335.0,4,,"Centro histórico de Sevilla, Sevilla",Booking,Sevilla,elegant
A orillas del Guadalquivir,7.3,159.0,4,,"Centro histórico de Sevilla, Sevilla",Booking,Sevilla,a orillas guadalquivir
Piso en Sevilla Este,1.0,90.0,0,,"Este, Sevilla",Booking,Sevilla,piso
#4# Apartamento Familiar Sevilla Centro,7.4,249.0,3,,"Centro histórico de Sevilla, Sevilla",Booking,Sevilla,## familiar centro
Lanza Tranquilo y acogedor,,166.0,4,,"Centro histórico de Sevilla, Sevilla",Booking,Sevilla,lanza tranquilo acogedor
Whitey Aparment in Triana,7.2,308.0,3,,"Triana, Sevilla",Booking,Sevilla,whitey in triana
Apartamento Duplex Sevilla Centro,,247.0,4,,"Centro histórico de Sevilla, Sevilla",Booking,Sevilla,duplex centro
Numa Seville Prestigio,9.2,420.0,4,,"Centro histórico de Sevilla, Sevilla",Booking,Sevilla,numa prestigio
Estudio Sevilla Centro,6.9,175.0,3,,"Centro histórico de Sevilla, Sevilla",Booking,Sevilla,estudio centro
Bright Apartment in Seville with Private Garden,,535.0,4,,"Nervión, Sevilla",Booking,Sevilla,bright in
Mini Estudio Lovely Sevilla Centro,7.6,261.0,0,,"Centro histórico de Sevilla, Sevilla",Booking,Sevilla,mini estudio lovely centro
Tourist House Odonell,9.0,293.0,4,,"Centro histórico de Sevilla, Sevilla",Booking,Sevilla,tourist house odonell
ISG Apartments Family Stay San Marcos,10.0,866.0,4,,"Centro histórico de Sevilla, Sevilla",Booking,Sevilla,isg family stay san marcos
Amplio y luminoso Sevilla,5.0,208.0,4,,"Centro histórico de Sevilla, Sevilla",Booking,Sevilla,amplio luminoso
COPLA HOUSE Sevilla - Premium Experience para 12,9.7,695.0,0,,"Centro histórico de Sevilla, Sevilla",Booking,Sevilla,copla house premium experience para
Tourist House Casa Pilatos,8.2,560.0,4,,"Centro histórico de Sevilla, Sevilla",Booking,Sevilla,tourist house casa pilatos
Apart Sevilla Centro con piscina,4.8,190.0,0,,"Centro histórico de Sevilla, Sevilla",Booking,Sevilla,apart centro con piscina
Moderno Y Luminoso Calle Salado,6.0,228.0,4,,"Centro histórico de Sevilla, Sevilla",Booking,Sevilla,moderno luminoso calle salado
Estudio Castellar,5.1,224.0,0,,"Centro histórico de Sevilla, Sevilla",Booking,Sevilla,estudio castellar
Mini Estudio Sevilla Centro,5.9,179.0,3,,"Centro histórico de Sevilla, Sevilla",Booking,Sevilla,mini estudio centro
Acogedor piso en Los Remedios,,144.0,0,,"Triana, Sevilla",Booking,Sevilla,acogedor piso
El Torreón 1,8.8,65.0,4,,Sevilla,Booking,Sevilla,torreon
Loft Alameda De Hercules Sevilla,9.0,220.0,4,,"Centro histórico de Sevilla, Sevilla",Booking,Sevilla,loft alameda hercules
WakeUp Apartment,5.2,450.0,4,,"Centro histórico de Sevilla, Sevilla",Booking,Sevilla,wakeup
"Casa Rural Familiar , Castilleja del Campo , Sevilla",8.1,98.0,4,,Sevilla,Booking,Sevilla,casa rural familiar castilleja campo
Ático terraza privada Tetuán,9.2,391.0,4,,"Centro histórico de Sevilla, Sevilla",Booking,Sevilla,atico terraza privada tetuan
Brand-New 2BR Apt Near Center - FREE Parking,,257.0,0,,Sevilla,Booking,Sevilla,brand new br apt near center free parking
Tourist House Vidrio,8.0,405.0,4,,"Centro histórico de Sevilla, Sevilla",Booking,Sevilla,tourist house vidrio
Loft Candela Apartment,,360.0,4,,"Centro histórico de Sevilla, Sevilla",Booking,Sevilla,loft candela
Ático Penthouse Seville Terrace Dup,9.5,331.0,4,,"Centro histórico de Sevilla, Sevilla",Booking,Sevilla,atico penthouse terrace dup
La Casa de los Viajantes,6.1,405.0,3,,"Macarena, Sevilla",Booking,Sevilla,casa viajantes
la casa de las pergolas,9.0,600.0,0,,"Bellavista - Palmera, Sevilla",Booking,Sevilla,casa las pergolas
TreeTriana,8.5,491.0,4,,"Triana, Sevilla",Booking,Sevilla,treetriana
Center Sevilla Magdalena Premium,8.2,183.0,4,,"Centro histórico de Sevilla, Sevilla",Booking,Sevilla,center magdalena premium
Magnifica Ubicación,8.6,175.0,4,,"Cerro - Amate, Sevilla",Booking,Sevilla,magnifica ubicacion
5-Bedroom Gem in the Heart of Seville,10.0,360.0,0,,"Centro histórico de Sevilla, Sevilla",Booking,Sevilla,gem in the heart of
Ático dúplex en el centro de Sevilla,8.0,416.0,4,,"Centro histórico de Sevilla, Sevilla",Booking,Sevilla,atico duplex
Violeta loft B chill out Sevilla,7.6,250.0,3,,"Triana, Sevilla",Booking,Sevilla,violeta loft b chill out
Amazing Sevilla Apartamento,7.1,510.0,4,,"Centro histórico de Sevilla, Sevilla",Booking,Sevilla,amazing
Charming Apartment In Seville,,398.0,4,,"Centro histórico de Sevilla, Sevilla",Booking,Sevilla,charming in
Freedom Penthouse,,466.0,3,,"Centro histórico de Sevilla, Sevilla",Booking,Sevilla,freedom penthouse
Santa Clara Apartament,6.4,360.0,4,,"Centro histórico de Sevilla, Sevilla",Booking,Sevilla,santa clara apartament
La Naranja de Reina Mercedes,,460.0,4,,"Bellavista - Palmera, Sevilla",Booking,Sevilla,naranja reina mercedes
Resitur Luxury Suit 423,6.3,667.0,3,,"Triana, Sevilla",Booking,Sevilla,resitur luxury suit
Resitur Luxury Suit 2,6.7,710.0,3,,"Triana, Sevilla",Booking,Sevilla,resitur luxury suit
Resitur Luxury Apartment 114,6.4,640.0,3,,"Triana, Sevilla",Booking,Sevilla,resitur luxury
Sevilla próximo a Plaza de España,,932.0,0,,"Sur, Sevilla",Booking,Sevilla,proximo a plaza españa
Resitur Luxury Suit A,5.7,667.0,3,,"Triana, Sevilla",Booking,Sevilla,resitur luxury suit a
Resitur Luxury Apartment 113,5.5,640.0,2,,"Triana, Sevilla",Booking,Sevilla,resitur luxury
Apartamento Casa Callejón del Agua,9.2,496.0,4,,"Centro histórico de Sevilla, Sevilla",Booking,Sevilla,casa callejon agua
Campanilla n`28,9.3,170.0,4,,Sevilla,Booking,Sevilla,campanilla n`
Rabadan Brand New Amazing House with Terrace Parking,10.0,836.0,4,,"Centro histórico de Sevilla, Sevilla",Booking,Sevilla,rabadan brand new amazing house
Sierpes by Linin,8.9,712.0,4,,"Centro histórico de Sevilla, Sevilla",Booking,Sevilla,sierpes
Casa del Monte Sevilla,9.5,359.0,4,,Sevilla,Booking,Sevilla,casa monte
En CARRERA OFICIAL SEMANA SANTA,8.0,1.0,0,,"Centro histórico de Sevilla, Sevilla",Booking,Sevilla,en carrera oficial semana santa
Santo Copas,9.5,864.0,0,,"Centro histórico de Sevilla, Sevilla",Booking,Sevilla,santo copas
Tourist House Alfalfa,8.1,595.0,4,,"Centro histórico de Sevilla, Sevilla",Booking,Sevilla,tourist house alfalfa
Acogedora casa con piscina en el centro histórico,10.0,1.345,4,,"Centro histórico de Sevilla, Sevilla",Booking,Sevilla,acogedora casa con piscina
Fabled Parking,,687.0,3,,"Centro histórico de Sevilla, Sevilla",Booking,Sevilla,fabled parking
"Comfortable apartment in Seville, 65 m² with balcony",10.0,780.0,4,,"Triana, Sevilla",Booking,Sevilla,comfortable in m²
Belle Pop,,1.347,3,,"Centro histórico de Sevilla, Sevilla",Booking,Sevilla,belle pop
Orbyz,,1.791,4,,"Centro histórico de Sevilla, Sevilla",Booking,Sevilla,orbyz
Cortijo la amazona,9.6,1.001,4,,Sevilla,Booking,Sevilla,cortijo ama
Ático con piscina Sevilla Centro,,2.712,4,,"Centro histórico de Sevilla, Sevilla",Booking,Sevilla,atico con piscina centro
 JOY Plaza de Armas,4.3,19.0,0,,"Historical Center, Seville ·  0.93 km from city centre",Edreams,Sevilla,joy plaza armas
 Exe Sevilla Macarena,3.5,73.0,4,,"Distrito Macarena, Seville ·  1.95 km from city centre",Edreams,Sevilla,exe macarena
 Ibis Budget Sevilla Aeropuerto,3.7,55.0,1,,"Distrito Norte, Seville ·  4.51 km from city centre",Edreams,Sevilla,ibis budget aeropuerto
 Hotel Sevilla Center,4.2,98.0,4,,"Sur, Seville ·  1.20 km from city centre",Edreams,Sevilla,center
 Hotel Macià Sevilla Kubb,4.1,88.0,4,,"San Roque, Seville ·  0.90 km from city centre",Edreams,Sevilla,macià kubb
 Ibis Sevilla,4.0,61.0,1,,"Distrito Norte, Seville ·  4.39 km from city centre",Edreams,Sevilla,ibis
 Hotel Las Casas de la Judería,4.1,114.0,4,,"Historical Center, Seville ·  0.40 km from city centre",Edreams,Sevilla,las casas juderia
 Hotel Vértice Sevilla,3.9,79.0,4,,"Este-Alcosa-Torreblanca, Seville ·  6.32 km from city centre",Edreams,Sevilla,vertice
 San Pablo,3.7,77.0,3,,"Este-Alcosa-Torreblanca, Seville ·  6.08 km from city centre",Edreams,Sevilla,san pablo
 Catalonia Híspalis,3.5,63.0,3,,"Distrito Cerro-Amate, Seville ·  4.38 km from city centre",Edreams,Sevilla,catalonia hispalis
 Hilton Garden Inn Sevilla,4.3,76.0,4,,"Distrito Norte, Seville ·  4.98 km from city centre",Edreams,Sevilla,hilton garden inn
 Catalonia Santa Justa,4.1,90.0,4,,"Distrito San Pablo-Santa Justa, Seville ·  1.18 km from city centre",Edreams,Sevilla,catalonia santa justa
 Eurostars Torre Sevilla,4.0,117.0,5,,"Triana, Seville ·  1.72 km from city centre",Edreams,Sevilla,eurostars torre
 Hotel y Apartamentos Doña Lola,3.5,90.0,3,,"Historical Center, Seville ·  0.97 km from city centre",Edreams,Sevilla,doña lola
 Oasis Backpackers' Hostel Sevilla,4.3,30.0,3,,"Historical Center, Seville ·  0.67 km from city centre",Edreams,Sevilla,oasis backpackers'
 Melia Lebreros,4.1,118.0,4,,"La Buhaira, Seville ·  1.71 km from city centre",Edreams,Sevilla,melia lebreros
 Pasarela,3.3,65.0,4,,"Sur, Seville ·  1.23 km from city centre",Edreams,Sevilla,pasarela
 Virgen de los Reyes Hotel,4.0,94.0,4,,"Distrito San Pablo-Santa Justa, Seville ·  2.07 km from city centre",Edreams,Sevilla,virgen reyes
 Exe Isla Cartuja,3.2,85.0,4,,"Triana, Seville ·  3.48 km from city centre",Edreams,Sevilla,exe isla cartuja
 Ibis Styles Sevilla City Santa Justa,4.3,81.0,3,,"Huerta del Pilar, Seville ·  1.20 km from city centre",Edreams,Sevilla,ibis styles city santa justa
 Exe Sevilla Palmera,3.5,79.0,4,,"Bellavista-La Palmera, Seville ·  2.57 km from city centre",Edreams,Sevilla,exe palmera
 Catalonia Giralda Hotel,3.9,115.0,4,,"Historical Center, Seville ·  0.79 km from city centre",Edreams,Sevilla,catalonia giralda
 AC Hotel Sevilla Fórum by Marriott,3.5,84.0,4,,"Macarena Norte, Seville ·  4.76 km from city centre",Edreams,Sevilla,ac forum
 Becquer Hotel,4.5,139.0,4,,"Historical Center, Seville ·  0.79 km from city centre",Edreams,Sevilla,becquer
 Hostel One Catedral,4.6,19.0,2,,"Historical Center, Seville ·  0.18 km from city centre",Edreams,Sevilla,one catedral
 Hotel Fernando III,4.3,142.0,4,,"Historical Center, Seville ·  0.37 km from city centre",Edreams,Sevilla,fernando iii
 Hotel M.A. Sevilla Congresos,3.8,72.0,4,,"Este-Alcosa-Torreblanca, Seville ·  5.88 km from city centre",Edreams,Sevilla,m.a. congresos
 Hotel Giralda Center,4.7,114.0,4,,"Sur, Seville ·  0.98 km from city centre",Edreams,Sevilla,giralda center
 Casual de las Letras Sevilla Hotel,4.1,88.0,2,,"Historical Center, Seville ·  0.81 km from city centre",Edreams,Sevilla,casual las letras
 Novotel Sevilla,4.2,95.0,4,,"Sur, Seville ·  1.80 km from city centre",Edreams,Sevilla,novotel
 Hotel Sercotel Doña Carmela,4.0,69.0,3,,"Bellavista-La Palmera, Seville ·  6.95 km from city centre",Edreams,Sevilla,sercotel doña carmela
 Hotel San Gil Sevilla,3.7,94.0,4,,"Historical Center, Seville ·  1.74 km from city centre",Edreams,Sevilla,san gil
 NH Collection Sevilla,4.4,110.0,4,,"Sur, Seville ·  1.87 km from city centre",Edreams,Sevilla,nh collection
 Eurostars Al-Ándalus Palace,3.9,131.0,4,,"Bellavista-La Palmera, Seville ·  3.69 km from city centre",Edreams,Sevilla,eurostars al andalus palace
 Casa Romana Hotel Boutique,4.1,90.0,4,,"Historical Center, Seville ·  0.98 km from city centre",Edreams,Sevilla,casa romana
 Hotel Eurostars Regina,3.7,97.0,3,,"Historical Center, Seville ·  1.55 km from city centre",Edreams,Sevilla,eurostars regina
 Abba Sevilla,4.4,106.0,4,,"Historical Center, Seville ·  0.67 km from city centre",Edreams,Sevilla,abba
 Eurostars Guadalquivir,4.5,104.0,4,,"Los Remedios, Seville ·  1.25 km from city centre",Edreams,Sevilla,eurostars guadalquivir
 NH Sevilla Plaza de Armas,4.1,140.0,4,,"Historical Center, Seville ·  0.98 km from city centre",Edreams,Sevilla,nh plaza armas
 TOC Hostel Sevilla,4.5,29.0,2,,"Historical Center, Seville ·  0.27 km from city centre",Edreams,Sevilla,toc
 La Flamenka Hostel,4.4,26.0,2,,"Historical Center, Seville ·  0.75 km from city centre",Edreams,Sevilla,flamenka
 Rio Hostel,3.6,22.0,2,,"Historical Center, Seville ·  0.30 km from city centre",Edreams,Sevilla,rio
 Only YOU Hotel Sevilla,4.9,152.0,5,,"Distrito San Pablo-Santa Justa, Seville ·  1.58 km from city centre",Edreams,Sevilla,only you
 Eurostars Sevilla Boutique,4.1,165.0,4,,"Historical Center, Seville ·  0.10 km from city centre",Edreams,Sevilla,eurostars
 Hotel Doña Maria,3.9,193.0,4,,"Historical Center, Seville ·  0.03 km from city centre",Edreams,Sevilla,doña maria
 Room00 Salvador Hostel,3.8,28.0,2,,"Historical Center, Seville ·  0.62 km from city centre",Edreams,Sevilla,room salvador
 The Loft House Sevilla,5.0,40.0,3,,"Historical Center, Seville ·  0.72 km from city centre",Edreams,Sevilla,the loft house
 The Nomad Hostel,4.5,30.0,2,,"Historical Center, Seville ·  0.71 km from city centre",Edreams,Sevilla,the nomad
 U-Sense For You Hostel Sevilla,4.1,39.0,2,,"Historical Center, Seville ·  0.86 km from city centre",Edreams,Sevilla,u sense for you
 La Casa del Maestro Boutique,4.0,82.0,1,,"Historical Center, Seville ·  0.76 km from city centre",Edreams,Sevilla,casa maestro
 Pensión Javier,,42.0,2,,"Historical Center, Seville ·  0.43 km from city centre",Edreams,Sevilla,javier
 Hotel Simón,4.1,66.0,1,,"Historical Center, Seville ·  0.27 km from city centre",Edreams,Sevilla,simon
 Vincci La Rabida,4.2,189.0,4,,"Historical Center, Seville ·  0.49 km from city centre",Edreams,Sevilla,vincci rabida
 Hotel Palace Sevilla,3.7,109.0,4,,"Historical Center, Seville ·  0.79 km from city centre",Edreams,Sevilla,palace
 Itaca Sevilla,4.0,126.0,3,,"Historical Center, Seville ·  0.64 km from city centre",Edreams,Sevilla,itaca
 Apartamentos Puerta del Sur,,54.0,3,,"Bellavista-La Palmera, Seville ·  7.34 km from city centre",Edreams,Sevilla,puerta sur
 Apartamentos Vértice Bib Rambla,4.0,90.0,2,,"Este-Alcosa-Torreblanca, Seville ·  6.06 km from city centre",Edreams,Sevilla,vertice bib rambla
 Bellavista Sevilla,3.8,73.0,4,,"Bellavista-La Palmera, Seville ·  7.78 km from city centre",Edreams,Sevilla,bellavista
 Hoteles del Sur,,84.0,2,,"Historical Center, Seville ·  1.63 km from city centre",Edreams,Sevilla,sur
 Hesperia Sevilla,4.7,109.0,4,,"Sur, Seville ·  1.53 km from city centre",Edreams,Sevilla,hesperia
 Hotel Don Paco,3.7,93.0,3,,"Historical Center, Seville ·  0.87 km from city centre",Edreams,Sevilla,don paco
 Urban Cube Hostel Sevilla,3.7,39.0,0,,"San Roque, Seville ·  0.99 km from city centre",Edreams,Sevilla,urban cube
 Hotel Rey Alfonso X,4.4,193.0,4,,"Historical Center, Seville ·  0.35 km from city centre",Edreams,Sevilla,rey alfonso x
 Micampus Rector Estanislao del Campo - Students Residence,,59.0,3,,"Bellavista-La Palmera, Seville ·  3.53 km from city centre",Edreams,Sevilla,micampus rector estanislao campo students residence
 Room Select Tetuán,3.6,85.0,3,,"Historical Center, Seville ·  0.54 km from city centre",Edreams,Sevilla,room select tetuan
 Hotel Ateneo Sevilla,4.7,150.0,4,,"Historical Center, Seville ·  0.90 km from city centre",Edreams,Sevilla,ateneo
 La Central Sevilla,3.3,53.0,2,,"Historical Center, Seville ·  1.20 km from city centre",Edreams,Sevilla,central
 Barceló Sevilla Renacimiento,4.3,132.0,5,,"Triana, Seville ·  2.69 km from city centre",Edreams,Sevilla,barcelo renacimiento
 Hotel Patio de la Alameda,4.3,145.0,3,,"Historical Center, Seville ·  1.54 km from city centre",Edreams,Sevilla,patio alameda
 Itaca Artemisa by Soho Boutique,4.2,104.0,3,,"Historical Center, Seville ·  1.08 km from city centre",Edreams,Sevilla,itaca artemisa
 Hostel Ikigai,5.0,43.0,2,,"Los Remedios, Seville ·  1.12 km from city centre",Edreams,Sevilla,ikigai
 AC Hotel Ciudad de Sevilla by Marriott,3.7,177.0,4,,"Bellavista-La Palmera, Seville ·  2.57 km from city centre",Edreams,Sevilla,ac ciudad
 Hotel Goya,4.1,71.0,2,,"Historical Center, Seville ·  0.20 km from city centre",Edreams,Sevilla,goya
" Hotel Kivir Adults Recommended, Historic City Center",4.9,206.0,4,,"Historical Center, Seville ·  0.79 km from city centre",Edreams,Sevilla,kivir adults recommended historic city center
 Hotel Murillo,4.1,135.0,2,,"Historical Center, Seville ·  0.24 km from city centre",Edreams,Sevilla,murillo
 Hostel A2C - Adults Only,3.0,28.0,2,,"Historical Center, Seville ·  1.39 km from city centre",Edreams,Sevilla,ac
 Lux Sevilla Palacio,,80.0,3,,"Este-Alcosa-Torreblanca, Seville ·  5.68 km from city centre",Edreams,Sevilla,lux palacio
 Vincci Molviedro,4.8,187.0,4,,"Historical Center, Seville ·  0.58 km from city centre",Edreams,Sevilla,vincci molviedro
 Hotel Porcel Torneo,3.6,76.0,4,,"Macarena Norte, Seville ·  3.08 km from city centre",Edreams,Sevilla,porcel torneo
 Melia Sevilla,4.2,128.0,4,,"Sur, Seville ·  1.18 km from city centre",Edreams,Sevilla,melia
 Micampus Armendáriz - Students Residence,,71.0,3,,"Bellavista-La Palmera, Seville ·  3.52 km from city centre",Edreams,Sevilla,micampus armendariz students residence
 Mercer Plaza Sevilla 5 GL,4.9,270.0,5,,"Historical Center, Seville ·  0.28 km from city centre",Edreams,Sevilla,mercer plaza gl
 Hotel AACR Monteolivos,3.5,91.0,3,,"Distrito San Pablo-Santa Justa, Seville ·  2.02 km from city centre",Edreams,Sevilla,aacr monteolivos
 One Shot Conde Torrejón,4.1,115.0,4,,"Historical Center, Seville ·  1.21 km from city centre",Edreams,Sevilla,one shot conde torrejon
 Hotel Plaza,3.2,135.0,3,,"Historical Center, Seville ·  0.48 km from city centre",Edreams,Sevilla,plaza
 Albergue Inturjoven Sevilla - Hostel,3.0,73.0,2,,"Bellavista-La Palmera, Seville ·  2.47 km from city centre",Edreams,Sevilla,albergue inturjoven
 Hotel Monte Carmelo,4.6,102.0,4,,"Los Remedios, Seville ·  1.14 km from city centre",Edreams,Sevilla,monte carmelo
 Halo Boutique Hotel,4.4,143.0,4,,"Historical Center, Seville ·  0.22 km from city centre",Edreams,Sevilla,halo
 Noches en Triana,,81.0,3,,"Triana, Seville ·  1.23 km from city centre",Edreams,Sevilla,noches
 EME Catedral Mercer Hotel,3.9,225.0,5,,"Historical Center, Seville ·  0.10 km from city centre",Edreams,Sevilla,eme catedral mercer
 Hotel Convento La Gloria,3.8,127.0,3,,"Historical Center, Seville ·  0.16 km from city centre",Edreams,Sevilla,convento gloria
 Petit Palace Santa Cruz,4.3,160.0,4,,"Historical Center, Seville ·  0.34 km from city centre",Edreams,Sevilla,petit palace santa cruz
 Hotel AACR Museo,3.7,98.0,3,,"Historical Center, Seville ·  0.98 km from city centre",Edreams,Sevilla,aacr museo
 Monte Triana,4.5,114.0,4,,"Triana, Seville ·  1.41 km from city centre",Edreams,Sevilla,monte triana
 Hotel Palacio Alcázar,4.0,124.0,4,,"Historical Center, Seville ·  0.11 km from city centre",Edreams,Sevilla,palacio alcazar
" Los Seises Sevilla, a Tribute Portfolio Hotel",3.9,188.0,4,,"Historical Center, Seville ·  0.15 km from city centre",Edreams,Sevilla,seises a tribute portfolio
 U-Sense Sevilla Centro,4.6,111.0,3,,"Historical Center, Seville ·  0.17 km from city centre",Edreams,Sevilla,u sense centro
 Hotel Doña Lina,3.6,88.0,2,,"Historical Center, Seville ·  0.21 km from city centre",Edreams,Sevilla,doña lina
 Basic Hotel Puerta de Sevilla,4.2,115.0,1,,"Historical Center, Seville ·  0.46 km from city centre",Edreams,Sevilla,basic puerta
 Hotel Cervantes,3.7,179.0,4,,"Historical Center, Seville ·  1.03 km from city centre",Edreams,Sevilla,cervantes
 Querencia de Sevilla Autograph Collection,4.7,212.0,4,,"Historical Center, Seville ·  0.30 km from city centre",Edreams,Sevilla,querencia autograph collection
 Zenit Sevilla,4.1,117.0,4,,"Triana, Seville ·  1.16 km from city centre",Edreams,Sevilla,zenit
 Adriano Hotel Boutique Sevilla,4.6,139.0,3,,"Historical Center, Seville ·  0.47 km from city centre",Edreams,Sevilla,adriano
 Hotel Europa,4.1,106.0,1,,"Historical Center, Seville ·  0.35 km from city centre",Edreams,Sevilla,europa
 Petit Palace Marqués Santa Ana,4.3,162.0,4,,"Historical Center, Seville ·  0.32 km from city centre",Edreams,Sevilla,petit palace marques santa ana
 Hostal Sevilla Santa Justa,3.2,68.0,2,,"San Roque, Seville ·  1.02 km from city centre",Edreams,Sevilla,santa justa
 Limehome Sevilla Calle Torcuato Luca de Tena,,82.0,3,,"Bellavista-La Palmera, Seville ·  3.02 km from city centre",Edreams,Sevilla,limehome calle torcuato luca tena
 Futurotel Sevilla,,107.0,3,,"Los Remedios, Seville ·  0.95 km from city centre",Edreams,Sevilla,futurotel
 Hotel Posada del Lucero,4.5,209.0,4,,"Historical Center, Seville ·  0.77 km from city centre",Edreams,Sevilla,posada lucero
 Hotel Inglaterra Sevilla,4.1,174.0,4,,"Historical Center, Seville ·  0.46 km from city centre",Edreams,Sevilla,inglaterra
 Joya del Casco Boutique Hotel by Shiadu,4.9,179.0,4,,"Historical Center, Seville ·  0.19 km from city centre",Edreams,Sevilla,joya casco
 Sercotel Las Casas de los Mercaderes,4.1,159.0,3,,"Historical Center, Seville ·  0.34 km from city centre",Edreams,Sevilla,sercotel las casas mercaderes
" Hotel Cetina Casa de las Telas, Sevilla",4.8,113.0,4,,"Historical Center, Seville ·  0.57 km from city centre",Edreams,Sevilla,cetina casa las telas
 Hotel Un Patio al Sur,4.0,100.0,2,,"Historical Center, Seville ·  0.81 km from city centre",Edreams,Sevilla,un patio al sur
 Hotel Boutique Palacio Pinello,4.4,185.0,4,,"Historical Center, Seville ·  0.16 km from city centre",Edreams,Sevilla,palacio pinello
 Occidental Sevilla Viapol,4.5,105.0,4,,"Sur, Seville ·  1.48 km from city centre",Edreams,Sevilla,occidental viapol
 Intelier Casa de Indias Hotel,4.5,135.0,4,,"Historical Center, Seville ·  0.85 km from city centre",Edreams,Sevilla,intelier casa indias
 Slow Suites Setas,4.3,106.0,4,,"Historical Center, Seville ·  0.72 km from city centre",Edreams,Sevilla,slow setas
 Hospes Las Casas Del Rey De Baeza,4.4,206.0,4,,"Historical Center, Seville ·  0.76 km from city centre",Edreams,Sevilla,hospes las casas rey baeza
 Resitur,3.2,90.0,3,,"Triana, Seville ·  1.00 km from city centre",Edreams,Sevilla,resitur
 Holiday Rentals Tempa Museo,4.4,150.0,4,,"Historical Center, Seville ·  1.04 km from city centre",Edreams,Sevilla,holiday rentals tempa museo
 Basic Hotel Sevilla Catedral,4.7,138.0,1,,"Historical Center, Seville ·  0.25 km from city centre",Edreams,Sevilla,basic catedral
 Apartamentos Metrópolis Sevilla,4.1,99.0,3,,"Historical Center, Seville ·  1.30 km from city centre",Edreams,Sevilla,metropolis
 Alcázar de María,4.2,154.0,4,,"Historical Center, Seville ·  0.34 km from city centre",Edreams,Sevilla,alcazar maria
 Holiday Rentals Los Salados,4.2,135.0,4,,"Historical Center, Seville ·  1.19 km from city centre",Edreams,Sevilla,holiday rentals salados
 Soho Boutique Catedral,4.7,312.0,4,,"Historical Center, Seville ·  0.26 km from city centre",Edreams,Sevilla,soho catedral
 Basic Hotel Doña Manuela,4.3,123.0,2,,"Historical Center, Seville ·  0.45 km from city centre",Edreams,Sevilla,basic doña manuela
 Rey Don Pedro Luxury Home,4.6,140.0,4,,"Historical Center, Seville ·  0.35 km from city centre",Edreams,Sevilla,rey don pedro luxury home
 Slow Suites Salvador,5.0,111.0,2,,"Historical Center, Seville ·  0.51 km from city centre",Edreams,Sevilla,slow salvador
 Un Patio en Santa Cruz,3.8,110.0,2,,"Historical Center, Seville ·  0.39 km from city centre",Edreams,Sevilla,un patio
 Welldone Antiquarium,4.7,105.0,3,,"Historical Center, Seville ·  0.95 km from city centre",Edreams,Sevilla,welldone antiquarium
 Hotel Vincci Selección Unuk 5* GL,4.5,314.0,5,,"Historical Center, Seville ·  0.61 km from city centre",Edreams,Sevilla,vincci seleccion unuk gl
 Hotel Duquesa,3.3,113.0,2,,"Historical Center, Seville ·  0.87 km from city centre",Edreams,Sevilla,duquesa
 Hotel Boutique Casas de Santa Cruz,4.1,118.0,3,,"Historical Center, Seville ·  0.23 km from city centre",Edreams,Sevilla,casas santa cruz
" Radisson Collection Hotel, Magdalena Plaza Sevilla",4.6,318.0,5,,"Historical Center, Seville ·  0.69 km from city centre",Edreams,Sevilla,radisson collection magdalena plaza
 CoolRooms Palacio Villapanés 5 GL,4.7,309.0,5,,"Historical Center, Seville ·  0.78 km from city centre",Edreams,Sevilla,coolrooms palacio panes gl
 Las Casas de El Arenal,4.7,184.0,4,,"Historical Center, Seville ·  0.44 km from city centre",Edreams,Sevilla,las casas arenal
 Murillo,5.0,121.0,2,,"Historical Center, Seville ·  0.24 km from city centre",Edreams,Sevilla,murillo
 Cristine Bedfor Guest Houses Sevilla,,234.0,4,,"Historical Center, Seville ·  1.02 km from city centre",Edreams,Sevilla,cristine bedfor guest houses
 Hotel Boutique Elvira Plaza,4.2,148.0,4,,"Historical Center, Seville ·  0.20 km from city centre",Edreams,Sevilla,elvira plaza
 Hotel Boutique Casa del Poeta Sevilla,4.9,229.0,4,,"Historical Center, Seville ·  0.24 km from city centre",Edreams,Sevilla,casa poeta
 Hotel Doña Blanca,3.7,116.0,2,,"Historical Center, Seville ·  0.91 km from city centre",Edreams,Sevilla,doña blanca
 Hostal Casa Blanca,,81.0,3,,"Distrito Cerro-Amate, Seville ·  5.27 km from city centre",Edreams,Sevilla,casa blanca
 Catedral Boutique,3.1,105.0,1,,"Historical Center, Seville ·  0.19 km from city centre",Edreams,Sevilla,catedral
 Plácido y Grata,4.9,241.0,4,,"Historical Center, Seville ·  0.83 km from city centre",Edreams,Sevilla,placido grata
 Apartamentos Boutique Vida,3.8,143.0,3,,"Historical Center, Seville ·  0.25 km from city centre",Edreams,Sevilla,vida
 Soho Boutique Sevilla,4.5,185.0,3,,"Historical Center, Seville ·  0.86 km from city centre",Edreams,Sevilla,soho
 The Spot Central Hostel,4.0,87.0,3,,"Historical Center, Seville ·  0.43 km from city centre",Edreams,Sevilla,the spot central
 El Rey Moro Hotel Boutique,4.6,250.0,4,,"Historical Center, Seville ·  0.22 km from city centre",Edreams,Sevilla,rey moro
 Hotel Legado Magdalena,,208.0,4,,"Historical Center, Seville ·  0.75 km from city centre",Edreams,Sevilla,legado magdalena
 Hotel Baco Sevilla,3.5,129.0,2,,"Historical Center, Seville ·  0.86 km from city centre",Edreams,Sevilla,baco
 Hotel Colón Gran Meliá,4.6,290.0,5,,"Historical Center, Seville ·  0.79 km from city centre",Edreams,Sevilla,colon gran melia
 Hotel Boutique Triana House,4.9,165.0,3,,"Triana, Seville ·  0.90 km from city centre",Edreams,Sevilla,triana house
 Slow Suites Maestranza,3.1,110.0,3,,"Historical Center, Seville ·  0.61 km from city centre",Edreams,Sevilla,slow maestranza
 Casa ART Sevilla,4.5,210.0,4,,"Historical Center, Seville ·  0.08 km from city centre",Edreams,Sevilla,casa art
 Hotel Gravina 51,5.0,242.0,4,,"Historical Center, Seville ·  0.83 km from city centre",Edreams,Sevilla,gravina
 Casa Alhaja by Shiadu,4.8,151.0,3,,"Historical Center, Seville ·  0.16 km from city centre",Edreams,Sevilla,casa alhaja
 Cavalta Boutique Hotel – Small Luxury Hotel,4.9,252.0,5,,"Triana, Seville ·  1.56 km from city centre",Edreams,Sevilla,cavalta – small luxury
 Hostal Hom Museo,4.0,127.0,3,,"Historical Center, Seville ·  1.05 km from city centre",Edreams,Sevilla,hom museo
 Magno Apartments Clavellinas,,123.0,3,,"Historical Center, Seville ·  1.26 km from city centre",Edreams,Sevilla,magno clavellinas
 Mercer Residences Sevilla,,198.0,4,,"Historical Center, Seville ·  0.91 km from city centre",Edreams,Sevilla,mercer residences
 U-Sense Sevilla Catedral,,150.0,3,,"Historical Center, Seville ·  0.12 km from city centre",Edreams,Sevilla,u sense catedral
 Hotel Mercer Sevilla 5 GL,4.9,315.0,5,,"Historical Center, Seville ·  0.51 km from city centre",Edreams,Sevilla,mercer gl
 The Level at Melia Sevilla,4.4,199.0,4,,"Sur, Seville ·  1.19 km from city centre",Edreams,Sevilla,the level at melia
 Hotel Murillo Reinoso,,162.0,2,,"Historical Center, Seville ·  0.25 km from city centre",Edreams,Sevilla,murillo reinoso
 Legado Alcázar Hotel,4.8,212.0,4,,"Historical Center, Seville ·  0.34 km from city centre",Edreams,Sevilla,legado alcazar
 MDD4 Health Experience Hotel Sevilla - Adults Only,5.0,155.0,2,,"Historical Center, Seville ·  0.28 km from city centre",Edreams,Sevilla,mdd health experience
 Aquitania Home Suites,4.8,158.0,3,,"Historical Center, Seville ·  0.75 km from city centre",Edreams,Sevilla,aquitania home
 Vincci Molviedro Suites Apartments,4.9,275.0,4,,"Historical Center, Seville ·  0.56 km from city centre",Edreams,Sevilla,vincci molviedro
 Suites Murillo Plaza Sta Cruz,4.8,180.0,4,,"Historical Center, Seville ·  0.32 km from city centre",Edreams,Sevilla,murillo plaza sta cruz
 Iberflat Fabiola,,224.0,4,,"Historical Center, Seville ·  0.28 km from city centre",Edreams,Sevilla,iberflat fabiola
 Aguilas5 SevillaSuites,5.0,220.0,4,,"Historical Center, Seville ·  0.48 km from city centre",Edreams,Sevilla,aguilas
 Posada Pilatos,4.7,167.0,4,,"Historical Center, Seville ·  0.76 km from city centre",Edreams,Sevilla,posada pilatos
 Smartr Sevilla Las Dueñas,,176.0,2,,"Historical Center, Seville ·  0.99 km from city centre",Edreams,Sevilla,smartr las dueñas
 The Corner House,4.4,118.0,3,,"Historical Center, Seville ·  1.37 km from city centre",Edreams,Sevilla,the corner house
 The Boutike Guesthouse - Hostel,4.2,150.0,1,,"Historical Center, Seville ·  0.54 km from city centre",Edreams,Sevilla,the boutike
 Hotel Casa Palacio Don Ramón 5* GL by Kaizen Hoteles,4.8,378.0,5,,"Historical Center, Seville ·  0.89 km from city centre",Edreams,Sevilla,casa palacio don ramon gl
 Limehome Sevilla Ronda de Capuchinos,,136.0,3,,"Macarena, Seville ·  1.64 km from city centre",Edreams,Sevilla,limehome ronda capuchinos
 Hotel Boutique Corral del Rey by ALUZ Collection,4.8,163.0,3,,"Historical Center, Seville ·  0.33 km from city centre",Edreams,Sevilla,corral rey
 Limehome Sevilla Calle Granada,3.3,152.0,4,,"Historical Center, Seville ·  0.41 km from city centre",Edreams,Sevilla,limehome calle granada
 Suites Murillo Alcazar,4.8,180.0,4,,"Historical Center, Seville ·  0.22 km from city centre",Edreams,Sevilla,murillo alcazar
 Welldone Metropol,4.5,126.0,1,,"Historical Center, Seville ·  0.79 km from city centre",Edreams,Sevilla,welldone metropol
 Puerta Catedral Indias Lofts,4.6,236.0,4,,"Historical Center, Seville ·  0.22 km from city centre",Edreams,Sevilla,puerta catedral indias lofts
 Suites Murillo Catedral,4.7,162.0,4,,"Historical Center, Seville ·  0.15 km from city centre",Edreams,Sevilla,murillo catedral
 Hotel Lobby,4.6,327.0,5,,"Historical Center, Seville ·  0.81 km from city centre",Edreams,Sevilla,lobby
" Hotel Alfonso XIII, a Luxury Collection Hotel, Seville",4.5,962.0,5,,"Sur, Seville ·  0.47 km from city centre",Edreams,Sevilla,alfonso xiii a luxury collection
 Limehome Sevilla Calle Pureza,,171.0,3,,"Triana, Seville ·  0.80 km from city centre",Edreams,Sevilla,limehome calle pureza
 Apartamentos Los Ángeles,3.5,223.0,3,,"Historical Center, Seville ·  0.76 km from city centre",Edreams,Sevilla,angeles
 Overland Suites Catedral,4.7,185.0,4,,"Historical Center, Seville ·  0.20 km from city centre",Edreams,Sevilla,overland catedral
 Casa de Triana Luxury Suites by Casa del Poeta,4.8,291.0,4,,"Triana, Seville ·  0.78 km from city centre",Edreams,Sevilla,casa triana luxury
 Ocean Drive Sevilla,4.7,5.0,4,,"Historical Center, Seville ·  0.77 km from city centre",Edreams,Sevilla,ocean drive
